datetime,symbol,open,high,low,close,volume
2026-02-15 19:00:00,PEPPERSTONE:EURUSD,1.18754,1.18756,1.18665,1.18666,34.0
2026-02-15 19:05:00,PEPPERSTONE:EURUSD,1.18674,1.18683,1.1867,1.18681,53.0
2026-02-15 19:10:00,PEPPERSTONE:EURUSD,1.18682,1.18685,1.18671,1.18684,70.0
2026-02-15 19:15:00,PEPPERSTONE:EURUSD,1.18685,1.18687,1.18673,1.18676,55.0
2026-02-15 19:20:00,PEPPERSTONE:EURUSD,1.18676,1.1869,1.18662,1.18685,185.0
2026-02-15 19:25:00,PEPPERSTONE:EURUSD,1.18684,1.18699,1.18682,1.1869,67.0
2026-02-15 19:30:00,PEPPERSTONE:EURUSD,1.18691,1.18702,1.18689,1.18702,59.0
2026-02-15 19:35:00,PEPPERSTONE:EURUSD,1.18701,1.18702,1.187,1.18701,46.0
2026-02-15 19:40:00,PEPPERSTONE:EURUSD,1.18702,1.18702,1.18695,1.18698,82.0
2026-02-15 19:45:00,PEPPERSTONE:EURUSD,1.18696,1.18701,1.18694,1.18696,63.0
2026-02-15 19:50:00,PEPPERSTONE:EURUSD,1.18697,1.18698,1.18685,1.18687,104.0
2026-02-15 19:55:00,PEPPERSTONE:EURUSD,1.18688,1.18689,1.18685,1.18687,58.0
2026-02-15 20:00:00,PEPPERSTONE:EURUSD,1.18686,1.18708,1.18659,1.18663,506.0
2026-02-15 20:05:00,PEPPERSTONE:EURUSD,1.18665,1.18674,1.18651,1.18662,309.0
2026-02-15 20:10:00,PEPPERSTONE:EURUSD,1.18664,1.18681,1.18662,1.18674,411.0
2026-02-15 20:15:00,PEPPERSTONE:EURUSD,1.18672,1.18675,1.18649,1.1865,474.0
2026-02-15 20:20:00,PEPPERSTONE:EURUSD,1.18649,1.18653,1.18637,1.18648,368.0
2026-02-15 20:25:00,PEPPERSTONE:EURUSD,1.18656,1.18656,1.18641,1.1865,254.0
2026-02-15 20:30:00,PEPPERSTONE:EURUSD,1.18649,1.18661,1.1864,1.18646,320.0
2026-02-15 20:35:00,PEPPERSTONE:EURUSD,1.18648,1.18654,1.1864,1.18654,365.0
2026-02-15 20:40:00,PEPPERSTONE:EURUSD,1.18653,1.18664,1.18648,1.18659,313.0
2026-02-15 20:45:00,PEPPERSTONE:EURUSD,1.18658,1.18659,1.18628,1.18635,372.0
2026-02-15 20:50:00,PEPPERSTONE:EURUSD,1.18634,1.18648,1.18634,1.18638,333.0
2026-02-15 20:55:00,PEPPERSTONE:EURUSD,1.18636,1.18673,1.18633,1.18669,401.0
2026-02-15 21:00:00,PEPPERSTONE:EURUSD,1.18668,1.18673,1.18639,1.18645,569.0
2026-02-15 21:05:00,PEPPERSTONE:EURUSD,1.18646,1.18662,1.18639,1.18657,401.0
2026-02-15 21:10:00,PEPPERSTONE:EURUSD,1.18656,1.18663,1.18634,1.18637,458.0
2026-02-15 21:15:00,PEPPERSTONE:EURUSD,1.18638,1.18659,1.18632,1.18659,459.0
2026-02-15 21:20:00,PEPPERSTONE:EURUSD,1.18658,1.18672,1.18653,1.18671,322.0
2026-02-15 21:25:00,PEPPERSTONE:EURUSD,1.18672,1.18672,1.18617,1.18619,399.0
2026-02-15 21:30:00,PEPPERSTONE:EURUSD,1.18621,1.18635,1.18617,1.18627,474.0
2026-02-15 21:35:00,PEPPERSTONE:EURUSD,1.18625,1.18633,1.18614,1.18631,460.0
2026-02-15 21:40:00,PEPPERSTONE:EURUSD,1.1863,1.18647,1.18626,1.18647,455.0
2026-02-15 21:45:00,PEPPERSTONE:EURUSD,1.18646,1.18647,1.18639,1.18641,221.0
2026-02-15 21:50:00,PEPPERSTONE:EURUSD,1.18638,1.18654,1.18627,1.18637,515.0
2026-02-15 21:55:00,PEPPERSTONE:EURUSD,1.18635,1.18643,1.18608,1.18613,474.0
2026-02-15 22:00:00,PEPPERSTONE:EURUSD,1.18614,1.18625,1.18591,1.18616,544.0
2026-02-15 22:05:00,PEPPERSTONE:EURUSD,1.18615,1.18636,1.18601,1.18625,513.0
2026-02-15 22:10:00,PEPPERSTONE:EURUSD,1.18626,1.18645,1.18619,1.18639,743.0
2026-02-15 22:15:00,PEPPERSTONE:EURUSD,1.18636,1.1865,1.18613,1.18641,412.0
2026-02-15 22:20:00,PEPPERSTONE:EURUSD,1.18638,1.1865,1.18638,1.18645,256.0
2026-02-15 22:25:00,PEPPERSTONE:EURUSD,1.18646,1.18651,1.1864,1.1865,274.0
2026-02-15 22:30:00,PEPPERSTONE:EURUSD,1.1865,1.18664,1.18636,1.18645,317.0
2026-02-15 22:35:00,PEPPERSTONE:EURUSD,1.18646,1.18657,1.18626,1.18629,400.0
2026-02-15 22:40:00,PEPPERSTONE:EURUSD,1.1863,1.1864,1.18628,1.18639,237.0
2026-02-15 22:45:00,PEPPERSTONE:EURUSD,1.18638,1.18642,1.18633,1.18639,294.0
2026-02-15 22:50:00,PEPPERSTONE:EURUSD,1.1864,1.18641,1.18629,1.18631,388.0
2026-02-15 22:55:00,PEPPERSTONE:EURUSD,1.18631,1.18655,1.18629,1.18654,329.0
2026-02-15 23:00:00,PEPPERSTONE:EURUSD,1.18651,1.18671,1.18649,1.18666,332.0
2026-02-15 23:05:00,PEPPERSTONE:EURUSD,1.18665,1.18666,1.18639,1.18641,354.0
2026-02-15 23:10:00,PEPPERSTONE:EURUSD,1.18642,1.18643,1.18619,1.18629,315.0
2026-02-15 23:15:00,PEPPERSTONE:EURUSD,1.18627,1.18633,1.18617,1.18625,359.0
2026-02-15 23:20:00,PEPPERSTONE:EURUSD,1.18626,1.1865,1.18626,1.18646,355.0
2026-02-15 23:25:00,PEPPERSTONE:EURUSD,1.18647,1.18659,1.18635,1.18642,346.0
2026-02-15 23:30:00,PEPPERSTONE:EURUSD,1.18643,1.18658,1.18636,1.18655,352.0
2026-02-15 23:35:00,PEPPERSTONE:EURUSD,1.18654,1.18657,1.18642,1.18655,286.0
2026-02-15 23:40:00,PEPPERSTONE:EURUSD,1.18654,1.18655,1.18631,1.1864,311.0
2026-02-15 23:45:00,PEPPERSTONE:EURUSD,1.18641,1.18647,1.1863,1.1864,368.0
2026-02-15 23:50:00,PEPPERSTONE:EURUSD,1.1864,1.18664,1.18637,1.18657,297.0
2026-02-15 23:55:00,PEPPERSTONE:EURUSD,1.18657,1.18672,1.18654,1.18654,250.0
2026-02-16 00:00:00,PEPPERSTONE:EURUSD,1.18655,1.18657,1.18641,1.18642,390.0
2026-02-16 00:05:00,PEPPERSTONE:EURUSD,1.18643,1.18647,1.18637,1.18641,228.0
2026-02-16 00:10:00,PEPPERSTONE:EURUSD,1.1864,1.18676,1.18639,1.18672,236.0
2026-02-16 00:15:00,PEPPERSTONE:EURUSD,1.1867,1.1868,1.18669,1.18676,273.0
2026-02-16 00:20:00,PEPPERSTONE:EURUSD,1.18675,1.18691,1.18666,1.18689,298.0
2026-02-16 00:25:00,PEPPERSTONE:EURUSD,1.1869,1.1869,1.18666,1.18671,277.0
2026-02-16 00:30:00,PEPPERSTONE:EURUSD,1.18667,1.18678,1.18656,1.18669,304.0
2026-02-16 00:35:00,PEPPERSTONE:EURUSD,1.18668,1.18678,1.18658,1.18677,243.0
2026-02-16 00:40:00,PEPPERSTONE:EURUSD,1.18676,1.1868,1.18667,1.18675,254.0
2026-02-16 00:45:00,PEPPERSTONE:EURUSD,1.18674,1.1868,1.18648,1.18662,399.0
2026-02-16 00:50:00,PEPPERSTONE:EURUSD,1.18664,1.18671,1.18658,1.18671,377.0
2026-02-16 00:55:00,PEPPERSTONE:EURUSD,1.1867,1.18678,1.18663,1.18673,265.0
2026-02-16 01:00:00,PEPPERSTONE:EURUSD,1.18672,1.18678,1.1866,1.18678,222.0
2026-02-16 01:05:00,PEPPERSTONE:EURUSD,1.18679,1.18679,1.18659,1.18674,226.0
2026-02-16 01:10:00,PEPPERSTONE:EURUSD,1.18676,1.18683,1.18668,1.18668,223.0
2026-02-16 01:15:00,PEPPERSTONE:EURUSD,1.18669,1.18672,1.1866,1.18661,158.0
2026-02-16 01:20:00,PEPPERSTONE:EURUSD,1.1866,1.18665,1.18649,1.18664,268.0
2026-02-16 01:25:00,PEPPERSTONE:EURUSD,1.18663,1.18675,1.18662,1.18663,274.0
2026-02-16 01:30:00,PEPPERSTONE:EURUSD,1.18661,1.18668,1.18655,1.18655,227.0
2026-02-16 01:35:00,PEPPERSTONE:EURUSD,1.18653,1.18654,1.18625,1.18627,302.0
2026-02-16 01:40:00,PEPPERSTONE:EURUSD,1.18628,1.18637,1.18622,1.18624,298.0
2026-02-16 01:45:00,PEPPERSTONE:EURUSD,1.18623,1.18634,1.18622,1.18633,216.0
2026-02-16 01:50:00,PEPPERSTONE:EURUSD,1.18631,1.18633,1.18615,1.18617,351.0
2026-02-16 01:55:00,PEPPERSTONE:EURUSD,1.18618,1.18627,1.18611,1.18624,314.0
2026-02-16 02:00:00,PEPPERSTONE:EURUSD,1.18625,1.18636,1.18606,1.18615,415.0
2026-02-16 02:05:00,PEPPERSTONE:EURUSD,1.18613,1.1863,1.18613,1.18629,276.0
2026-02-16 02:10:00,PEPPERSTONE:EURUSD,1.1863,1.18638,1.18621,1.18621,226.0
2026-02-16 02:15:00,PEPPERSTONE:EURUSD,1.18622,1.18629,1.18619,1.18622,212.0
2026-02-16 02:20:00,PEPPERSTONE:EURUSD,1.18623,1.18627,1.18618,1.18626,200.0
2026-02-16 02:25:00,PEPPERSTONE:EURUSD,1.18627,1.18643,1.18626,1.18642,138.0
2026-02-16 02:30:00,PEPPERSTONE:EURUSD,1.18641,1.18642,1.18621,1.1863,168.0
2026-02-16 02:35:00,PEPPERSTONE:EURUSD,1.18627,1.18628,1.1862,1.18622,148.0
2026-02-16 02:40:00,PEPPERSTONE:EURUSD,1.18623,1.18624,1.18612,1.18624,205.0
2026-02-16 02:45:00,PEPPERSTONE:EURUSD,1.18623,1.18628,1.18622,1.18626,149.0
2026-02-16 02:50:00,PEPPERSTONE:EURUSD,1.18625,1.18639,1.18618,1.18638,202.0
2026-02-16 02:55:00,PEPPERSTONE:EURUSD,1.18639,1.18664,1.18639,1.18649,369.0
2026-02-16 03:00:00,PEPPERSTONE:EURUSD,1.18648,1.18654,1.18642,1.18651,251.0
2026-02-16 03:05:00,PEPPERSTONE:EURUSD,1.18652,1.18658,1.18638,1.18656,383.0
2026-02-16 03:10:00,PEPPERSTONE:EURUSD,1.18657,1.18665,1.18648,1.18663,273.0
2026-02-16 03:15:00,PEPPERSTONE:EURUSD,1.18662,1.18676,1.1866,1.1867,274.0
2026-02-16 03:20:00,PEPPERSTONE:EURUSD,1.18671,1.18672,1.18661,1.18661,316.0
2026-02-16 03:25:00,PEPPERSTONE:EURUSD,1.18662,1.18672,1.1866,1.18665,254.0
2026-02-16 03:30:00,PEPPERSTONE:EURUSD,1.18665,1.1869,1.18659,1.1868,311.0
2026-02-16 03:35:00,PEPPERSTONE:EURUSD,1.18679,1.18685,1.18675,1.18682,242.0
2026-02-16 03:40:00,PEPPERSTONE:EURUSD,1.18683,1.18702,1.18674,1.18702,385.0
2026-02-16 03:45:00,PEPPERSTONE:EURUSD,1.187,1.18703,1.1869,1.18696,354.0
2026-02-16 03:50:00,PEPPERSTONE:EURUSD,1.18697,1.187,1.18674,1.18674,365.0
2026-02-16 03:55:00,PEPPERSTONE:EURUSD,1.18676,1.1868,1.18658,1.18663,450.0
2026-02-16 04:00:00,PEPPERSTONE:EURUSD,1.18662,1.18665,1.18631,1.1864,608.0
2026-02-16 04:05:00,PEPPERSTONE:EURUSD,1.18639,1.18656,1.18633,1.18655,426.0
2026-02-16 04:10:00,PEPPERSTONE:EURUSD,1.18653,1.18656,1.18628,1.18646,446.0
2026-02-16 04:15:00,PEPPERSTONE:EURUSD,1.18645,1.18645,1.18627,1.1863,382.0
2026-02-16 04:20:00,PEPPERSTONE:EURUSD,1.18631,1.18643,1.18624,1.18639,304.0
2026-02-16 04:25:00,PEPPERSTONE:EURUSD,1.18638,1.18663,1.18637,1.18659,304.0
2026-02-16 04:30:00,PEPPERSTONE:EURUSD,1.18658,1.18664,1.18605,1.18611,420.0
2026-02-16 04:35:00,PEPPERSTONE:EURUSD,1.1861,1.18634,1.18609,1.18631,285.0
2026-02-16 04:40:00,PEPPERSTONE:EURUSD,1.18631,1.18655,1.18625,1.18647,345.0
2026-02-16 04:45:00,PEPPERSTONE:EURUSD,1.18646,1.18651,1.18633,1.18649,319.0
2026-02-16 04:50:00,PEPPERSTONE:EURUSD,1.18648,1.18651,1.18633,1.18636,412.0
2026-02-16 04:55:00,PEPPERSTONE:EURUSD,1.18635,1.18639,1.18605,1.18627,521.0
2026-02-16 05:00:00,PEPPERSTONE:EURUSD,1.1863,1.18686,1.18614,1.18686,654.0
2026-02-16 05:05:00,PEPPERSTONE:EURUSD,1.18681,1.18704,1.18645,1.18662,532.0
2026-02-16 05:10:00,PEPPERSTONE:EURUSD,1.18661,1.18664,1.18631,1.1864,602.0
2026-02-16 05:15:00,PEPPERSTONE:EURUSD,1.18635,1.18688,1.18634,1.1868,651.0
2026-02-16 05:20:00,PEPPERSTONE:EURUSD,1.18682,1.18684,1.18607,1.18617,582.0
2026-02-16 05:25:00,PEPPERSTONE:EURUSD,1.18619,1.18631,1.18578,1.1863,586.0
2026-02-16 05:30:00,PEPPERSTONE:EURUSD,1.18632,1.18634,1.18613,1.18625,581.0
2026-02-16 05:35:00,PEPPERSTONE:EURUSD,1.18626,1.18627,1.18574,1.18582,545.0
2026-02-16 05:40:00,PEPPERSTONE:EURUSD,1.18583,1.1863,1.18573,1.18626,549.0
2026-02-16 05:45:00,PEPPERSTONE:EURUSD,1.18625,1.18651,1.18625,1.18641,430.0
2026-02-16 05:50:00,PEPPERSTONE:EURUSD,1.18641,1.18647,1.18619,1.18636,414.0
2026-02-16 05:55:00,PEPPERSTONE:EURUSD,1.18637,1.18664,1.1862,1.18651,636.0
2026-02-16 06:00:00,PEPPERSTONE:EURUSD,1.18652,1.1868,1.18644,1.18679,578.0
2026-02-16 06:05:00,PEPPERSTONE:EURUSD,1.18678,1.18692,1.18637,1.18659,580.0
2026-02-16 06:10:00,PEPPERSTONE:EURUSD,1.18661,1.18678,1.18658,1.18676,345.0
2026-02-16 06:15:00,PEPPERSTONE:EURUSD,1.18677,1.18683,1.18663,1.18677,391.0
2026-02-16 06:20:00,PEPPERSTONE:EURUSD,1.18676,1.18678,1.18655,1.18664,364.0
2026-02-16 06:25:00,PEPPERSTONE:EURUSD,1.18665,1.18666,1.18655,1.18662,241.0
2026-02-16 06:30:00,PEPPERSTONE:EURUSD,1.18661,1.18663,1.18635,1.1864,439.0
2026-02-16 06:35:00,PEPPERSTONE:EURUSD,1.18638,1.18666,1.18636,1.1864,440.0
2026-02-16 06:40:00,PEPPERSTONE:EURUSD,1.18639,1.18652,1.18634,1.18646,474.0
2026-02-16 06:45:00,PEPPERSTONE:EURUSD,1.18647,1.18648,1.18621,1.18646,641.0
2026-02-16 06:50:00,PEPPERSTONE:EURUSD,1.18645,1.18659,1.18634,1.18649,466.0
2026-02-16 06:55:00,PEPPERSTONE:EURUSD,1.18647,1.18658,1.18641,1.18645,512.0
2026-02-16 07:00:00,PEPPERSTONE:EURUSD,1.18645,1.18669,1.18628,1.18632,568.0
2026-02-16 07:05:00,PEPPERSTONE:EURUSD,1.18632,1.18648,1.18618,1.1864,465.0
2026-02-16 07:10:00,PEPPERSTONE:EURUSD,1.1864,1.1865,1.18628,1.1865,495.0
2026-02-16 07:15:00,PEPPERSTONE:EURUSD,1.18649,1.18665,1.18647,1.18656,524.0
2026-02-16 07:20:00,PEPPERSTONE:EURUSD,1.18657,1.18667,1.18651,1.18661,362.0
2026-02-16 07:25:00,PEPPERSTONE:EURUSD,1.18661,1.18661,1.18626,1.1863,435.0
2026-02-16 07:30:00,PEPPERSTONE:EURUSD,1.18631,1.18667,1.18627,1.18666,470.0
2026-02-16 07:35:00,PEPPERSTONE:EURUSD,1.18665,1.18667,1.18646,1.18647,385.0
2026-02-16 07:40:00,PEPPERSTONE:EURUSD,1.18646,1.18661,1.18644,1.18658,333.0
2026-02-16 07:45:00,PEPPERSTONE:EURUSD,1.18659,1.18672,1.18651,1.18653,431.0
2026-02-16 07:50:00,PEPPERSTONE:EURUSD,1.18654,1.18672,1.18649,1.18671,403.0
2026-02-16 07:55:00,PEPPERSTONE:EURUSD,1.1867,1.18678,1.18652,1.18672,478.0
2026-02-16 08:00:00,PEPPERSTONE:EURUSD,1.18671,1.18673,1.18654,1.18656,438.0
2026-02-16 08:05:00,PEPPERSTONE:EURUSD,1.18657,1.18657,1.18632,1.18636,336.0
2026-02-16 08:10:00,PEPPERSTONE:EURUSD,1.18638,1.18652,1.18626,1.18652,428.0
2026-02-16 08:15:00,PEPPERSTONE:EURUSD,1.18655,1.1866,1.18645,1.1865,449.0
2026-02-16 08:20:00,PEPPERSTONE:EURUSD,1.18651,1.18651,1.18632,1.18638,430.0
2026-02-16 08:25:00,PEPPERSTONE:EURUSD,1.18639,1.18653,1.18631,1.18643,377.0
2026-02-16 08:30:00,PEPPERSTONE:EURUSD,1.18644,1.18646,1.18632,1.18636,414.0
2026-02-16 08:35:00,PEPPERSTONE:EURUSD,1.18635,1.18639,1.18625,1.18638,332.0
2026-02-16 08:40:00,PEPPERSTONE:EURUSD,1.18637,1.18643,1.18622,1.18625,306.0
2026-02-16 08:45:00,PEPPERSTONE:EURUSD,1.18624,1.18636,1.18608,1.18616,398.0
2026-02-16 08:50:00,PEPPERSTONE:EURUSD,1.18615,1.18626,1.18599,1.18622,447.0
2026-02-16 08:55:00,PEPPERSTONE:EURUSD,1.18621,1.18634,1.1861,1.18614,409.0
2026-02-16 09:00:00,PEPPERSTONE:EURUSD,1.18616,1.18632,1.18609,1.18622,414.0
2026-02-16 09:05:00,PEPPERSTONE:EURUSD,1.18623,1.18632,1.18613,1.18616,472.0
2026-02-16 09:10:00,PEPPERSTONE:EURUSD,1.18616,1.18626,1.18606,1.18606,399.0
2026-02-16 09:15:00,PEPPERSTONE:EURUSD,1.18605,1.18607,1.1858,1.18585,520.0
2026-02-16 09:20:00,PEPPERSTONE:EURUSD,1.18586,1.18588,1.18564,1.18571,321.0
2026-02-16 09:25:00,PEPPERSTONE:EURUSD,1.18572,1.18581,1.18554,1.18579,348.0
2026-02-16 09:30:00,PEPPERSTONE:EURUSD,1.18579,1.18579,1.18554,1.18568,341.0
2026-02-16 09:35:00,PEPPERSTONE:EURUSD,1.18567,1.18567,1.1855,1.18562,360.0
2026-02-16 09:40:00,PEPPERSTONE:EURUSD,1.18563,1.18566,1.18554,1.18556,328.0
2026-02-16 09:45:00,PEPPERSTONE:EURUSD,1.18556,1.18558,1.18526,1.18545,380.0
2026-02-16 09:50:00,PEPPERSTONE:EURUSD,1.18547,1.18551,1.18523,1.18532,361.0
2026-02-16 09:55:00,PEPPERSTONE:EURUSD,1.18533,1.18534,1.185,1.18534,588.0
2026-02-16 10:00:00,PEPPERSTONE:EURUSD,1.18531,1.18569,1.18531,1.18565,564.0
2026-02-16 10:05:00,PEPPERSTONE:EURUSD,1.18564,1.18569,1.18541,1.18547,539.0
2026-02-16 10:10:00,PEPPERSTONE:EURUSD,1.18546,1.18548,1.1852,1.18521,390.0
2026-02-16 10:15:00,PEPPERSTONE:EURUSD,1.18521,1.18527,1.18506,1.18521,458.0
2026-02-16 10:20:00,PEPPERSTONE:EURUSD,1.1852,1.18525,1.18493,1.18522,383.0
2026-02-16 10:25:00,PEPPERSTONE:EURUSD,1.18521,1.18522,1.18501,1.18501,453.0
2026-02-16 10:30:00,PEPPERSTONE:EURUSD,1.185,1.1853,1.18492,1.18515,375.0
2026-02-16 10:35:00,PEPPERSTONE:EURUSD,1.18513,1.18526,1.18501,1.18515,403.0
2026-02-16 10:40:00,PEPPERSTONE:EURUSD,1.18518,1.18524,1.18503,1.18516,385.0
2026-02-16 10:45:00,PEPPERSTONE:EURUSD,1.18518,1.18561,1.18516,1.18561,522.0
2026-02-16 10:50:00,PEPPERSTONE:EURUSD,1.1856,1.18575,1.18544,1.18547,492.0
2026-02-16 10:55:00,PEPPERSTONE:EURUSD,1.18549,1.18562,1.18534,1.18546,320.0
2026-02-16 11:00:00,PEPPERSTONE:EURUSD,1.18545,1.18574,1.18544,1.18572,449.0
2026-02-16 11:05:00,PEPPERSTONE:EURUSD,1.18573,1.18599,1.1857,1.18594,408.0
2026-02-16 11:10:00,PEPPERSTONE:EURUSD,1.18592,1.18602,1.18586,1.18598,456.0
2026-02-16 11:15:00,PEPPERSTONE:EURUSD,1.18597,1.18599,1.18575,1.18584,427.0
2026-02-16 11:20:00,PEPPERSTONE:EURUSD,1.18585,1.18608,1.18572,1.18601,445.0
2026-02-16 11:25:00,PEPPERSTONE:EURUSD,1.18602,1.18627,1.18588,1.18617,429.0
2026-02-16 11:30:00,PEPPERSTONE:EURUSD,1.18618,1.18637,1.18602,1.1861,507.0
2026-02-16 11:35:00,PEPPERSTONE:EURUSD,1.1861,1.18613,1.1855,1.18578,558.0
2026-02-16 11:40:00,PEPPERSTONE:EURUSD,1.18576,1.1858,1.1854,1.18545,520.0
2026-02-16 11:45:00,PEPPERSTONE:EURUSD,1.18546,1.18559,1.18533,1.18559,583.0
2026-02-16 11:50:00,PEPPERSTONE:EURUSD,1.18557,1.18562,1.1853,1.18536,443.0
2026-02-16 11:55:00,PEPPERSTONE:EURUSD,1.18537,1.18567,1.18533,1.18563,733.0
2026-02-16 12:00:00,PEPPERSTONE:EURUSD,1.18562,1.18572,1.18548,1.18554,569.0
2026-02-16 12:05:00,PEPPERSTONE:EURUSD,1.18553,1.18563,1.1854,1.1855,515.0
2026-02-16 12:10:00,PEPPERSTONE:EURUSD,1.18552,1.18562,1.18541,1.18545,405.0
2026-02-16 12:15:00,PEPPERSTONE:EURUSD,1.18544,1.18559,1.18533,1.18536,446.0
2026-02-16 12:20:00,PEPPERSTONE:EURUSD,1.18537,1.18549,1.18533,1.18538,449.0
2026-02-16 12:25:00,PEPPERSTONE:EURUSD,1.18537,1.1855,1.18534,1.18545,358.0
2026-02-16 12:30:00,PEPPERSTONE:EURUSD,1.18544,1.18557,1.18536,1.18538,431.0
2026-02-16 12:35:00,PEPPERSTONE:EURUSD,1.18539,1.18567,1.18537,1.18549,400.0
2026-02-16 12:40:00,PEPPERSTONE:EURUSD,1.1855,1.1856,1.18529,1.18552,402.0
2026-02-16 12:45:00,PEPPERSTONE:EURUSD,1.18551,1.18553,1.18535,1.18537,397.0
2026-02-16 12:50:00,PEPPERSTONE:EURUSD,1.18535,1.18546,1.18506,1.18538,456.0
2026-02-16 12:55:00,PEPPERSTONE:EURUSD,1.18539,1.18547,1.18534,1.18539,536.0
2026-02-16 13:00:00,PEPPERSTONE:EURUSD,1.1854,1.18549,1.18521,1.18538,847.0
2026-02-16 13:05:00,PEPPERSTONE:EURUSD,1.18536,1.18565,1.18535,1.18555,439.0
2026-02-16 13:10:00,PEPPERSTONE:EURUSD,1.18556,1.18567,1.18553,1.18561,493.0
2026-02-16 13:15:00,PEPPERSTONE:EURUSD,1.18561,1.18562,1.18511,1.1852,419.0
2026-02-16 13:20:00,PEPPERSTONE:EURUSD,1.18521,1.18544,1.1852,1.18535,264.0
2026-02-16 13:25:00,PEPPERSTONE:EURUSD,1.18534,1.18544,1.18529,1.18531,328.0
2026-02-16 13:30:00,PEPPERSTONE:EURUSD,1.1853,1.1854,1.18525,1.18525,277.0
2026-02-16 13:35:00,PEPPERSTONE:EURUSD,1.18526,1.18544,1.18526,1.18541,242.0
2026-02-16 13:40:00,PEPPERSTONE:EURUSD,1.1854,1.18548,1.18539,1.1854,227.0
2026-02-16 13:45:00,PEPPERSTONE:EURUSD,1.1854,1.18545,1.18506,1.18518,331.0
2026-02-16 13:50:00,PEPPERSTONE:EURUSD,1.18517,1.18517,1.18463,1.18494,558.0
2026-02-16 13:55:00,PEPPERSTONE:EURUSD,1.18495,1.18527,1.18483,1.18518,312.0
2026-02-16 14:00:00,PEPPERSTONE:EURUSD,1.18519,1.18534,1.18514,1.18522,281.0
2026-02-16 14:05:00,PEPPERSTONE:EURUSD,1.1852,1.18536,1.18515,1.18532,257.0
2026-02-16 14:10:00,PEPPERSTONE:EURUSD,1.18531,1.18532,1.18508,1.18509,206.0
2026-02-16 14:15:00,PEPPERSTONE:EURUSD,1.18508,1.18518,1.18496,1.18498,237.0
2026-02-16 14:20:00,PEPPERSTONE:EURUSD,1.18497,1.18507,1.1849,1.18493,229.0
2026-02-16 14:25:00,PEPPERSTONE:EURUSD,1.18491,1.18496,1.18489,1.18492,283.0
2026-02-16 14:30:00,PEPPERSTONE:EURUSD,1.18493,1.18501,1.18489,1.18501,163.0
2026-02-16 14:35:00,PEPPERSTONE:EURUSD,1.185,1.18501,1.18483,1.18486,199.0
2026-02-16 14:40:00,PEPPERSTONE:EURUSD,1.18485,1.18488,1.18465,1.18478,246.0
2026-02-16 14:45:00,PEPPERSTONE:EURUSD,1.18476,1.18477,1.18466,1.18466,169.0
2026-02-16 14:50:00,PEPPERSTONE:EURUSD,1.18465,1.18488,1.18463,1.18486,185.0
2026-02-16 14:55:00,PEPPERSTONE:EURUSD,1.18484,1.18495,1.18481,1.18481,186.0
2026-02-16 15:00:00,PEPPERSTONE:EURUSD,1.1848,1.18498,1.1848,1.18486,212.0
2026-02-16 15:05:00,PEPPERSTONE:EURUSD,1.18487,1.18495,1.18484,1.18493,150.0
2026-02-16 15:10:00,PEPPERSTONE:EURUSD,1.18492,1.18499,1.18492,1.18496,120.0
2026-02-16 15:15:00,PEPPERSTONE:EURUSD,1.18495,1.18497,1.18484,1.18488,176.0
2026-02-16 15:20:00,PEPPERSTONE:EURUSD,1.18489,1.18495,1.18489,1.18493,157.0
2026-02-16 15:25:00,PEPPERSTONE:EURUSD,1.18494,1.18494,1.18484,1.18485,117.0
2026-02-16 15:30:00,PEPPERSTONE:EURUSD,1.18486,1.18498,1.18482,1.18493,117.0
2026-02-16 15:35:00,PEPPERSTONE:EURUSD,1.18494,1.18501,1.18492,1.18499,139.0
2026-02-16 15:40:00,PEPPERSTONE:EURUSD,1.185,1.18512,1.18498,1.18509,168.0
2026-02-16 15:45:00,PEPPERSTONE:EURUSD,1.18507,1.18508,1.18496,1.18502,132.0
2026-02-16 15:50:00,PEPPERSTONE:EURUSD,1.18503,1.18508,1.18498,1.18504,104.0
2026-02-16 15:55:00,PEPPERSTONE:EURUSD,1.18505,1.18509,1.18493,1.18495,145.0
2026-02-16 16:00:00,PEPPERSTONE:EURUSD,1.18496,1.18518,1.1849,1.18515,178.0
2026-02-16 16:05:00,PEPPERSTONE:EURUSD,1.18514,1.18517,1.18505,1.1851,131.0
2026-02-16 16:10:00,PEPPERSTONE:EURUSD,1.18511,1.18523,1.18511,1.18522,122.0
2026-02-16 16:15:00,PEPPERSTONE:EURUSD,1.18521,1.18524,1.18519,1.1852,132.0
2026-02-16 16:20:00,PEPPERSTONE:EURUSD,1.18519,1.18522,1.18518,1.18522,133.0
2026-02-16 16:25:00,PEPPERSTONE:EURUSD,1.18522,1.18523,1.18518,1.1852,147.0
2026-02-16 16:30:00,PEPPERSTONE:EURUSD,1.18521,1.18531,1.18521,1.18523,148.0
2026-02-16 16:35:00,PEPPERSTONE:EURUSD,1.18522,1.18533,1.18521,1.1853,86.0
2026-02-16 16:40:00,PEPPERSTONE:EURUSD,1.18529,1.18532,1.18518,1.18521,78.0
2026-02-16 16:45:00,PEPPERSTONE:EURUSD,1.18522,1.18527,1.1852,1.18526,71.0
2026-02-16 16:50:00,PEPPERSTONE:EURUSD,1.18527,1.18529,1.18525,1.18526,116.0
2026-02-16 16:55:00,PEPPERSTONE:EURUSD,1.18527,1.18543,1.18523,1.18542,219.0
2026-02-16 17:00:00,PEPPERSTONE:EURUSD,1.18541,1.18547,1.18532,1.18532,140.0
2026-02-16 17:05:00,PEPPERSTONE:EURUSD,1.18533,1.18533,1.18526,1.18528,151.0
2026-02-16 17:10:00,PEPPERSTONE:EURUSD,1.18528,1.18539,1.18527,1.18538,131.0
2026-02-16 17:15:00,PEPPERSTONE:EURUSD,1.18537,1.18542,1.18534,1.1854,119.0
2026-02-16 17:20:00,PEPPERSTONE:EURUSD,1.18541,1.18542,1.18535,1.18538,169.0
2026-02-16 17:25:00,PEPPERSTONE:EURUSD,1.18539,1.18549,1.18537,1.18547,197.0
2026-02-16 17:30:00,PEPPERSTONE:EURUSD,1.18548,1.18552,1.18545,1.1855,206.0
2026-02-16 17:35:00,PEPPERSTONE:EURUSD,1.18551,1.18552,1.1854,1.18543,94.0
2026-02-16 17:40:00,PEPPERSTONE:EURUSD,1.18541,1.18542,1.18532,1.18541,110.0
2026-02-16 17:45:00,PEPPERSTONE:EURUSD,1.18542,1.18546,1.1854,1.18546,96.0
2026-02-16 17:50:00,PEPPERSTONE:EURUSD,1.18544,1.18546,1.18542,1.18544,120.0
2026-02-16 17:55:00,PEPPERSTONE:EURUSD,1.18545,1.18546,1.18535,1.18536,164.0
2026-02-16 18:00:00,PEPPERSTONE:EURUSD,1.18537,1.18539,1.18529,1.18532,114.0
2026-02-16 18:05:00,PEPPERSTONE:EURUSD,1.18533,1.1854,1.18531,1.18537,92.0
2026-02-16 18:10:00,PEPPERSTONE:EURUSD,1.18537,1.18543,1.18537,1.18538,57.0
2026-02-16 18:15:00,PEPPERSTONE:EURUSD,1.18538,1.1854,1.18531,1.18534,94.0
2026-02-16 18:20:00,PEPPERSTONE:EURUSD,1.18533,1.18537,1.18533,1.18534,39.0
2026-02-16 18:25:00,PEPPERSTONE:EURUSD,1.18534,1.18538,1.18533,1.18536,91.0
2026-02-16 18:30:00,PEPPERSTONE:EURUSD,1.18535,1.18536,1.18524,1.18525,112.0
2026-02-16 18:35:00,PEPPERSTONE:EURUSD,1.18524,1.18526,1.18521,1.18521,76.0
2026-02-16 18:40:00,PEPPERSTONE:EURUSD,1.18521,1.18521,1.18512,1.18512,138.0
2026-02-16 18:45:00,PEPPERSTONE:EURUSD,1.18513,1.18519,1.18503,1.18504,218.0
2026-02-16 18:50:00,PEPPERSTONE:EURUSD,1.18504,1.18511,1.18503,1.18511,116.0
2026-02-16 18:55:00,PEPPERSTONE:EURUSD,1.18509,1.18519,1.18506,1.18517,183.0
2026-02-16 19:00:00,PEPPERSTONE:EURUSD,1.18485,1.18491,1.18485,1.1849,10.0
2026-02-16 19:05:00,PEPPERSTONE:EURUSD,1.18504,1.18508,1.18502,1.18505,43.0
2026-02-16 19:10:00,PEPPERSTONE:EURUSD,1.18506,1.18512,1.18504,1.18508,40.0
2026-02-16 19:15:00,PEPPERSTONE:EURUSD,1.18507,1.18509,1.18506,1.18506,20.0
2026-02-16 19:20:00,PEPPERSTONE:EURUSD,1.18507,1.18508,1.18503,1.18506,61.0
2026-02-16 19:25:00,PEPPERSTONE:EURUSD,1.18507,1.18507,1.18504,1.18506,20.0
2026-02-16 19:30:00,PEPPERSTONE:EURUSD,1.18506,1.18508,1.18497,1.18508,49.0
2026-02-16 19:35:00,PEPPERSTONE:EURUSD,1.18499,1.18507,1.18495,1.18504,60.0
2026-02-16 19:40:00,PEPPERSTONE:EURUSD,1.18505,1.18509,1.18504,1.18505,18.0
2026-02-16 19:45:00,PEPPERSTONE:EURUSD,1.18505,1.18507,1.18503,1.18504,77.0
2026-02-16 19:50:00,PEPPERSTONE:EURUSD,1.18505,1.18508,1.18503,1.18505,91.0
2026-02-16 19:55:00,PEPPERSTONE:EURUSD,1.18505,1.18508,1.18487,1.18487,193.0
2026-02-16 20:00:00,PEPPERSTONE:EURUSD,1.18488,1.18514,1.18488,1.185,371.0
2026-02-16 20:05:00,PEPPERSTONE:EURUSD,1.18502,1.18505,1.18479,1.18486,278.0
2026-02-16 20:10:00,PEPPERSTONE:EURUSD,1.18485,1.18502,1.18481,1.185,269.0
2026-02-16 20:15:00,PEPPERSTONE:EURUSD,1.18499,1.18499,1.18474,1.18475,290.0
2026-02-16 20:20:00,PEPPERSTONE:EURUSD,1.18475,1.18489,1.18467,1.18487,423.0
2026-02-16 20:25:00,PEPPERSTONE:EURUSD,1.18486,1.18497,1.18484,1.18492,179.0
2026-02-16 20:30:00,PEPPERSTONE:EURUSD,1.18491,1.18496,1.18484,1.18488,126.0
2026-02-16 20:35:00,PEPPERSTONE:EURUSD,1.18488,1.18503,1.18485,1.18503,165.0
2026-02-16 20:40:00,PEPPERSTONE:EURUSD,1.18502,1.18502,1.18493,1.185,161.0
2026-02-16 20:45:00,PEPPERSTONE:EURUSD,1.18502,1.18502,1.18491,1.18497,227.0
2026-02-16 20:50:00,PEPPERSTONE:EURUSD,1.18497,1.18498,1.18483,1.18493,233.0
2026-02-16 20:55:00,PEPPERSTONE:EURUSD,1.18492,1.18507,1.18491,1.18507,197.0
2026-02-16 21:00:00,PEPPERSTONE:EURUSD,1.18509,1.18522,1.18497,1.18501,510.0
2026-02-16 21:05:00,PEPPERSTONE:EURUSD,1.185,1.185,1.18477,1.18484,580.0
2026-02-16 21:10:00,PEPPERSTONE:EURUSD,1.18485,1.18497,1.18478,1.18497,398.0
2026-02-16 21:15:00,PEPPERSTONE:EURUSD,1.18496,1.18507,1.18487,1.18495,584.0
2026-02-16 21:20:00,PEPPERSTONE:EURUSD,1.18494,1.18503,1.18472,1.18484,474.0
2026-02-16 21:25:00,PEPPERSTONE:EURUSD,1.18483,1.18486,1.18466,1.18473,370.0
2026-02-16 21:30:00,PEPPERSTONE:EURUSD,1.18472,1.18479,1.18465,1.18476,319.0
2026-02-16 21:35:00,PEPPERSTONE:EURUSD,1.18477,1.18478,1.18459,1.18471,433.0
2026-02-16 21:40:00,PEPPERSTONE:EURUSD,1.18469,1.18476,1.1842,1.18426,617.0
2026-02-16 21:45:00,PEPPERSTONE:EURUSD,1.18425,1.18436,1.18424,1.18429,500.0
2026-02-16 21:50:00,PEPPERSTONE:EURUSD,1.18431,1.18436,1.18421,1.18431,624.0
2026-02-16 21:55:00,PEPPERSTONE:EURUSD,1.18432,1.18456,1.18429,1.18436,514.0
2026-02-16 22:00:00,PEPPERSTONE:EURUSD,1.18437,1.18447,1.18405,1.18415,793.0
2026-02-16 22:05:00,PEPPERSTONE:EURUSD,1.18418,1.18436,1.18415,1.18423,469.0
2026-02-16 22:10:00,PEPPERSTONE:EURUSD,1.18424,1.18446,1.1841,1.18423,514.0
2026-02-16 22:15:00,PEPPERSTONE:EURUSD,1.18424,1.1843,1.18412,1.18419,367.0
2026-02-16 22:20:00,PEPPERSTONE:EURUSD,1.18417,1.18435,1.18413,1.18432,352.0
2026-02-16 22:25:00,PEPPERSTONE:EURUSD,1.1843,1.18437,1.1841,1.18427,378.0
2026-02-16 22:30:00,PEPPERSTONE:EURUSD,1.18428,1.18439,1.18421,1.18426,415.0
2026-02-16 22:35:00,PEPPERSTONE:EURUSD,1.18427,1.18442,1.18425,1.1843,307.0
2026-02-16 22:40:00,PEPPERSTONE:EURUSD,1.18429,1.18443,1.18423,1.1843,319.0
2026-02-16 22:45:00,PEPPERSTONE:EURUSD,1.18432,1.18449,1.18431,1.18437,250.0
2026-02-16 22:50:00,PEPPERSTONE:EURUSD,1.18439,1.18444,1.18428,1.18432,586.0
2026-02-16 22:55:00,PEPPERSTONE:EURUSD,1.1843,1.18447,1.18418,1.18446,615.0
2026-02-16 23:00:00,PEPPERSTONE:EURUSD,1.18445,1.18457,1.18412,1.1845,657.0
2026-02-16 23:05:00,PEPPERSTONE:EURUSD,1.18454,1.18468,1.18437,1.18461,446.0
2026-02-16 23:10:00,PEPPERSTONE:EURUSD,1.18463,1.18473,1.18443,1.18449,450.0
2026-02-16 23:15:00,PEPPERSTONE:EURUSD,1.18447,1.18452,1.18444,1.18451,332.0
2026-02-16 23:20:00,PEPPERSTONE:EURUSD,1.18452,1.18462,1.18444,1.18453,356.0
2026-02-16 23:25:00,PEPPERSTONE:EURUSD,1.18453,1.18463,1.1845,1.18452,268.0
2026-02-16 23:30:00,PEPPERSTONE:EURUSD,1.18451,1.18454,1.18433,1.18436,269.0
2026-02-16 23:35:00,PEPPERSTONE:EURUSD,1.18437,1.18438,1.18427,1.18436,304.0
2026-02-16 23:40:00,PEPPERSTONE:EURUSD,1.18435,1.18436,1.18419,1.18421,298.0
2026-02-16 23:45:00,PEPPERSTONE:EURUSD,1.1842,1.18421,1.18404,1.18412,375.0
2026-02-16 23:50:00,PEPPERSTONE:EURUSD,1.18411,1.18424,1.1841,1.18418,215.0
2026-02-16 23:55:00,PEPPERSTONE:EURUSD,1.18417,1.18428,1.18414,1.18422,284.0
2026-02-17 00:00:00,PEPPERSTONE:EURUSD,1.18421,1.18424,1.18387,1.1839,591.0
2026-02-17 00:05:00,PEPPERSTONE:EURUSD,1.18392,1.18407,1.1838,1.18402,472.0
2026-02-17 00:10:00,PEPPERSTONE:EURUSD,1.18403,1.18418,1.18398,1.18409,499.0
2026-02-17 00:15:00,PEPPERSTONE:EURUSD,1.18408,1.18409,1.18394,1.184,321.0
2026-02-17 00:20:00,PEPPERSTONE:EURUSD,1.18401,1.18417,1.184,1.18415,291.0
2026-02-17 00:25:00,PEPPERSTONE:EURUSD,1.18415,1.18418,1.18401,1.18405,362.0
2026-02-17 00:30:00,PEPPERSTONE:EURUSD,1.18406,1.18407,1.18387,1.18395,387.0
2026-02-17 00:35:00,PEPPERSTONE:EURUSD,1.18396,1.18398,1.18384,1.18393,416.0
2026-02-17 00:40:00,PEPPERSTONE:EURUSD,1.18392,1.18408,1.18389,1.184,459.0
2026-02-17 00:45:00,PEPPERSTONE:EURUSD,1.18399,1.18411,1.18399,1.18409,225.0
2026-02-17 00:50:00,PEPPERSTONE:EURUSD,1.18408,1.18418,1.18408,1.18417,171.0
2026-02-17 00:55:00,PEPPERSTONE:EURUSD,1.18415,1.18424,1.18399,1.18417,366.0
2026-02-17 01:00:00,PEPPERSTONE:EURUSD,1.18418,1.18421,1.18399,1.18404,467.0
2026-02-17 01:05:00,PEPPERSTONE:EURUSD,1.18405,1.18411,1.18398,1.18401,369.0
2026-02-17 01:10:00,PEPPERSTONE:EURUSD,1.18402,1.18406,1.18393,1.18402,245.0
2026-02-17 01:15:00,PEPPERSTONE:EURUSD,1.18401,1.18411,1.18395,1.18406,194.0
2026-02-17 01:20:00,PEPPERSTONE:EURUSD,1.18405,1.18426,1.18401,1.18422,264.0
2026-02-17 01:25:00,PEPPERSTONE:EURUSD,1.18424,1.18426,1.1841,1.18419,268.0
2026-02-17 01:30:00,PEPPERSTONE:EURUSD,1.1842,1.18423,1.18396,1.18406,381.0
2026-02-17 01:35:00,PEPPERSTONE:EURUSD,1.18405,1.18416,1.18399,1.18407,262.0
2026-02-17 01:40:00,PEPPERSTONE:EURUSD,1.18406,1.18417,1.18405,1.1841,317.0
2026-02-17 01:45:00,PEPPERSTONE:EURUSD,1.18411,1.18426,1.18407,1.18414,363.0
2026-02-17 01:50:00,PEPPERSTONE:EURUSD,1.18416,1.18417,1.18402,1.18408,446.0
2026-02-17 01:55:00,PEPPERSTONE:EURUSD,1.18407,1.18415,1.18405,1.18411,361.0
2026-02-17 02:00:00,PEPPERSTONE:EURUSD,1.1841,1.1842,1.18394,1.18394,353.0
2026-02-17 02:05:00,PEPPERSTONE:EURUSD,1.18395,1.18407,1.18392,1.18407,283.0
2026-02-17 02:10:00,PEPPERSTONE:EURUSD,1.18406,1.18407,1.1838,1.18382,307.0
2026-02-17 02:15:00,PEPPERSTONE:EURUSD,1.1838,1.18389,1.18373,1.18375,479.0
2026-02-17 02:20:00,PEPPERSTONE:EURUSD,1.18374,1.18394,1.18358,1.18391,568.0
2026-02-17 02:25:00,PEPPERSTONE:EURUSD,1.18393,1.18401,1.18379,1.184,383.0
2026-02-17 02:30:00,PEPPERSTONE:EURUSD,1.184,1.18419,1.18383,1.18413,555.0
2026-02-17 02:35:00,PEPPERSTONE:EURUSD,1.18409,1.18412,1.18395,1.18402,422.0
2026-02-17 02:40:00,PEPPERSTONE:EURUSD,1.18401,1.18406,1.18385,1.18394,439.0
2026-02-17 02:45:00,PEPPERSTONE:EURUSD,1.18393,1.18407,1.18392,1.18397,248.0
2026-02-17 02:50:00,PEPPERSTONE:EURUSD,1.18396,1.18414,1.1839,1.18413,388.0
2026-02-17 02:55:00,PEPPERSTONE:EURUSD,1.18412,1.18419,1.18406,1.18414,395.0
2026-02-17 03:00:00,PEPPERSTONE:EURUSD,1.18415,1.18452,1.18414,1.18446,475.0
2026-02-17 03:05:00,PEPPERSTONE:EURUSD,1.18447,1.18448,1.18431,1.18436,384.0
2026-02-17 03:10:00,PEPPERSTONE:EURUSD,1.18437,1.18458,1.18437,1.18448,388.0
2026-02-17 03:15:00,PEPPERSTONE:EURUSD,1.18449,1.1845,1.18422,1.18429,436.0
2026-02-17 03:20:00,PEPPERSTONE:EURUSD,1.18431,1.18443,1.18428,1.18437,380.0
2026-02-17 03:25:00,PEPPERSTONE:EURUSD,1.18435,1.18449,1.18432,1.18432,390.0
2026-02-17 03:30:00,PEPPERSTONE:EURUSD,1.18433,1.18452,1.18424,1.18451,431.0
2026-02-17 03:35:00,PEPPERSTONE:EURUSD,1.1845,1.18451,1.18436,1.18451,387.0
2026-02-17 03:40:00,PEPPERSTONE:EURUSD,1.1845,1.18454,1.18439,1.18452,468.0
2026-02-17 03:45:00,PEPPERSTONE:EURUSD,1.18453,1.18453,1.18434,1.18444,426.0
2026-02-17 03:50:00,PEPPERSTONE:EURUSD,1.18443,1.18451,1.18437,1.18449,254.0
2026-02-17 03:55:00,PEPPERSTONE:EURUSD,1.18448,1.18458,1.18439,1.18439,253.0
2026-02-17 04:00:00,PEPPERSTONE:EURUSD,1.18439,1.18447,1.18391,1.18423,865.0
2026-02-17 04:05:00,PEPPERSTONE:EURUSD,1.18422,1.18422,1.18381,1.18381,734.0
2026-02-17 04:10:00,PEPPERSTONE:EURUSD,1.18379,1.18417,1.18365,1.18396,571.0
2026-02-17 04:15:00,PEPPERSTONE:EURUSD,1.18398,1.184,1.18358,1.1836,547.0
2026-02-17 04:20:00,PEPPERSTONE:EURUSD,1.18358,1.18372,1.18352,1.18355,620.0
2026-02-17 04:25:00,PEPPERSTONE:EURUSD,1.18352,1.18374,1.18347,1.18354,478.0
2026-02-17 04:30:00,PEPPERSTONE:EURUSD,1.18355,1.18357,1.1832,1.18332,584.0
2026-02-17 04:35:00,PEPPERSTONE:EURUSD,1.18334,1.18357,1.18319,1.18322,589.0
2026-02-17 04:40:00,PEPPERSTONE:EURUSD,1.18325,1.18341,1.18319,1.18319,428.0
2026-02-17 04:45:00,PEPPERSTONE:EURUSD,1.1832,1.18339,1.18317,1.18322,532.0
2026-02-17 04:50:00,PEPPERSTONE:EURUSD,1.18318,1.18329,1.18297,1.18303,701.0
2026-02-17 04:55:00,PEPPERSTONE:EURUSD,1.18301,1.1833,1.18286,1.18327,698.0
2026-02-17 05:00:00,PEPPERSTONE:EURUSD,1.18332,1.18353,1.18301,1.18308,737.0
2026-02-17 05:05:00,PEPPERSTONE:EURUSD,1.18307,1.18357,1.18305,1.1831,594.0
2026-02-17 05:10:00,PEPPERSTONE:EURUSD,1.18313,1.18328,1.18303,1.18307,595.0
2026-02-17 05:15:00,PEPPERSTONE:EURUSD,1.18305,1.18359,1.18302,1.18347,645.0
2026-02-17 05:20:00,PEPPERSTONE:EURUSD,1.18348,1.18381,1.18347,1.18363,446.0
2026-02-17 05:25:00,PEPPERSTONE:EURUSD,1.18364,1.18383,1.18357,1.18376,757.0
2026-02-17 05:30:00,PEPPERSTONE:EURUSD,1.18378,1.18381,1.18355,1.1836,718.0
2026-02-17 05:35:00,PEPPERSTONE:EURUSD,1.18359,1.1839,1.18357,1.18377,618.0
2026-02-17 05:40:00,PEPPERSTONE:EURUSD,1.18378,1.18402,1.18366,1.18401,433.0
2026-02-17 05:45:00,PEPPERSTONE:EURUSD,1.18402,1.18437,1.18399,1.18436,675.0
2026-02-17 05:50:00,PEPPERSTONE:EURUSD,1.18437,1.18439,1.18419,1.1843,511.0
2026-02-17 05:55:00,PEPPERSTONE:EURUSD,1.18431,1.1844,1.18409,1.18409,561.0
2026-02-17 06:00:00,PEPPERSTONE:EURUSD,1.18413,1.18431,1.18398,1.18429,723.0
2026-02-17 06:05:00,PEPPERSTONE:EURUSD,1.18427,1.18435,1.18407,1.1841,569.0
2026-02-17 06:10:00,PEPPERSTONE:EURUSD,1.1841,1.18419,1.18402,1.18415,502.0
2026-02-17 06:15:00,PEPPERSTONE:EURUSD,1.18416,1.18465,1.18416,1.18456,594.0
2026-02-17 06:20:00,PEPPERSTONE:EURUSD,1.18455,1.18468,1.18449,1.1845,530.0
2026-02-17 06:25:00,PEPPERSTONE:EURUSD,1.18452,1.18478,1.18445,1.18475,617.0
2026-02-17 06:30:00,PEPPERSTONE:EURUSD,1.18473,1.18494,1.18472,1.18494,577.0
2026-02-17 06:35:00,PEPPERSTONE:EURUSD,1.18493,1.18499,1.18474,1.1848,487.0
2026-02-17 06:40:00,PEPPERSTONE:EURUSD,1.18479,1.18484,1.18454,1.18455,442.0
2026-02-17 06:45:00,PEPPERSTONE:EURUSD,1.18459,1.18477,1.18445,1.18453,423.0
2026-02-17 06:50:00,PEPPERSTONE:EURUSD,1.1845,1.18478,1.1845,1.18475,358.0
2026-02-17 06:55:00,PEPPERSTONE:EURUSD,1.18474,1.18474,1.18452,1.18465,397.0
2026-02-17 07:00:00,PEPPERSTONE:EURUSD,1.18461,1.18461,1.18426,1.18446,667.0
2026-02-17 07:05:00,PEPPERSTONE:EURUSD,1.18445,1.18465,1.18444,1.18451,511.0
2026-02-17 07:10:00,PEPPERSTONE:EURUSD,1.18452,1.18472,1.18413,1.18416,612.0
2026-02-17 07:15:00,PEPPERSTONE:EURUSD,1.18417,1.18428,1.18414,1.18416,506.0
2026-02-17 07:20:00,PEPPERSTONE:EURUSD,1.18417,1.18452,1.18413,1.18448,433.0
2026-02-17 07:25:00,PEPPERSTONE:EURUSD,1.18446,1.18458,1.18441,1.18443,523.0
2026-02-17 07:30:00,PEPPERSTONE:EURUSD,1.18438,1.18444,1.18426,1.18438,501.0
2026-02-17 07:35:00,PEPPERSTONE:EURUSD,1.18437,1.18467,1.18428,1.18456,473.0
2026-02-17 07:40:00,PEPPERSTONE:EURUSD,1.18454,1.18455,1.18424,1.18432,553.0
2026-02-17 07:45:00,PEPPERSTONE:EURUSD,1.18431,1.18441,1.1842,1.18429,576.0
2026-02-17 07:50:00,PEPPERSTONE:EURUSD,1.1843,1.18438,1.18415,1.18433,505.0
2026-02-17 07:55:00,PEPPERSTONE:EURUSD,1.18434,1.18452,1.18425,1.18428,424.0
2026-02-17 08:00:00,PEPPERSTONE:EURUSD,1.18429,1.18438,1.18426,1.18437,436.0
2026-02-17 08:05:00,PEPPERSTONE:EURUSD,1.18438,1.18446,1.18418,1.18434,520.0
2026-02-17 08:10:00,PEPPERSTONE:EURUSD,1.18433,1.18434,1.18415,1.18425,416.0
2026-02-17 08:15:00,PEPPERSTONE:EURUSD,1.18426,1.18428,1.18418,1.18419,210.0
2026-02-17 08:20:00,PEPPERSTONE:EURUSD,1.1842,1.18439,1.1841,1.18437,428.0
2026-02-17 08:25:00,PEPPERSTONE:EURUSD,1.18436,1.18443,1.18432,1.18436,392.0
2026-02-17 08:30:00,PEPPERSTONE:EURUSD,1.18435,1.18438,1.18389,1.18395,425.0
2026-02-17 08:35:00,PEPPERSTONE:EURUSD,1.18393,1.18399,1.18372,1.18378,646.0
2026-02-17 08:40:00,PEPPERSTONE:EURUSD,1.18383,1.18393,1.18371,1.18382,446.0
2026-02-17 08:45:00,PEPPERSTONE:EURUSD,1.18381,1.18383,1.18366,1.1837,443.0
2026-02-17 08:50:00,PEPPERSTONE:EURUSD,1.18369,1.18369,1.18339,1.1834,441.0
2026-02-17 08:55:00,PEPPERSTONE:EURUSD,1.18339,1.18344,1.18242,1.18311,893.0
2026-02-17 09:00:00,PEPPERSTONE:EURUSD,1.18312,1.18335,1.18275,1.18333,855.0
2026-02-17 09:05:00,PEPPERSTONE:EURUSD,1.18332,1.18335,1.18314,1.18328,532.0
2026-02-17 09:10:00,PEPPERSTONE:EURUSD,1.18329,1.18356,1.18328,1.18346,658.0
2026-02-17 09:15:00,PEPPERSTONE:EURUSD,1.18349,1.18359,1.18301,1.18303,577.0
2026-02-17 09:20:00,PEPPERSTONE:EURUSD,1.18302,1.1833,1.18302,1.18317,635.0
2026-02-17 09:25:00,PEPPERSTONE:EURUSD,1.18317,1.18318,1.1828,1.18302,731.0
2026-02-17 09:30:00,PEPPERSTONE:EURUSD,1.18303,1.1832,1.18281,1.18317,756.0
2026-02-17 09:35:00,PEPPERSTONE:EURUSD,1.18318,1.18328,1.18288,1.18297,457.0
2026-02-17 09:40:00,PEPPERSTONE:EURUSD,1.18298,1.18308,1.1828,1.18282,544.0
2026-02-17 09:45:00,PEPPERSTONE:EURUSD,1.18289,1.18294,1.18272,1.18286,832.0
2026-02-17 09:50:00,PEPPERSTONE:EURUSD,1.18284,1.18298,1.18274,1.18297,809.0
2026-02-17 09:55:00,PEPPERSTONE:EURUSD,1.18298,1.18309,1.18268,1.18277,664.0
2026-02-17 10:00:00,PEPPERSTONE:EURUSD,1.18273,1.18291,1.18245,1.18289,708.0
2026-02-17 10:05:00,PEPPERSTONE:EURUSD,1.18288,1.18289,1.1826,1.18264,560.0
2026-02-17 10:10:00,PEPPERSTONE:EURUSD,1.18265,1.18304,1.18261,1.18296,721.0
2026-02-17 10:15:00,PEPPERSTONE:EURUSD,1.18298,1.18298,1.18196,1.18223,890.0
2026-02-17 10:20:00,PEPPERSTONE:EURUSD,1.18224,1.18286,1.18214,1.18269,902.0
2026-02-17 10:25:00,PEPPERSTONE:EURUSD,1.18267,1.18283,1.18253,1.18265,531.0
2026-02-17 10:30:00,PEPPERSTONE:EURUSD,1.18265,1.1827,1.1824,1.18251,805.0
2026-02-17 10:35:00,PEPPERSTONE:EURUSD,1.18253,1.1828,1.18243,1.18246,642.0
2026-02-17 10:40:00,PEPPERSTONE:EURUSD,1.18247,1.18267,1.18179,1.18187,813.0
2026-02-17 10:45:00,PEPPERSTONE:EURUSD,1.18188,1.18189,1.18159,1.18184,895.0
2026-02-17 10:50:00,PEPPERSTONE:EURUSD,1.18182,1.18271,1.18167,1.18263,998.0
2026-02-17 10:55:00,PEPPERSTONE:EURUSD,1.18259,1.18259,1.18215,1.18221,796.0
2026-02-17 11:00:00,PEPPERSTONE:EURUSD,1.18222,1.1824,1.18192,1.18222,1068.0
2026-02-17 11:05:00,PEPPERSTONE:EURUSD,1.18223,1.18265,1.18211,1.18216,888.0
2026-02-17 11:10:00,PEPPERSTONE:EURUSD,1.18215,1.18223,1.18166,1.18182,957.0
2026-02-17 11:15:00,PEPPERSTONE:EURUSD,1.18183,1.18224,1.18163,1.18216,811.0
2026-02-17 11:20:00,PEPPERSTONE:EURUSD,1.18217,1.18234,1.1819,1.18193,921.0
2026-02-17 11:25:00,PEPPERSTONE:EURUSD,1.18194,1.1822,1.18188,1.1821,736.0
2026-02-17 11:30:00,PEPPERSTONE:EURUSD,1.18201,1.18239,1.1819,1.1822,1029.0
2026-02-17 11:35:00,PEPPERSTONE:EURUSD,1.18219,1.18245,1.182,1.18225,1095.0
2026-02-17 11:40:00,PEPPERSTONE:EURUSD,1.1822,1.18279,1.18216,1.18264,872.0
2026-02-17 11:45:00,PEPPERSTONE:EURUSD,1.18262,1.18282,1.1824,1.18257,1103.0
2026-02-17 11:50:00,PEPPERSTONE:EURUSD,1.18256,1.18265,1.18219,1.18248,1106.0
2026-02-17 11:55:00,PEPPERSTONE:EURUSD,1.18246,1.18256,1.18213,1.1824,876.0
2026-02-17 12:00:00,PEPPERSTONE:EURUSD,1.18241,1.18241,1.18147,1.18196,1197.0
2026-02-17 12:05:00,PEPPERSTONE:EURUSD,1.18194,1.18217,1.18174,1.18187,938.0
2026-02-17 12:10:00,PEPPERSTONE:EURUSD,1.18191,1.18209,1.18122,1.1814,892.0
2026-02-17 12:15:00,PEPPERSTONE:EURUSD,1.1814,1.18178,1.18128,1.18163,903.0
2026-02-17 12:20:00,PEPPERSTONE:EURUSD,1.18162,1.18163,1.18111,1.18122,901.0
2026-02-17 12:25:00,PEPPERSTONE:EURUSD,1.18123,1.18128,1.1808,1.18081,1008.0
2026-02-17 12:30:00,PEPPERSTONE:EURUSD,1.18082,1.18113,1.18061,1.18069,1083.0
2026-02-17 12:35:00,PEPPERSTONE:EURUSD,1.1807,1.181,1.18052,1.18063,902.0
2026-02-17 12:40:00,PEPPERSTONE:EURUSD,1.18062,1.18099,1.18052,1.18094,848.0
2026-02-17 12:45:00,PEPPERSTONE:EURUSD,1.18092,1.18094,1.18056,1.18068,878.0
2026-02-17 12:50:00,PEPPERSTONE:EURUSD,1.18067,1.18089,1.18049,1.18088,957.0
2026-02-17 12:55:00,PEPPERSTONE:EURUSD,1.1808,1.18128,1.18077,1.18108,919.0
2026-02-17 13:00:00,PEPPERSTONE:EURUSD,1.1811,1.1815,1.18108,1.18122,902.0
2026-02-17 13:05:00,PEPPERSTONE:EURUSD,1.18123,1.1818,1.18119,1.18174,831.0
2026-02-17 13:10:00,PEPPERSTONE:EURUSD,1.18173,1.18229,1.18164,1.18222,874.0
2026-02-17 13:15:00,PEPPERSTONE:EURUSD,1.18221,1.18257,1.18208,1.18255,807.0
2026-02-17 13:20:00,PEPPERSTONE:EURUSD,1.18256,1.18307,1.18249,1.18269,823.0
2026-02-17 13:25:00,PEPPERSTONE:EURUSD,1.1827,1.18296,1.18254,1.18282,971.0
2026-02-17 13:30:00,PEPPERSTONE:EURUSD,1.18283,1.18308,1.18268,1.18299,1030.0
2026-02-17 13:35:00,PEPPERSTONE:EURUSD,1.18297,1.18355,1.18295,1.1833,674.0
2026-02-17 13:40:00,PEPPERSTONE:EURUSD,1.18329,1.18348,1.1831,1.1832,869.0
2026-02-17 13:45:00,PEPPERSTONE:EURUSD,1.18324,1.18346,1.18305,1.18314,950.0
2026-02-17 13:50:00,PEPPERSTONE:EURUSD,1.18317,1.1833,1.18304,1.18326,911.0
2026-02-17 13:55:00,PEPPERSTONE:EURUSD,1.18325,1.18337,1.18306,1.18307,812.0
2026-02-17 14:00:00,PEPPERSTONE:EURUSD,1.18305,1.18344,1.18294,1.18333,880.0
2026-02-17 14:05:00,PEPPERSTONE:EURUSD,1.1833,1.18359,1.18312,1.18356,969.0
2026-02-17 14:10:00,PEPPERSTONE:EURUSD,1.18358,1.18377,1.18347,1.18372,924.0
2026-02-17 14:15:00,PEPPERSTONE:EURUSD,1.18373,1.18391,1.18369,1.18388,680.0
2026-02-17 14:20:00,PEPPERSTONE:EURUSD,1.1839,1.18393,1.18356,1.18361,691.0
2026-02-17 14:25:00,PEPPERSTONE:EURUSD,1.1836,1.18398,1.18358,1.18397,749.0
2026-02-17 14:30:00,PEPPERSTONE:EURUSD,1.18394,1.18422,1.18375,1.1838,612.0
2026-02-17 14:35:00,PEPPERSTONE:EURUSD,1.18379,1.18387,1.18362,1.18372,576.0
2026-02-17 14:40:00,PEPPERSTONE:EURUSD,1.18371,1.18372,1.18345,1.1835,603.0
2026-02-17 14:45:00,PEPPERSTONE:EURUSD,1.18349,1.1838,1.18343,1.18369,807.0
2026-02-17 14:50:00,PEPPERSTONE:EURUSD,1.18367,1.1839,1.18363,1.18373,605.0
2026-02-17 14:55:00,PEPPERSTONE:EURUSD,1.18372,1.18415,1.18369,1.18394,516.0
2026-02-17 15:00:00,PEPPERSTONE:EURUSD,1.18395,1.18431,1.18387,1.18415,673.0
2026-02-17 15:05:00,PEPPERSTONE:EURUSD,1.18416,1.18423,1.18405,1.18418,375.0
2026-02-17 15:10:00,PEPPERSTONE:EURUSD,1.18422,1.1843,1.1841,1.18418,637.0
2026-02-17 15:15:00,PEPPERSTONE:EURUSD,1.1842,1.18436,1.18415,1.18436,649.0
2026-02-17 15:20:00,PEPPERSTONE:EURUSD,1.18436,1.18455,1.18428,1.18447,470.0
2026-02-17 15:25:00,PEPPERSTONE:EURUSD,1.18446,1.18483,1.18445,1.18483,542.0
2026-02-17 15:30:00,PEPPERSTONE:EURUSD,1.18482,1.18497,1.18455,1.18481,550.0
2026-02-17 15:35:00,PEPPERSTONE:EURUSD,1.1848,1.18491,1.18475,1.18486,592.0
2026-02-17 15:40:00,PEPPERSTONE:EURUSD,1.18485,1.18519,1.18475,1.18514,520.0
2026-02-17 15:45:00,PEPPERSTONE:EURUSD,1.18513,1.18527,1.18488,1.18505,638.0
2026-02-17 15:50:00,PEPPERSTONE:EURUSD,1.18504,1.18533,1.185,1.18502,372.0
2026-02-17 15:55:00,PEPPERSTONE:EURUSD,1.18507,1.18517,1.18483,1.18484,520.0
2026-02-17 16:00:00,PEPPERSTONE:EURUSD,1.18482,1.18503,1.18474,1.18498,582.0
2026-02-17 16:05:00,PEPPERSTONE:EURUSD,1.18499,1.18502,1.18474,1.18476,482.0
2026-02-17 16:10:00,PEPPERSTONE:EURUSD,1.18475,1.18485,1.1845,1.18464,583.0
2026-02-17 16:15:00,PEPPERSTONE:EURUSD,1.18465,1.18469,1.1844,1.18445,352.0
2026-02-17 16:20:00,PEPPERSTONE:EURUSD,1.18442,1.18458,1.1844,1.18456,438.0
2026-02-17 16:25:00,PEPPERSTONE:EURUSD,1.18457,1.18457,1.18436,1.1844,721.0
2026-02-17 16:30:00,PEPPERSTONE:EURUSD,1.18439,1.18445,1.18434,1.18436,604.0
2026-02-17 16:35:00,PEPPERSTONE:EURUSD,1.18437,1.18464,1.18435,1.18461,453.0
2026-02-17 16:40:00,PEPPERSTONE:EURUSD,1.18462,1.18468,1.18441,1.18467,340.0
2026-02-17 16:45:00,PEPPERSTONE:EURUSD,1.18466,1.18487,1.18461,1.18482,268.0
2026-02-17 16:50:00,PEPPERSTONE:EURUSD,1.18481,1.18485,1.18472,1.1848,404.0
2026-02-17 16:55:00,PEPPERSTONE:EURUSD,1.18479,1.18488,1.18473,1.1848,388.0
2026-02-17 17:00:00,PEPPERSTONE:EURUSD,1.18478,1.18507,1.18471,1.18506,397.0
2026-02-17 17:05:00,PEPPERSTONE:EURUSD,1.18504,1.18508,1.18484,1.18486,188.0
2026-02-17 17:10:00,PEPPERSTONE:EURUSD,1.18487,1.18487,1.18475,1.18486,410.0
2026-02-17 17:15:00,PEPPERSTONE:EURUSD,1.18487,1.18491,1.18477,1.18487,388.0
2026-02-17 17:20:00,PEPPERSTONE:EURUSD,1.18486,1.18487,1.1847,1.18475,401.0
2026-02-17 17:25:00,PEPPERSTONE:EURUSD,1.18474,1.18487,1.18473,1.18482,533.0
2026-02-17 17:30:00,PEPPERSTONE:EURUSD,1.18481,1.18506,1.18481,1.18501,388.0
2026-02-17 17:35:00,PEPPERSTONE:EURUSD,1.18499,1.18504,1.18494,1.18497,241.0
2026-02-17 17:40:00,PEPPERSTONE:EURUSD,1.18496,1.18497,1.1848,1.18483,347.0
2026-02-17 17:45:00,PEPPERSTONE:EURUSD,1.18484,1.18494,1.18482,1.18487,402.0
2026-02-17 17:50:00,PEPPERSTONE:EURUSD,1.18488,1.18496,1.18484,1.18495,375.0
2026-02-17 17:55:00,PEPPERSTONE:EURUSD,1.18497,1.18528,1.18496,1.1851,624.0
2026-02-17 18:00:00,PEPPERSTONE:EURUSD,1.18512,1.18524,1.18509,1.18517,294.0
2026-02-17 18:05:00,PEPPERSTONE:EURUSD,1.18517,1.18525,1.18513,1.18525,221.0
2026-02-17 18:10:00,PEPPERSTONE:EURUSD,1.18524,1.18528,1.18519,1.18526,197.0
2026-02-17 18:15:00,PEPPERSTONE:EURUSD,1.18525,1.18529,1.1851,1.18512,199.0
2026-02-17 18:20:00,PEPPERSTONE:EURUSD,1.18511,1.18518,1.18503,1.18504,204.0
2026-02-17 18:25:00,PEPPERSTONE:EURUSD,1.18501,1.18532,1.18499,1.18519,297.0
2026-02-17 18:30:00,PEPPERSTONE:EURUSD,1.18519,1.18527,1.18514,1.18527,192.0
2026-02-17 18:35:00,PEPPERSTONE:EURUSD,1.18527,1.18547,1.18527,1.18541,171.0
2026-02-17 18:40:00,PEPPERSTONE:EURUSD,1.18542,1.18542,1.18534,1.18538,156.0
2026-02-17 18:45:00,PEPPERSTONE:EURUSD,1.18538,1.18541,1.18517,1.18521,202.0
2026-02-17 18:50:00,PEPPERSTONE:EURUSD,1.18521,1.18533,1.1852,1.1853,232.0
2026-02-17 18:55:00,PEPPERSTONE:EURUSD,1.1853,1.18538,1.18527,1.18538,182.0
2026-02-17 19:00:00,PEPPERSTONE:EURUSD,1.1852,1.1852,1.18506,1.18514,30.0
2026-02-17 19:05:00,PEPPERSTONE:EURUSD,1.18514,1.18514,1.18493,1.18505,69.0
2026-02-17 19:10:00,PEPPERSTONE:EURUSD,1.18505,1.18509,1.185,1.18506,88.0
2026-02-17 19:15:00,PEPPERSTONE:EURUSD,1.18505,1.18511,1.18505,1.18509,70.0
2026-02-17 19:20:00,PEPPERSTONE:EURUSD,1.18509,1.18514,1.18509,1.18509,75.0
2026-02-17 19:25:00,PEPPERSTONE:EURUSD,1.1851,1.18511,1.18502,1.18509,143.0
2026-02-17 19:30:00,PEPPERSTONE:EURUSD,1.18509,1.18511,1.18502,1.18504,93.0
2026-02-17 19:35:00,PEPPERSTONE:EURUSD,1.18503,1.18509,1.18503,1.18509,27.0
2026-02-17 19:40:00,PEPPERSTONE:EURUSD,1.18508,1.18515,1.18505,1.1851,178.0
2026-02-17 19:45:00,PEPPERSTONE:EURUSD,1.18509,1.18515,1.18508,1.18514,133.0
2026-02-17 19:50:00,PEPPERSTONE:EURUSD,1.18513,1.18516,1.18508,1.18514,178.0
2026-02-17 19:55:00,PEPPERSTONE:EURUSD,1.18513,1.18517,1.18509,1.1851,476.0
2026-02-17 20:00:00,PEPPERSTONE:EURUSD,1.18514,1.1856,1.18514,1.18558,441.0
2026-02-17 20:05:00,PEPPERSTONE:EURUSD,1.18561,1.18577,1.18555,1.18567,449.0
2026-02-17 20:10:00,PEPPERSTONE:EURUSD,1.18568,1.18568,1.18548,1.1855,331.0
2026-02-17 20:15:00,PEPPERSTONE:EURUSD,1.18549,1.18552,1.18532,1.18548,336.0
2026-02-17 20:20:00,PEPPERSTONE:EURUSD,1.18549,1.18557,1.18537,1.1854,247.0
2026-02-17 20:25:00,PEPPERSTONE:EURUSD,1.18541,1.18545,1.18527,1.1853,267.0
2026-02-17 20:30:00,PEPPERSTONE:EURUSD,1.18529,1.18533,1.18516,1.1852,246.0
2026-02-17 20:35:00,PEPPERSTONE:EURUSD,1.18521,1.18526,1.18517,1.18521,142.0
2026-02-17 20:40:00,PEPPERSTONE:EURUSD,1.1852,1.18524,1.18515,1.18515,150.0
2026-02-17 20:45:00,PEPPERSTONE:EURUSD,1.18516,1.18537,1.18511,1.18528,305.0
2026-02-17 20:50:00,PEPPERSTONE:EURUSD,1.18529,1.18532,1.18506,1.18507,398.0
2026-02-17 20:55:00,PEPPERSTONE:EURUSD,1.18508,1.18521,1.18506,1.1851,411.0
2026-02-17 21:00:00,PEPPERSTONE:EURUSD,1.18513,1.18529,1.18508,1.18519,640.0
2026-02-17 21:05:00,PEPPERSTONE:EURUSD,1.1852,1.1853,1.18507,1.18524,393.0
2026-02-17 21:10:00,PEPPERSTONE:EURUSD,1.18523,1.18538,1.18522,1.18528,428.0
2026-02-17 21:15:00,PEPPERSTONE:EURUSD,1.18529,1.18538,1.18512,1.18522,407.0
2026-02-17 21:20:00,PEPPERSTONE:EURUSD,1.18521,1.18523,1.18506,1.18508,510.0
2026-02-17 21:25:00,PEPPERSTONE:EURUSD,1.18507,1.18521,1.185,1.18518,317.0
2026-02-17 21:30:00,PEPPERSTONE:EURUSD,1.1852,1.18533,1.1851,1.18514,547.0
2026-02-17 21:35:00,PEPPERSTONE:EURUSD,1.18513,1.18517,1.1849,1.18499,516.0
2026-02-17 21:40:00,PEPPERSTONE:EURUSD,1.18498,1.18501,1.18494,1.18496,493.0
2026-02-17 21:45:00,PEPPERSTONE:EURUSD,1.18494,1.18517,1.1849,1.18513,397.0
2026-02-17 21:50:00,PEPPERSTONE:EURUSD,1.18515,1.18519,1.18485,1.18487,514.0
2026-02-17 21:55:00,PEPPERSTONE:EURUSD,1.18486,1.18492,1.18471,1.18474,459.0
2026-02-17 22:00:00,PEPPERSTONE:EURUSD,1.18475,1.18478,1.18453,1.18468,716.0
2026-02-17 22:05:00,PEPPERSTONE:EURUSD,1.18469,1.18472,1.18453,1.18464,448.0
2026-02-17 22:10:00,PEPPERSTONE:EURUSD,1.18463,1.18468,1.1844,1.18445,411.0
2026-02-17 22:15:00,PEPPERSTONE:EURUSD,1.18444,1.18445,1.18425,1.18441,369.0
2026-02-17 22:20:00,PEPPERSTONE:EURUSD,1.18442,1.18443,1.18426,1.18437,471.0
2026-02-17 22:25:00,PEPPERSTONE:EURUSD,1.18438,1.18449,1.18437,1.18442,303.0
2026-02-17 22:30:00,PEPPERSTONE:EURUSD,1.18441,1.18457,1.18433,1.18441,405.0
2026-02-17 22:35:00,PEPPERSTONE:EURUSD,1.1844,1.1845,1.18435,1.18445,284.0
2026-02-17 22:40:00,PEPPERSTONE:EURUSD,1.18446,1.18461,1.1844,1.18459,222.0
2026-02-17 22:45:00,PEPPERSTONE:EURUSD,1.18457,1.18468,1.18456,1.18456,266.0
2026-02-17 22:50:00,PEPPERSTONE:EURUSD,1.18458,1.18461,1.18446,1.18452,277.0
2026-02-17 22:55:00,PEPPERSTONE:EURUSD,1.18453,1.18469,1.1845,1.18463,268.0
2026-02-17 23:00:00,PEPPERSTONE:EURUSD,1.18462,1.18465,1.18433,1.18449,451.0
2026-02-17 23:05:00,PEPPERSTONE:EURUSD,1.18448,1.18475,1.18444,1.18468,415.0
2026-02-17 23:10:00,PEPPERSTONE:EURUSD,1.18467,1.1847,1.18429,1.18431,433.0
2026-02-17 23:15:00,PEPPERSTONE:EURUSD,1.1843,1.18443,1.18426,1.18428,430.0
2026-02-17 23:20:00,PEPPERSTONE:EURUSD,1.18427,1.18443,1.18415,1.1844,390.0
2026-02-17 23:25:00,PEPPERSTONE:EURUSD,1.18441,1.18455,1.18441,1.18448,359.0
2026-02-17 23:30:00,PEPPERSTONE:EURUSD,1.18446,1.18452,1.18431,1.18443,326.0
2026-02-17 23:35:00,PEPPERSTONE:EURUSD,1.18444,1.18445,1.18435,1.18441,245.0
2026-02-17 23:40:00,PEPPERSTONE:EURUSD,1.1844,1.18457,1.18438,1.18456,335.0
2026-02-17 23:45:00,PEPPERSTONE:EURUSD,1.18457,1.18459,1.18447,1.18448,282.0
2026-02-17 23:50:00,PEPPERSTONE:EURUSD,1.18449,1.18463,1.18448,1.18457,257.0
2026-02-17 23:55:00,PEPPERSTONE:EURUSD,1.18457,1.18462,1.18445,1.18447,316.0
2026-02-18 00:00:00,PEPPERSTONE:EURUSD,1.18448,1.18467,1.1844,1.18465,417.0
2026-02-18 00:05:00,PEPPERSTONE:EURUSD,1.18464,1.18469,1.18457,1.18464,228.0
2026-02-18 00:10:00,PEPPERSTONE:EURUSD,1.18462,1.18463,1.1845,1.18451,242.0
2026-02-18 00:15:00,PEPPERSTONE:EURUSD,1.18452,1.18452,1.18435,1.18437,289.0
2026-02-18 00:20:00,PEPPERSTONE:EURUSD,1.18438,1.18454,1.18436,1.18452,185.0
2026-02-18 00:25:00,PEPPERSTONE:EURUSD,1.18453,1.18454,1.1844,1.18453,303.0
2026-02-18 00:30:00,PEPPERSTONE:EURUSD,1.18452,1.18454,1.18429,1.18434,444.0
2026-02-18 00:35:00,PEPPERSTONE:EURUSD,1.18435,1.18442,1.18429,1.18434,306.0
2026-02-18 00:40:00,PEPPERSTONE:EURUSD,1.18435,1.18438,1.18423,1.18425,297.0
2026-02-18 00:45:00,PEPPERSTONE:EURUSD,1.18426,1.18428,1.18409,1.18423,325.0
2026-02-18 00:50:00,PEPPERSTONE:EURUSD,1.18424,1.18427,1.18419,1.18423,225.0
2026-02-18 00:55:00,PEPPERSTONE:EURUSD,1.18421,1.18428,1.18412,1.18413,281.0
2026-02-18 01:00:00,PEPPERSTONE:EURUSD,1.18412,1.18417,1.18404,1.18405,384.0
2026-02-18 01:05:00,PEPPERSTONE:EURUSD,1.18404,1.18408,1.18395,1.18401,406.0
2026-02-18 01:10:00,PEPPERSTONE:EURUSD,1.18402,1.18418,1.18396,1.18415,219.0
2026-02-18 01:15:00,PEPPERSTONE:EURUSD,1.18416,1.18432,1.18415,1.18432,248.0
2026-02-18 01:20:00,PEPPERSTONE:EURUSD,1.18432,1.18439,1.18416,1.18418,222.0
2026-02-18 01:25:00,PEPPERSTONE:EURUSD,1.18417,1.18424,1.18415,1.18422,264.0
2026-02-18 01:30:00,PEPPERSTONE:EURUSD,1.18423,1.18433,1.18415,1.18431,196.0
2026-02-18 01:35:00,PEPPERSTONE:EURUSD,1.18431,1.18437,1.1843,1.18433,229.0
2026-02-18 01:40:00,PEPPERSTONE:EURUSD,1.18432,1.18434,1.18426,1.18427,158.0
2026-02-18 01:45:00,PEPPERSTONE:EURUSD,1.18427,1.18433,1.18416,1.18422,226.0
2026-02-18 01:50:00,PEPPERSTONE:EURUSD,1.18423,1.18424,1.18418,1.18422,288.0
2026-02-18 01:55:00,PEPPERSTONE:EURUSD,1.18421,1.18427,1.18416,1.18418,155.0
2026-02-18 02:00:00,PEPPERSTONE:EURUSD,1.1842,1.18428,1.18419,1.18422,274.0
2026-02-18 02:05:00,PEPPERSTONE:EURUSD,1.18422,1.18444,1.18421,1.18443,229.0
2026-02-18 02:10:00,PEPPERSTONE:EURUSD,1.18441,1.18453,1.18441,1.18451,255.0
2026-02-18 02:15:00,PEPPERSTONE:EURUSD,1.18451,1.18452,1.18437,1.18438,276.0
2026-02-18 02:20:00,PEPPERSTONE:EURUSD,1.18436,1.18446,1.1843,1.18445,213.0
2026-02-18 02:25:00,PEPPERSTONE:EURUSD,1.18446,1.18447,1.18428,1.18432,242.0
2026-02-18 02:30:00,PEPPERSTONE:EURUSD,1.18431,1.18441,1.18429,1.18431,182.0
2026-02-18 02:35:00,PEPPERSTONE:EURUSD,1.18432,1.18447,1.18427,1.18432,254.0
2026-02-18 02:40:00,PEPPERSTONE:EURUSD,1.18431,1.18433,1.18423,1.18432,255.0
2026-02-18 02:45:00,PEPPERSTONE:EURUSD,1.18431,1.18435,1.18429,1.18433,143.0
2026-02-18 02:50:00,PEPPERSTONE:EURUSD,1.18432,1.1845,1.18431,1.1845,149.0
2026-02-18 02:55:00,PEPPERSTONE:EURUSD,1.1845,1.1846,1.18446,1.18457,267.0
2026-02-18 03:00:00,PEPPERSTONE:EURUSD,1.18457,1.18464,1.18438,1.18439,351.0
2026-02-18 03:05:00,PEPPERSTONE:EURUSD,1.1844,1.18446,1.18421,1.18425,470.0
2026-02-18 03:10:00,PEPPERSTONE:EURUSD,1.18425,1.18431,1.18403,1.18417,415.0
2026-02-18 03:15:00,PEPPERSTONE:EURUSD,1.18416,1.18431,1.18415,1.18428,256.0
2026-02-18 03:20:00,PEPPERSTONE:EURUSD,1.18426,1.18439,1.18422,1.18432,272.0
2026-02-18 03:25:00,PEPPERSTONE:EURUSD,1.1843,1.18442,1.18428,1.18438,313.0
2026-02-18 03:30:00,PEPPERSTONE:EURUSD,1.18439,1.18446,1.18426,1.18426,328.0
2026-02-18 03:35:00,PEPPERSTONE:EURUSD,1.18425,1.18438,1.18424,1.18435,314.0
2026-02-18 03:40:00,PEPPERSTONE:EURUSD,1.18436,1.18447,1.18428,1.18438,255.0
2026-02-18 03:45:00,PEPPERSTONE:EURUSD,1.18437,1.18448,1.18431,1.18447,205.0
2026-02-18 03:50:00,PEPPERSTONE:EURUSD,1.18449,1.18454,1.18434,1.18443,287.0
2026-02-18 03:55:00,PEPPERSTONE:EURUSD,1.18442,1.18461,1.18434,1.18449,278.0
2026-02-18 04:00:00,PEPPERSTONE:EURUSD,1.18447,1.18466,1.1842,1.18452,536.0
2026-02-18 04:05:00,PEPPERSTONE:EURUSD,1.18452,1.18458,1.18427,1.18429,471.0
2026-02-18 04:10:00,PEPPERSTONE:EURUSD,1.18428,1.18433,1.18391,1.18393,494.0
2026-02-18 04:15:00,PEPPERSTONE:EURUSD,1.18392,1.18392,1.1836,1.18367,517.0
2026-02-18 04:20:00,PEPPERSTONE:EURUSD,1.18366,1.18382,1.18355,1.1836,558.0
2026-02-18 04:25:00,PEPPERSTONE:EURUSD,1.18361,1.18383,1.18351,1.18351,389.0
2026-02-18 04:30:00,PEPPERSTONE:EURUSD,1.18352,1.18378,1.18343,1.18373,526.0
2026-02-18 04:35:00,PEPPERSTONE:EURUSD,1.18371,1.18374,1.18348,1.18365,311.0
2026-02-18 04:40:00,PEPPERSTONE:EURUSD,1.18366,1.18366,1.18336,1.1835,510.0
2026-02-18 04:45:00,PEPPERSTONE:EURUSD,1.18353,1.18354,1.18333,1.1834,607.0
2026-02-18 04:50:00,PEPPERSTONE:EURUSD,1.18341,1.18367,1.1833,1.18365,410.0
2026-02-18 04:55:00,PEPPERSTONE:EURUSD,1.18366,1.18373,1.18338,1.18349,545.0
2026-02-18 05:00:00,PEPPERSTONE:EURUSD,1.18352,1.18378,1.18335,1.18337,756.0
2026-02-18 05:05:00,PEPPERSTONE:EURUSD,1.18338,1.18347,1.18315,1.18342,588.0
2026-02-18 05:10:00,PEPPERSTONE:EURUSD,1.18343,1.18368,1.18341,1.18363,341.0
2026-02-18 05:15:00,PEPPERSTONE:EURUSD,1.18365,1.18382,1.18356,1.18371,503.0
2026-02-18 05:20:00,PEPPERSTONE:EURUSD,1.1837,1.18383,1.1832,1.18322,529.0
2026-02-18 05:25:00,PEPPERSTONE:EURUSD,1.1832,1.18364,1.18313,1.18361,568.0
2026-02-18 05:30:00,PEPPERSTONE:EURUSD,1.18362,1.18371,1.18355,1.18364,540.0
2026-02-18 05:35:00,PEPPERSTONE:EURUSD,1.18363,1.18366,1.18333,1.18334,419.0
2026-02-18 05:40:00,PEPPERSTONE:EURUSD,1.18334,1.18339,1.18286,1.18291,602.0
2026-02-18 05:45:00,PEPPERSTONE:EURUSD,1.18289,1.18319,1.18289,1.183,734.0
2026-02-18 05:50:00,PEPPERSTONE:EURUSD,1.183,1.18324,1.18291,1.18306,562.0
2026-02-18 05:55:00,PEPPERSTONE:EURUSD,1.18307,1.1833,1.18299,1.18312,505.0
2026-02-18 06:00:00,PEPPERSTONE:EURUSD,1.18311,1.18353,1.183,1.18338,608.0
2026-02-18 06:05:00,PEPPERSTONE:EURUSD,1.18337,1.18387,1.1833,1.18384,679.0
2026-02-18 06:10:00,PEPPERSTONE:EURUSD,1.18381,1.18384,1.18343,1.18361,573.0
2026-02-18 06:15:00,PEPPERSTONE:EURUSD,1.1836,1.18363,1.18327,1.1834,472.0
2026-02-18 06:20:00,PEPPERSTONE:EURUSD,1.18342,1.18358,1.18338,1.18348,526.0
2026-02-18 06:25:00,PEPPERSTONE:EURUSD,1.18347,1.18352,1.18336,1.18345,473.0
2026-02-18 06:30:00,PEPPERSTONE:EURUSD,1.18344,1.18353,1.18335,1.18344,454.0
2026-02-18 06:35:00,PEPPERSTONE:EURUSD,1.18345,1.18351,1.18338,1.18342,409.0
2026-02-18 06:40:00,PEPPERSTONE:EURUSD,1.18341,1.18342,1.18285,1.18312,619.0
2026-02-18 06:45:00,PEPPERSTONE:EURUSD,1.18313,1.18339,1.18308,1.18339,477.0
2026-02-18 06:50:00,PEPPERSTONE:EURUSD,1.18337,1.18379,1.18336,1.18364,448.0
2026-02-18 06:55:00,PEPPERSTONE:EURUSD,1.18363,1.1838,1.1836,1.18361,512.0
2026-02-18 07:00:00,PEPPERSTONE:EURUSD,1.1836,1.18383,1.18352,1.18377,611.0
2026-02-18 07:05:00,PEPPERSTONE:EURUSD,1.18378,1.18401,1.18375,1.18397,776.0
2026-02-18 07:10:00,PEPPERSTONE:EURUSD,1.18399,1.18406,1.18386,1.18388,509.0
2026-02-18 07:15:00,PEPPERSTONE:EURUSD,1.18389,1.18394,1.18379,1.18385,376.0
2026-02-18 07:20:00,PEPPERSTONE:EURUSD,1.18384,1.18409,1.18378,1.18406,476.0
2026-02-18 07:25:00,PEPPERSTONE:EURUSD,1.18407,1.18409,1.1839,1.18393,235.0
2026-02-18 07:30:00,PEPPERSTONE:EURUSD,1.18392,1.18394,1.18334,1.18335,439.0
2026-02-18 07:35:00,PEPPERSTONE:EURUSD,1.18334,1.18352,1.18326,1.18352,674.0
2026-02-18 07:40:00,PEPPERSTONE:EURUSD,1.18351,1.18351,1.18324,1.18338,536.0
2026-02-18 07:45:00,PEPPERSTONE:EURUSD,1.18336,1.18362,1.18336,1.18357,378.0
2026-02-18 07:50:00,PEPPERSTONE:EURUSD,1.18358,1.18362,1.1834,1.18349,418.0
2026-02-18 07:55:00,PEPPERSTONE:EURUSD,1.1835,1.18351,1.18308,1.18323,557.0
2026-02-18 08:00:00,PEPPERSTONE:EURUSD,1.18321,1.18327,1.18309,1.18317,366.0
2026-02-18 08:05:00,PEPPERSTONE:EURUSD,1.18318,1.18324,1.1831,1.18317,410.0
2026-02-18 08:10:00,PEPPERSTONE:EURUSD,1.18316,1.18332,1.18314,1.18321,326.0
2026-02-18 08:15:00,PEPPERSTONE:EURUSD,1.1832,1.18335,1.18306,1.1833,332.0
2026-02-18 08:20:00,PEPPERSTONE:EURUSD,1.18331,1.18332,1.18309,1.18315,460.0
2026-02-18 08:25:00,PEPPERSTONE:EURUSD,1.18317,1.18323,1.18309,1.1832,405.0
2026-02-18 08:30:00,PEPPERSTONE:EURUSD,1.18321,1.18351,1.18321,1.1834,360.0
2026-02-18 08:35:00,PEPPERSTONE:EURUSD,1.18336,1.18349,1.18331,1.18347,389.0
2026-02-18 08:40:00,PEPPERSTONE:EURUSD,1.18346,1.18353,1.18338,1.1834,252.0
2026-02-18 08:45:00,PEPPERSTONE:EURUSD,1.18341,1.18364,1.18336,1.18362,335.0
2026-02-18 08:50:00,PEPPERSTONE:EURUSD,1.18362,1.1838,1.18346,1.18355,352.0
2026-02-18 08:55:00,PEPPERSTONE:EURUSD,1.18357,1.18357,1.18329,1.18346,596.0
2026-02-18 09:00:00,PEPPERSTONE:EURUSD,1.18349,1.18367,1.18346,1.18347,488.0
2026-02-18 09:05:00,PEPPERSTONE:EURUSD,1.18346,1.18361,1.18337,1.18359,501.0
2026-02-18 09:10:00,PEPPERSTONE:EURUSD,1.1836,1.18384,1.18359,1.18372,551.0
2026-02-18 09:15:00,PEPPERSTONE:EURUSD,1.1837,1.18398,1.18369,1.18385,462.0
2026-02-18 09:20:00,PEPPERSTONE:EURUSD,1.18386,1.18412,1.18383,1.18406,681.0
2026-02-18 09:25:00,PEPPERSTONE:EURUSD,1.18408,1.18431,1.18395,1.18428,469.0
2026-02-18 09:30:00,PEPPERSTONE:EURUSD,1.18427,1.18443,1.18407,1.18436,616.0
2026-02-18 09:35:00,PEPPERSTONE:EURUSD,1.18435,1.18473,1.18435,1.18457,525.0
2026-02-18 09:40:00,PEPPERSTONE:EURUSD,1.18458,1.18458,1.1844,1.18442,581.0
2026-02-18 09:45:00,PEPPERSTONE:EURUSD,1.18444,1.18444,1.1841,1.18433,593.0
2026-02-18 09:50:00,PEPPERSTONE:EURUSD,1.18432,1.18435,1.18389,1.18391,531.0
2026-02-18 09:55:00,PEPPERSTONE:EURUSD,1.18389,1.18412,1.18385,1.18399,650.0
2026-02-18 10:00:00,PEPPERSTONE:EURUSD,1.184,1.18449,1.18398,1.18444,691.0
2026-02-18 10:05:00,PEPPERSTONE:EURUSD,1.18446,1.18487,1.18446,1.1845,693.0
2026-02-18 10:10:00,PEPPERSTONE:EURUSD,1.18448,1.18457,1.1843,1.18445,542.0
2026-02-18 10:15:00,PEPPERSTONE:EURUSD,1.18447,1.18463,1.18443,1.18447,539.0
2026-02-18 10:20:00,PEPPERSTONE:EURUSD,1.18448,1.18454,1.18406,1.18413,713.0
2026-02-18 10:25:00,PEPPERSTONE:EURUSD,1.18412,1.18414,1.18372,1.18374,648.0
2026-02-18 10:30:00,PEPPERSTONE:EURUSD,1.18373,1.18389,1.18351,1.18353,698.0
2026-02-18 10:35:00,PEPPERSTONE:EURUSD,1.18355,1.18369,1.18341,1.18346,693.0
2026-02-18 10:40:00,PEPPERSTONE:EURUSD,1.18347,1.18355,1.18317,1.18321,776.0
2026-02-18 10:45:00,PEPPERSTONE:EURUSD,1.18322,1.18331,1.18298,1.18304,565.0
2026-02-18 10:50:00,PEPPERSTONE:EURUSD,1.18305,1.18316,1.18271,1.18292,717.0
2026-02-18 10:55:00,PEPPERSTONE:EURUSD,1.18291,1.18291,1.18236,1.18237,640.0
2026-02-18 11:00:00,PEPPERSTONE:EURUSD,1.18238,1.18278,1.18235,1.18267,804.0
2026-02-18 11:05:00,PEPPERSTONE:EURUSD,1.18265,1.18273,1.18229,1.18231,807.0
2026-02-18 11:10:00,PEPPERSTONE:EURUSD,1.1823,1.18244,1.18218,1.18237,602.0
2026-02-18 11:15:00,PEPPERSTONE:EURUSD,1.18238,1.18239,1.18201,1.18218,672.0
2026-02-18 11:20:00,PEPPERSTONE:EURUSD,1.18216,1.1822,1.18122,1.18137,860.0
2026-02-18 11:25:00,PEPPERSTONE:EURUSD,1.18135,1.182,1.18135,1.18176,862.0
2026-02-18 11:30:00,PEPPERSTONE:EURUSD,1.18177,1.18219,1.18173,1.18185,916.0
2026-02-18 11:35:00,PEPPERSTONE:EURUSD,1.18186,1.18219,1.18176,1.18196,983.0
2026-02-18 11:40:00,PEPPERSTONE:EURUSD,1.18196,1.18202,1.18163,1.18167,880.0
2026-02-18 11:45:00,PEPPERSTONE:EURUSD,1.18165,1.18178,1.18154,1.18168,886.0
2026-02-18 11:50:00,PEPPERSTONE:EURUSD,1.18171,1.18204,1.1817,1.18195,672.0
2026-02-18 11:55:00,PEPPERSTONE:EURUSD,1.18194,1.18194,1.1814,1.18152,967.0
2026-02-18 12:00:00,PEPPERSTONE:EURUSD,1.18154,1.18267,1.18137,1.18262,1104.0
2026-02-18 12:05:00,PEPPERSTONE:EURUSD,1.18264,1.18266,1.18198,1.1823,765.0
2026-02-18 12:10:00,PEPPERSTONE:EURUSD,1.18229,1.1823,1.18199,1.18206,791.0
2026-02-18 12:15:00,PEPPERSTONE:EURUSD,1.18208,1.18209,1.18165,1.18187,847.0
2026-02-18 12:20:00,PEPPERSTONE:EURUSD,1.18186,1.18191,1.18147,1.18152,728.0
2026-02-18 12:25:00,PEPPERSTONE:EURUSD,1.18154,1.18194,1.18154,1.18192,624.0
2026-02-18 12:30:00,PEPPERSTONE:EURUSD,1.18194,1.18211,1.18184,1.18209,623.0
2026-02-18 12:35:00,PEPPERSTONE:EURUSD,1.18211,1.18239,1.18205,1.18231,654.0
2026-02-18 12:40:00,PEPPERSTONE:EURUSD,1.18232,1.18244,1.18218,1.18231,623.0
2026-02-18 12:45:00,PEPPERSTONE:EURUSD,1.1823,1.18264,1.18223,1.18259,655.0
2026-02-18 12:50:00,PEPPERSTONE:EURUSD,1.18258,1.18259,1.18159,1.18185,906.0
2026-02-18 12:55:00,PEPPERSTONE:EURUSD,1.18191,1.18229,1.18187,1.18227,747.0
2026-02-18 13:00:00,PEPPERSTONE:EURUSD,1.18226,1.1824,1.1819,1.18239,821.0
2026-02-18 13:05:00,PEPPERSTONE:EURUSD,1.1824,1.18263,1.18213,1.18216,763.0
2026-02-18 13:10:00,PEPPERSTONE:EURUSD,1.18215,1.18221,1.18155,1.18191,717.0
2026-02-18 13:15:00,PEPPERSTONE:EURUSD,1.18193,1.18194,1.18146,1.18153,571.0
2026-02-18 13:20:00,PEPPERSTONE:EURUSD,1.18152,1.18163,1.18129,1.18156,658.0
2026-02-18 13:25:00,PEPPERSTONE:EURUSD,1.18155,1.18159,1.18119,1.18129,676.0
2026-02-18 13:30:00,PEPPERSTONE:EURUSD,1.18128,1.18168,1.1812,1.18157,707.0
2026-02-18 13:35:00,PEPPERSTONE:EURUSD,1.18156,1.18176,1.18104,1.18111,596.0
2026-02-18 13:40:00,PEPPERSTONE:EURUSD,1.1811,1.18135,1.181,1.1811,702.0
2026-02-18 13:45:00,PEPPERSTONE:EURUSD,1.18109,1.18144,1.18109,1.18128,722.0
2026-02-18 13:50:00,PEPPERSTONE:EURUSD,1.18127,1.18138,1.181,1.18104,649.0
2026-02-18 13:55:00,PEPPERSTONE:EURUSD,1.18103,1.18119,1.18092,1.18096,687.0
2026-02-18 14:00:00,PEPPERSTONE:EURUSD,1.18098,1.18106,1.18061,1.18082,760.0
2026-02-18 14:05:00,PEPPERSTONE:EURUSD,1.18085,1.18113,1.18082,1.18113,622.0
2026-02-18 14:10:00,PEPPERSTONE:EURUSD,1.1811,1.18143,1.18105,1.18122,534.0
2026-02-18 14:15:00,PEPPERSTONE:EURUSD,1.18123,1.18123,1.18067,1.18072,464.0
2026-02-18 14:20:00,PEPPERSTONE:EURUSD,1.18071,1.18093,1.18071,1.18085,303.0
2026-02-18 14:25:00,PEPPERSTONE:EURUSD,1.18087,1.18095,1.18065,1.18093,546.0
2026-02-18 14:30:00,PEPPERSTONE:EURUSD,1.18094,1.18101,1.18069,1.18072,398.0
2026-02-18 14:35:00,PEPPERSTONE:EURUSD,1.18071,1.1808,1.18019,1.18027,611.0
2026-02-18 14:40:00,PEPPERSTONE:EURUSD,1.18032,1.18064,1.18031,1.18055,392.0
2026-02-18 14:45:00,PEPPERSTONE:EURUSD,1.18055,1.18063,1.18032,1.18045,438.0
2026-02-18 14:50:00,PEPPERSTONE:EURUSD,1.18047,1.18049,1.1803,1.18039,501.0
2026-02-18 14:55:00,PEPPERSTONE:EURUSD,1.18041,1.18062,1.18028,1.1806,544.0
2026-02-18 15:00:00,PEPPERSTONE:EURUSD,1.18061,1.18073,1.18057,1.18073,478.0
2026-02-18 15:05:00,PEPPERSTONE:EURUSD,1.18071,1.18073,1.18018,1.18025,415.0
2026-02-18 15:10:00,PEPPERSTONE:EURUSD,1.18026,1.18029,1.18015,1.1802,434.0
2026-02-18 15:15:00,PEPPERSTONE:EURUSD,1.18022,1.18024,1.17991,1.17995,476.0
2026-02-18 15:20:00,PEPPERSTONE:EURUSD,1.17997,1.18,1.17947,1.1796,604.0
2026-02-18 15:25:00,PEPPERSTONE:EURUSD,1.17961,1.17962,1.17935,1.17942,603.0
2026-02-18 15:30:00,PEPPERSTONE:EURUSD,1.17943,1.17946,1.17904,1.17904,610.0
2026-02-18 15:35:00,PEPPERSTONE:EURUSD,1.17906,1.17922,1.17898,1.17917,531.0
2026-02-18 15:40:00,PEPPERSTONE:EURUSD,1.17914,1.17923,1.179,1.17904,654.0
2026-02-18 15:45:00,PEPPERSTONE:EURUSD,1.17902,1.17911,1.17878,1.17901,576.0
2026-02-18 15:50:00,PEPPERSTONE:EURUSD,1.17897,1.17906,1.17875,1.17902,517.0
2026-02-18 15:55:00,PEPPERSTONE:EURUSD,1.17901,1.1792,1.17899,1.17906,566.0
2026-02-18 16:00:00,PEPPERSTONE:EURUSD,1.179,1.17949,1.17856,1.17903,1070.0
2026-02-18 16:05:00,PEPPERSTONE:EURUSD,1.17906,1.17927,1.1787,1.17898,877.0
2026-02-18 16:10:00,PEPPERSTONE:EURUSD,1.17899,1.17906,1.17873,1.17876,617.0
2026-02-18 16:15:00,PEPPERSTONE:EURUSD,1.17877,1.17884,1.17849,1.17864,604.0
2026-02-18 16:20:00,PEPPERSTONE:EURUSD,1.17863,1.17872,1.1785,1.17867,586.0
2026-02-18 16:25:00,PEPPERSTONE:EURUSD,1.17869,1.17891,1.1785,1.17852,623.0
2026-02-18 16:30:00,PEPPERSTONE:EURUSD,1.17853,1.17886,1.17837,1.17873,706.0
2026-02-18 16:35:00,PEPPERSTONE:EURUSD,1.17876,1.17887,1.17866,1.1787,664.0
2026-02-18 16:40:00,PEPPERSTONE:EURUSD,1.17871,1.17872,1.17842,1.17852,850.0
2026-02-18 16:45:00,PEPPERSTONE:EURUSD,1.17853,1.1787,1.17847,1.17847,570.0
2026-02-18 16:50:00,PEPPERSTONE:EURUSD,1.17848,1.17853,1.17839,1.17845,411.0
2026-02-18 16:55:00,PEPPERSTONE:EURUSD,1.17846,1.17875,1.17842,1.17873,555.0
2026-02-18 17:00:00,PEPPERSTONE:EURUSD,1.17872,1.17894,1.17866,1.17891,456.0
2026-02-18 17:05:00,PEPPERSTONE:EURUSD,1.17893,1.17904,1.17876,1.17877,498.0
2026-02-18 17:10:00,PEPPERSTONE:EURUSD,1.17873,1.17876,1.17849,1.17855,467.0
2026-02-18 17:15:00,PEPPERSTONE:EURUSD,1.17856,1.17866,1.1785,1.17853,463.0
2026-02-18 17:20:00,PEPPERSTONE:EURUSD,1.17852,1.17862,1.17838,1.17842,384.0
2026-02-18 17:25:00,PEPPERSTONE:EURUSD,1.17839,1.17844,1.17828,1.17831,432.0
2026-02-18 17:30:00,PEPPERSTONE:EURUSD,1.1783,1.17867,1.17824,1.17859,510.0
2026-02-18 17:35:00,PEPPERSTONE:EURUSD,1.17857,1.17859,1.17846,1.17851,374.0
2026-02-18 17:40:00,PEPPERSTONE:EURUSD,1.1785,1.1786,1.17824,1.17827,481.0
2026-02-18 17:45:00,PEPPERSTONE:EURUSD,1.17828,1.1783,1.17821,1.17829,510.0
2026-02-18 17:50:00,PEPPERSTONE:EURUSD,1.1783,1.1785,1.1783,1.1784,360.0
2026-02-18 17:55:00,PEPPERSTONE:EURUSD,1.17838,1.17846,1.17829,1.17837,357.0
2026-02-18 18:00:00,PEPPERSTONE:EURUSD,1.17837,1.17858,1.17828,1.17846,407.0
2026-02-18 18:05:00,PEPPERSTONE:EURUSD,1.17846,1.17872,1.17846,1.17872,358.0
2026-02-18 18:10:00,PEPPERSTONE:EURUSD,1.17872,1.17874,1.17849,1.1785,204.0
2026-02-18 18:15:00,PEPPERSTONE:EURUSD,1.1785,1.17865,1.17848,1.1786,301.0
2026-02-18 18:20:00,PEPPERSTONE:EURUSD,1.17859,1.17865,1.17856,1.17858,275.0
2026-02-18 18:25:00,PEPPERSTONE:EURUSD,1.17858,1.17872,1.17857,1.17867,303.0
2026-02-18 18:30:00,PEPPERSTONE:EURUSD,1.17867,1.17869,1.17857,1.1786,266.0
2026-02-18 18:35:00,PEPPERSTONE:EURUSD,1.17858,1.17859,1.17837,1.17846,226.0
2026-02-18 18:40:00,PEPPERSTONE:EURUSD,1.17845,1.17854,1.17843,1.17853,157.0
2026-02-18 18:45:00,PEPPERSTONE:EURUSD,1.17852,1.17856,1.17841,1.17847,134.0
2026-02-18 18:50:00,PEPPERSTONE:EURUSD,1.17845,1.17849,1.17825,1.17837,241.0
2026-02-18 18:55:00,PEPPERSTONE:EURUSD,1.17835,1.17843,1.17829,1.17836,242.0
2026-02-18 19:00:00,PEPPERSTONE:EURUSD,1.17837,1.17838,1.17826,1.1783,50.0
2026-02-18 19:05:00,PEPPERSTONE:EURUSD,1.17831,1.17837,1.1783,1.17832,30.0
2026-02-18 19:10:00,PEPPERSTONE:EURUSD,1.17833,1.17835,1.17827,1.1783,64.0
2026-02-18 19:15:00,PEPPERSTONE:EURUSD,1.17831,1.17842,1.1783,1.17842,48.0
2026-02-18 19:20:00,PEPPERSTONE:EURUSD,1.17839,1.17847,1.17832,1.17833,61.0
2026-02-18 19:25:00,PEPPERSTONE:EURUSD,1.17834,1.17836,1.17833,1.17836,12.0
2026-02-18 19:30:00,PEPPERSTONE:EURUSD,1.17834,1.17847,1.17833,1.17843,43.0
2026-02-18 19:35:00,PEPPERSTONE:EURUSD,1.17843,1.17844,1.17842,1.17842,39.0
2026-02-18 19:40:00,PEPPERSTONE:EURUSD,1.17843,1.17851,1.17839,1.17846,282.0
2026-02-18 19:45:00,PEPPERSTONE:EURUSD,1.17846,1.17853,1.17837,1.17843,79.0
2026-02-18 19:50:00,PEPPERSTONE:EURUSD,1.17843,1.17843,1.17837,1.17838,27.0
2026-02-18 19:55:00,PEPPERSTONE:EURUSD,1.17838,1.17843,1.17838,1.1784,54.0
2026-02-18 20:00:00,PEPPERSTONE:EURUSD,1.17847,1.17892,1.17847,1.17887,478.0
2026-02-18 20:05:00,PEPPERSTONE:EURUSD,1.17888,1.17891,1.17881,1.17886,363.0
2026-02-18 20:10:00,PEPPERSTONE:EURUSD,1.17887,1.17896,1.17875,1.17892,474.0
2026-02-18 20:15:00,PEPPERSTONE:EURUSD,1.17894,1.17899,1.17877,1.17879,428.0
2026-02-18 20:20:00,PEPPERSTONE:EURUSD,1.1788,1.1789,1.17876,1.17889,359.0
2026-02-18 20:25:00,PEPPERSTONE:EURUSD,1.17888,1.17897,1.17882,1.1789,364.0
2026-02-18 20:30:00,PEPPERSTONE:EURUSD,1.17891,1.17897,1.17887,1.17893,293.0
2026-02-18 20:35:00,PEPPERSTONE:EURUSD,1.17895,1.17896,1.17882,1.17889,207.0
2026-02-18 20:40:00,PEPPERSTONE:EURUSD,1.1789,1.1789,1.1788,1.17887,125.0
2026-02-18 20:45:00,PEPPERSTONE:EURUSD,1.17886,1.17888,1.17878,1.17879,175.0
2026-02-18 20:50:00,PEPPERSTONE:EURUSD,1.17879,1.17883,1.17876,1.17879,137.0
2026-02-18 20:55:00,PEPPERSTONE:EURUSD,1.17878,1.17889,1.17872,1.17886,269.0
2026-02-18 21:00:00,PEPPERSTONE:EURUSD,1.17887,1.1789,1.17876,1.17879,359.0
2026-02-18 21:05:00,PEPPERSTONE:EURUSD,1.17878,1.17891,1.17873,1.17879,416.0
2026-02-18 21:10:00,PEPPERSTONE:EURUSD,1.17881,1.17883,1.17874,1.17879,250.0
2026-02-18 21:15:00,PEPPERSTONE:EURUSD,1.17882,1.17882,1.17862,1.17866,402.0
2026-02-18 21:20:00,PEPPERSTONE:EURUSD,1.17866,1.17893,1.17863,1.1789,414.0
2026-02-18 21:25:00,PEPPERSTONE:EURUSD,1.17891,1.17899,1.17884,1.17895,563.0
2026-02-18 21:30:00,PEPPERSTONE:EURUSD,1.17897,1.17907,1.17887,1.17889,758.0
2026-02-18 21:35:00,PEPPERSTONE:EURUSD,1.17888,1.17891,1.17859,1.17865,732.0
2026-02-18 21:40:00,PEPPERSTONE:EURUSD,1.17866,1.17871,1.17853,1.17859,586.0
2026-02-18 21:45:00,PEPPERSTONE:EURUSD,1.1786,1.1788,1.17856,1.17874,538.0
2026-02-18 21:50:00,PEPPERSTONE:EURUSD,1.17873,1.17907,1.17873,1.17903,705.0
2026-02-18 21:55:00,PEPPERSTONE:EURUSD,1.17901,1.17919,1.17889,1.17901,666.0
2026-02-18 22:00:00,PEPPERSTONE:EURUSD,1.17902,1.17943,1.17897,1.17928,661.0
2026-02-18 22:05:00,PEPPERSTONE:EURUSD,1.17931,1.17941,1.17913,1.17935,531.0
2026-02-18 22:10:00,PEPPERSTONE:EURUSD,1.17936,1.17944,1.17923,1.17944,622.0
2026-02-18 22:15:00,PEPPERSTONE:EURUSD,1.17942,1.17952,1.17936,1.17942,482.0
2026-02-18 22:20:00,PEPPERSTONE:EURUSD,1.17943,1.17945,1.17911,1.17917,470.0
2026-02-18 22:25:00,PEPPERSTONE:EURUSD,1.17915,1.17927,1.17906,1.17914,513.0
2026-02-18 22:30:00,PEPPERSTONE:EURUSD,1.17913,1.17922,1.17906,1.1792,393.0
2026-02-18 22:35:00,PEPPERSTONE:EURUSD,1.17921,1.17928,1.17908,1.17921,396.0
2026-02-18 22:40:00,PEPPERSTONE:EURUSD,1.1792,1.17926,1.1791,1.17918,509.0
2026-02-18 22:45:00,PEPPERSTONE:EURUSD,1.17917,1.17941,1.17916,1.17932,411.0
2026-02-18 22:50:00,PEPPERSTONE:EURUSD,1.17931,1.17952,1.17926,1.17952,217.0
2026-02-18 22:55:00,PEPPERSTONE:EURUSD,1.17953,1.17953,1.17939,1.17946,304.0
2026-02-18 23:00:00,PEPPERSTONE:EURUSD,1.17945,1.17951,1.17929,1.17944,408.0
2026-02-18 23:05:00,PEPPERSTONE:EURUSD,1.17943,1.17944,1.17926,1.17937,443.0
2026-02-18 23:10:00,PEPPERSTONE:EURUSD,1.17938,1.17946,1.17937,1.17942,183.0
2026-02-18 23:15:00,PEPPERSTONE:EURUSD,1.17941,1.17943,1.17925,1.17941,358.0
2026-02-18 23:20:00,PEPPERSTONE:EURUSD,1.1794,1.17952,1.1792,1.1792,398.0
2026-02-18 23:25:00,PEPPERSTONE:EURUSD,1.17922,1.17944,1.17915,1.17932,623.0
2026-02-18 23:30:00,PEPPERSTONE:EURUSD,1.17933,1.17958,1.17927,1.17949,390.0
2026-02-18 23:35:00,PEPPERSTONE:EURUSD,1.1795,1.1795,1.17935,1.17946,366.0
2026-02-18 23:40:00,PEPPERSTONE:EURUSD,1.17947,1.17956,1.17943,1.1795,355.0
2026-02-18 23:45:00,PEPPERSTONE:EURUSD,1.17949,1.17951,1.1794,1.17941,203.0
2026-02-18 23:50:00,PEPPERSTONE:EURUSD,1.1794,1.1794,1.17904,1.17913,397.0
2026-02-18 23:55:00,PEPPERSTONE:EURUSD,1.17916,1.17923,1.17904,1.17911,542.0
2026-02-19 00:00:00,PEPPERSTONE:EURUSD,1.17912,1.17927,1.17907,1.17919,342.0
2026-02-19 00:05:00,PEPPERSTONE:EURUSD,1.1792,1.1793,1.17919,1.17925,210.0
2026-02-19 00:10:00,PEPPERSTONE:EURUSD,1.17924,1.17929,1.17907,1.1792,280.0
2026-02-19 00:15:00,PEPPERSTONE:EURUSD,1.1792,1.1793,1.17913,1.17926,184.0
2026-02-19 00:20:00,PEPPERSTONE:EURUSD,1.17925,1.17926,1.17894,1.17894,210.0
2026-02-19 00:25:00,PEPPERSTONE:EURUSD,1.17895,1.17898,1.17879,1.17891,372.0
2026-02-19 00:30:00,PEPPERSTONE:EURUSD,1.17892,1.17914,1.17879,1.17902,369.0
2026-02-19 00:35:00,PEPPERSTONE:EURUSD,1.17901,1.17901,1.17885,1.17889,391.0
2026-02-19 00:40:00,PEPPERSTONE:EURUSD,1.1789,1.17902,1.17885,1.17893,322.0
2026-02-19 00:45:00,PEPPERSTONE:EURUSD,1.17894,1.17902,1.17889,1.17896,363.0
2026-02-19 00:50:00,PEPPERSTONE:EURUSD,1.17895,1.17897,1.1788,1.17894,319.0
2026-02-19 00:55:00,PEPPERSTONE:EURUSD,1.17895,1.1791,1.17894,1.17907,243.0
2026-02-19 01:00:00,PEPPERSTONE:EURUSD,1.17907,1.17918,1.17885,1.17891,294.0
2026-02-19 01:05:00,PEPPERSTONE:EURUSD,1.17892,1.17893,1.1787,1.17876,277.0
2026-02-19 01:10:00,PEPPERSTONE:EURUSD,1.17875,1.17881,1.17867,1.17874,453.0
2026-02-19 01:15:00,PEPPERSTONE:EURUSD,1.17876,1.17885,1.17873,1.17881,222.0
2026-02-19 01:20:00,PEPPERSTONE:EURUSD,1.17882,1.17885,1.17853,1.1787,476.0
2026-02-19 01:25:00,PEPPERSTONE:EURUSD,1.17867,1.17874,1.17858,1.17864,399.0
2026-02-19 01:30:00,PEPPERSTONE:EURUSD,1.17865,1.17892,1.17864,1.17889,372.0
2026-02-19 01:35:00,PEPPERSTONE:EURUSD,1.17889,1.17889,1.17863,1.17866,323.0
2026-02-19 01:40:00,PEPPERSTONE:EURUSD,1.17866,1.17878,1.17853,1.17853,214.0
2026-02-19 01:45:00,PEPPERSTONE:EURUSD,1.17855,1.17862,1.17846,1.17858,267.0
2026-02-19 01:50:00,PEPPERSTONE:EURUSD,1.17857,1.17881,1.17855,1.17877,251.0
2026-02-19 01:55:00,PEPPERSTONE:EURUSD,1.17875,1.17905,1.17875,1.17895,376.0
2026-02-19 02:00:00,PEPPERSTONE:EURUSD,1.17893,1.17896,1.17871,1.1788,288.0
2026-02-19 02:05:00,PEPPERSTONE:EURUSD,1.17879,1.17892,1.17875,1.1788,378.0
2026-02-19 02:10:00,PEPPERSTONE:EURUSD,1.17874,1.17882,1.17869,1.17874,312.0
2026-02-19 02:15:00,PEPPERSTONE:EURUSD,1.1787,1.1789,1.17865,1.17885,325.0
2026-02-19 02:20:00,PEPPERSTONE:EURUSD,1.17886,1.17886,1.17879,1.17885,227.0
2026-02-19 02:25:00,PEPPERSTONE:EURUSD,1.17884,1.17906,1.17884,1.17899,279.0
2026-02-19 02:30:00,PEPPERSTONE:EURUSD,1.17901,1.17911,1.17898,1.17908,218.0
2026-02-19 02:35:00,PEPPERSTONE:EURUSD,1.17907,1.17918,1.17902,1.17915,293.0
2026-02-19 02:40:00,PEPPERSTONE:EURUSD,1.17916,1.17927,1.1791,1.17925,218.0
2026-02-19 02:45:00,PEPPERSTONE:EURUSD,1.17923,1.17929,1.17912,1.1792,365.0
2026-02-19 02:50:00,PEPPERSTONE:EURUSD,1.17919,1.17919,1.17907,1.1791,414.0
2026-02-19 02:55:00,PEPPERSTONE:EURUSD,1.1791,1.17924,1.179,1.17916,472.0
2026-02-19 03:00:00,PEPPERSTONE:EURUSD,1.17915,1.17925,1.17901,1.17902,345.0
2026-02-19 03:05:00,PEPPERSTONE:EURUSD,1.17901,1.17927,1.17898,1.17914,367.0
2026-02-19 03:10:00,PEPPERSTONE:EURUSD,1.17915,1.17933,1.17914,1.17932,308.0
2026-02-19 03:15:00,PEPPERSTONE:EURUSD,1.1793,1.17966,1.1793,1.17957,417.0
2026-02-19 03:20:00,PEPPERSTONE:EURUSD,1.17956,1.1798,1.17948,1.17976,414.0
2026-02-19 03:25:00,PEPPERSTONE:EURUSD,1.17975,1.1799,1.17974,1.17986,437.0
2026-02-19 03:30:00,PEPPERSTONE:EURUSD,1.17988,1.17988,1.17968,1.1797,428.0
2026-02-19 03:35:00,PEPPERSTONE:EURUSD,1.1797,1.17986,1.17968,1.17982,374.0
2026-02-19 03:40:00,PEPPERSTONE:EURUSD,1.17981,1.17992,1.17963,1.17983,426.0
2026-02-19 03:45:00,PEPPERSTONE:EURUSD,1.17984,1.17985,1.1797,1.1798,450.0
2026-02-19 03:50:00,PEPPERSTONE:EURUSD,1.17979,1.18009,1.17976,1.18001,500.0
2026-02-19 03:55:00,PEPPERSTONE:EURUSD,1.18,1.18002,1.17982,1.17984,400.0
2026-02-19 04:00:00,PEPPERSTONE:EURUSD,1.17983,1.17983,1.17944,1.17953,555.0
2026-02-19 04:05:00,PEPPERSTONE:EURUSD,1.17955,1.17963,1.1794,1.17959,585.0
2026-02-19 04:10:00,PEPPERSTONE:EURUSD,1.17961,1.17964,1.17929,1.17947,401.0
2026-02-19 04:15:00,PEPPERSTONE:EURUSD,1.17947,1.1795,1.17933,1.17942,614.0
2026-02-19 04:20:00,PEPPERSTONE:EURUSD,1.17941,1.17956,1.17928,1.17939,635.0
2026-02-19 04:25:00,PEPPERSTONE:EURUSD,1.1794,1.17956,1.17933,1.17951,717.0
2026-02-19 04:30:00,PEPPERSTONE:EURUSD,1.17951,1.17986,1.17951,1.17985,484.0
2026-02-19 04:35:00,PEPPERSTONE:EURUSD,1.17983,1.18005,1.17979,1.18,495.0
2026-02-19 04:40:00,PEPPERSTONE:EURUSD,1.18001,1.18022,1.1798,1.18008,509.0
2026-02-19 04:45:00,PEPPERSTONE:EURUSD,1.18009,1.1801,1.17984,1.18006,425.0
2026-02-19 04:50:00,PEPPERSTONE:EURUSD,1.18005,1.18026,1.18003,1.18015,487.0
2026-02-19 04:55:00,PEPPERSTONE:EURUSD,1.18013,1.18037,1.18004,1.18006,778.0
2026-02-19 05:00:00,PEPPERSTONE:EURUSD,1.18006,1.18029,1.17983,1.18024,658.0
2026-02-19 05:05:00,PEPPERSTONE:EURUSD,1.18025,1.18032,1.18003,1.18003,541.0
2026-02-19 05:10:00,PEPPERSTONE:EURUSD,1.18002,1.18004,1.17975,1.17984,806.0
2026-02-19 05:15:00,PEPPERSTONE:EURUSD,1.17983,1.18041,1.17982,1.18041,726.0
2026-02-19 05:20:00,PEPPERSTONE:EURUSD,1.1804,1.18046,1.18,1.18004,508.0
2026-02-19 05:25:00,PEPPERSTONE:EURUSD,1.18005,1.18014,1.17972,1.17981,582.0
2026-02-19 05:30:00,PEPPERSTONE:EURUSD,1.17982,1.18025,1.17981,1.18024,471.0
2026-02-19 05:35:00,PEPPERSTONE:EURUSD,1.18026,1.18039,1.18007,1.18013,604.0
2026-02-19 05:40:00,PEPPERSTONE:EURUSD,1.18014,1.1804,1.18005,1.18038,474.0
2026-02-19 05:45:00,PEPPERSTONE:EURUSD,1.1804,1.18051,1.1802,1.18025,494.0
2026-02-19 05:50:00,PEPPERSTONE:EURUSD,1.18026,1.18034,1.17995,1.18009,597.0
2026-02-19 05:55:00,PEPPERSTONE:EURUSD,1.18007,1.18014,1.17977,1.18012,516.0
2026-02-19 06:00:00,PEPPERSTONE:EURUSD,1.18013,1.18046,1.18008,1.18031,608.0
2026-02-19 06:05:00,PEPPERSTONE:EURUSD,1.1803,1.18077,1.18027,1.18064,471.0
2026-02-19 06:10:00,PEPPERSTONE:EURUSD,1.18065,1.18075,1.18053,1.18072,454.0
2026-02-19 06:15:00,PEPPERSTONE:EURUSD,1.18071,1.18071,1.18004,1.18006,590.0
2026-02-19 06:20:00,PEPPERSTONE:EURUSD,1.18006,1.18028,1.18006,1.18022,648.0
2026-02-19 06:25:00,PEPPERSTONE:EURUSD,1.18019,1.18026,1.18,1.18014,600.0
2026-02-19 06:30:00,PEPPERSTONE:EURUSD,1.18013,1.18042,1.18008,1.18034,583.0
2026-02-19 06:35:00,PEPPERSTONE:EURUSD,1.18033,1.18035,1.18,1.18001,591.0
2026-02-19 06:40:00,PEPPERSTONE:EURUSD,1.18002,1.18014,1.17987,1.18011,567.0
2026-02-19 06:45:00,PEPPERSTONE:EURUSD,1.18013,1.18023,1.18006,1.18013,472.0
2026-02-19 06:50:00,PEPPERSTONE:EURUSD,1.18014,1.18042,1.18004,1.18032,527.0
2026-02-19 06:55:00,PEPPERSTONE:EURUSD,1.18033,1.18033,1.17999,1.18001,566.0
2026-02-19 07:00:00,PEPPERSTONE:EURUSD,1.18,1.18024,1.17986,1.18002,762.0
2026-02-19 07:05:00,PEPPERSTONE:EURUSD,1.18003,1.18033,1.17994,1.18002,712.0
2026-02-19 07:10:00,PEPPERSTONE:EURUSD,1.18001,1.18007,1.17964,1.17966,547.0
2026-02-19 07:15:00,PEPPERSTONE:EURUSD,1.17965,1.17973,1.17919,1.17919,707.0
2026-02-19 07:20:00,PEPPERSTONE:EURUSD,1.17922,1.17938,1.17921,1.1793,524.0
2026-02-19 07:25:00,PEPPERSTONE:EURUSD,1.17931,1.17931,1.179,1.17901,519.0
2026-02-19 07:30:00,PEPPERSTONE:EURUSD,1.17902,1.17914,1.17895,1.1791,611.0
2026-02-19 07:35:00,PEPPERSTONE:EURUSD,1.17912,1.17951,1.17906,1.1793,575.0
2026-02-19 07:40:00,PEPPERSTONE:EURUSD,1.17933,1.17939,1.17921,1.17921,453.0
2026-02-19 07:45:00,PEPPERSTONE:EURUSD,1.17922,1.17933,1.17901,1.17901,501.0
2026-02-19 07:50:00,PEPPERSTONE:EURUSD,1.17902,1.17915,1.179,1.17909,494.0
2026-02-19 07:55:00,PEPPERSTONE:EURUSD,1.17908,1.17908,1.17877,1.1789,469.0
2026-02-19 08:00:00,PEPPERSTONE:EURUSD,1.17888,1.17903,1.17875,1.17884,491.0
2026-02-19 08:05:00,PEPPERSTONE:EURUSD,1.17882,1.17898,1.17877,1.17895,406.0
2026-02-19 08:10:00,PEPPERSTONE:EURUSD,1.17896,1.17905,1.17887,1.17887,567.0
2026-02-19 08:15:00,PEPPERSTONE:EURUSD,1.17886,1.17893,1.17829,1.17831,634.0
2026-02-19 08:20:00,PEPPERSTONE:EURUSD,1.1783,1.17849,1.17825,1.17849,474.0
2026-02-19 08:25:00,PEPPERSTONE:EURUSD,1.17848,1.17848,1.17812,1.17815,546.0
2026-02-19 08:30:00,PEPPERSTONE:EURUSD,1.17814,1.17822,1.17798,1.17809,481.0
2026-02-19 08:35:00,PEPPERSTONE:EURUSD,1.17808,1.17809,1.17768,1.17774,635.0
2026-02-19 08:40:00,PEPPERSTONE:EURUSD,1.17773,1.17788,1.17764,1.17779,636.0
2026-02-19 08:45:00,PEPPERSTONE:EURUSD,1.1778,1.17795,1.17772,1.17788,660.0
2026-02-19 08:50:00,PEPPERSTONE:EURUSD,1.17787,1.17812,1.17785,1.17795,729.0
2026-02-19 08:55:00,PEPPERSTONE:EURUSD,1.17794,1.17809,1.17791,1.17809,656.0
2026-02-19 09:00:00,PEPPERSTONE:EURUSD,1.17807,1.17807,1.17766,1.17788,549.0
2026-02-19 09:05:00,PEPPERSTONE:EURUSD,1.17789,1.17809,1.17776,1.17788,491.0
2026-02-19 09:10:00,PEPPERSTONE:EURUSD,1.17785,1.17785,1.17757,1.17764,621.0
2026-02-19 09:15:00,PEPPERSTONE:EURUSD,1.17765,1.1777,1.17722,1.17745,647.0
2026-02-19 09:20:00,PEPPERSTONE:EURUSD,1.17744,1.17762,1.17722,1.17754,594.0
2026-02-19 09:25:00,PEPPERSTONE:EURUSD,1.17753,1.17759,1.17734,1.17747,448.0
2026-02-19 09:30:00,PEPPERSTONE:EURUSD,1.17746,1.17798,1.1774,1.1779,431.0
2026-02-19 09:35:00,PEPPERSTONE:EURUSD,1.17789,1.1779,1.17713,1.17717,728.0
2026-02-19 09:40:00,PEPPERSTONE:EURUSD,1.17721,1.17744,1.17721,1.17739,528.0
2026-02-19 09:45:00,PEPPERSTONE:EURUSD,1.17736,1.1774,1.17697,1.17699,565.0
2026-02-19 09:50:00,PEPPERSTONE:EURUSD,1.17698,1.177,1.17677,1.17679,639.0
2026-02-19 09:55:00,PEPPERSTONE:EURUSD,1.1768,1.17702,1.17669,1.17696,700.0
2026-02-19 10:00:00,PEPPERSTONE:EURUSD,1.17695,1.17701,1.17612,1.17613,788.0
2026-02-19 10:05:00,PEPPERSTONE:EURUSD,1.17609,1.17619,1.17525,1.17535,945.0
2026-02-19 10:10:00,PEPPERSTONE:EURUSD,1.17537,1.17593,1.17521,1.17589,892.0
2026-02-19 10:15:00,PEPPERSTONE:EURUSD,1.17588,1.17592,1.17555,1.17577,817.0
2026-02-19 10:20:00,PEPPERSTONE:EURUSD,1.17576,1.17607,1.17566,1.17605,683.0
2026-02-19 10:25:00,PEPPERSTONE:EURUSD,1.17604,1.17649,1.17598,1.17603,756.0
2026-02-19 10:30:00,PEPPERSTONE:EURUSD,1.17593,1.17623,1.17536,1.17608,976.0
2026-02-19 10:35:00,PEPPERSTONE:EURUSD,1.17606,1.17622,1.17584,1.17619,814.0
2026-02-19 10:40:00,PEPPERSTONE:EURUSD,1.17619,1.17629,1.17553,1.17567,720.0
2026-02-19 10:45:00,PEPPERSTONE:EURUSD,1.17568,1.17578,1.17515,1.17576,799.0
2026-02-19 10:50:00,PEPPERSTONE:EURUSD,1.17575,1.17621,1.17575,1.17616,879.0
2026-02-19 10:55:00,PEPPERSTONE:EURUSD,1.17614,1.17655,1.17599,1.17654,862.0
2026-02-19 11:00:00,PEPPERSTONE:EURUSD,1.17653,1.17662,1.17548,1.1755,836.0
2026-02-19 11:05:00,PEPPERSTONE:EURUSD,1.17549,1.1757,1.17536,1.17544,881.0
2026-02-19 11:10:00,PEPPERSTONE:EURUSD,1.17543,1.17573,1.17477,1.17486,817.0
2026-02-19 11:15:00,PEPPERSTONE:EURUSD,1.17488,1.17527,1.17477,1.17496,934.0
2026-02-19 11:20:00,PEPPERSTONE:EURUSD,1.17495,1.17495,1.17426,1.17431,903.0
2026-02-19 11:25:00,PEPPERSTONE:EURUSD,1.1743,1.17492,1.17419,1.17488,862.0
2026-02-19 11:30:00,PEPPERSTONE:EURUSD,1.17487,1.17515,1.17455,1.17488,1147.0
2026-02-19 11:35:00,PEPPERSTONE:EURUSD,1.17491,1.17514,1.17448,1.17487,1155.0
2026-02-19 11:40:00,PEPPERSTONE:EURUSD,1.17487,1.17532,1.1746,1.17517,1137.0
2026-02-19 11:45:00,PEPPERSTONE:EURUSD,1.17516,1.17535,1.17453,1.17483,1110.0
2026-02-19 11:50:00,PEPPERSTONE:EURUSD,1.17484,1.17506,1.17461,1.17486,801.0
2026-02-19 11:55:00,PEPPERSTONE:EURUSD,1.17476,1.17529,1.17466,1.17515,843.0
2026-02-19 12:00:00,PEPPERSTONE:EURUSD,1.17519,1.17673,1.17482,1.17616,1311.0
2026-02-19 12:05:00,PEPPERSTONE:EURUSD,1.17616,1.17727,1.17589,1.1769,1373.0
2026-02-19 12:10:00,PEPPERSTONE:EURUSD,1.17691,1.17691,1.17607,1.17623,1213.0
2026-02-19 12:15:00,PEPPERSTONE:EURUSD,1.17624,1.17718,1.17617,1.17692,1314.0
2026-02-19 12:20:00,PEPPERSTONE:EURUSD,1.17695,1.17712,1.17641,1.17643,1096.0
2026-02-19 12:25:00,PEPPERSTONE:EURUSD,1.17642,1.17676,1.1763,1.17651,948.0
2026-02-19 12:30:00,PEPPERSTONE:EURUSD,1.17649,1.17681,1.17634,1.17679,983.0
2026-02-19 12:35:00,PEPPERSTONE:EURUSD,1.1768,1.17683,1.17646,1.17663,893.0
2026-02-19 12:40:00,PEPPERSTONE:EURUSD,1.17662,1.17672,1.17635,1.17644,864.0
2026-02-19 12:45:00,PEPPERSTONE:EURUSD,1.17646,1.17755,1.17641,1.17724,1134.0
2026-02-19 12:50:00,PEPPERSTONE:EURUSD,1.17725,1.1773,1.17644,1.17648,1057.0
2026-02-19 12:55:00,PEPPERSTONE:EURUSD,1.17647,1.17676,1.17608,1.17633,1020.0
2026-02-19 13:00:00,PEPPERSTONE:EURUSD,1.17634,1.17691,1.17623,1.17663,929.0
2026-02-19 13:05:00,PEPPERSTONE:EURUSD,1.17662,1.17668,1.1758,1.17626,982.0
2026-02-19 13:10:00,PEPPERSTONE:EURUSD,1.17625,1.17651,1.17611,1.1764,739.0
2026-02-19 13:15:00,PEPPERSTONE:EURUSD,1.17638,1.17678,1.17626,1.17638,883.0
2026-02-19 13:20:00,PEPPERSTONE:EURUSD,1.17637,1.1767,1.17627,1.17668,607.0
2026-02-19 13:25:00,PEPPERSTONE:EURUSD,1.17667,1.17683,1.17619,1.1764,763.0
2026-02-19 13:30:00,PEPPERSTONE:EURUSD,1.17642,1.17694,1.17641,1.17678,673.0
2026-02-19 13:35:00,PEPPERSTONE:EURUSD,1.17677,1.17708,1.17661,1.17672,623.0
2026-02-19 13:40:00,PEPPERSTONE:EURUSD,1.17671,1.17697,1.17668,1.17673,622.0
2026-02-19 13:45:00,PEPPERSTONE:EURUSD,1.17672,1.17676,1.17644,1.17659,718.0
2026-02-19 13:50:00,PEPPERSTONE:EURUSD,1.1766,1.17665,1.17601,1.17628,887.0
2026-02-19 13:55:00,PEPPERSTONE:EURUSD,1.17629,1.1763,1.17593,1.17614,1055.0
2026-02-19 14:00:00,PEPPERSTONE:EURUSD,1.17615,1.17621,1.17562,1.17569,1019.0
2026-02-19 14:05:00,PEPPERSTONE:EURUSD,1.1757,1.1762,1.17567,1.17604,853.0
2026-02-19 14:10:00,PEPPERSTONE:EURUSD,1.17603,1.17615,1.17584,1.176,542.0
2026-02-19 14:15:00,PEPPERSTONE:EURUSD,1.17601,1.17619,1.17595,1.17619,705.0
2026-02-19 14:20:00,PEPPERSTONE:EURUSD,1.1762,1.17661,1.17619,1.17642,500.0
2026-02-19 14:25:00,PEPPERSTONE:EURUSD,1.17643,1.17661,1.17628,1.17655,595.0
2026-02-19 14:30:00,PEPPERSTONE:EURUSD,1.17659,1.1766,1.17615,1.17641,628.0
2026-02-19 14:35:00,PEPPERSTONE:EURUSD,1.17642,1.17667,1.17637,1.17664,637.0
2026-02-19 14:40:00,PEPPERSTONE:EURUSD,1.1766,1.17671,1.17654,1.17665,620.0
2026-02-19 14:45:00,PEPPERSTONE:EURUSD,1.17667,1.17676,1.17662,1.1767,538.0
2026-02-19 14:50:00,PEPPERSTONE:EURUSD,1.17671,1.17678,1.17648,1.17654,566.0
2026-02-19 14:55:00,PEPPERSTONE:EURUSD,1.17655,1.17679,1.17652,1.1766,431.0
2026-02-19 15:00:00,PEPPERSTONE:EURUSD,1.17661,1.17667,1.17648,1.17658,412.0
2026-02-19 15:05:00,PEPPERSTONE:EURUSD,1.17659,1.17679,1.17658,1.17676,414.0
2026-02-19 15:10:00,PEPPERSTONE:EURUSD,1.17677,1.17709,1.17676,1.17704,499.0
2026-02-19 15:15:00,PEPPERSTONE:EURUSD,1.17705,1.17715,1.17688,1.17701,466.0
2026-02-19 15:20:00,PEPPERSTONE:EURUSD,1.17699,1.17711,1.17682,1.1771,523.0
2026-02-19 15:25:00,PEPPERSTONE:EURUSD,1.1771,1.17718,1.17698,1.17702,653.0
2026-02-19 15:30:00,PEPPERSTONE:EURUSD,1.177,1.17719,1.17692,1.1771,447.0
2026-02-19 15:35:00,PEPPERSTONE:EURUSD,1.17711,1.1772,1.17697,1.17709,332.0
2026-02-19 15:40:00,PEPPERSTONE:EURUSD,1.1771,1.1774,1.1771,1.17727,555.0
2026-02-19 15:45:00,PEPPERSTONE:EURUSD,1.17725,1.17741,1.17722,1.17739,441.0
2026-02-19 15:50:00,PEPPERSTONE:EURUSD,1.17737,1.17741,1.17727,1.17733,372.0
2026-02-19 15:55:00,PEPPERSTONE:EURUSD,1.17734,1.17735,1.17678,1.17684,738.0
2026-02-19 16:00:00,PEPPERSTONE:EURUSD,1.17689,1.17713,1.1768,1.17699,770.0
2026-02-19 16:05:00,PEPPERSTONE:EURUSD,1.17698,1.17708,1.17684,1.17707,347.0
2026-02-19 16:10:00,PEPPERSTONE:EURUSD,1.17706,1.1772,1.17685,1.17688,569.0
2026-02-19 16:15:00,PEPPERSTONE:EURUSD,1.17687,1.17714,1.17658,1.17698,471.0
2026-02-19 16:20:00,PEPPERSTONE:EURUSD,1.17698,1.17704,1.17673,1.1768,352.0
2026-02-19 16:25:00,PEPPERSTONE:EURUSD,1.17678,1.17684,1.17664,1.17683,451.0
2026-02-19 16:30:00,PEPPERSTONE:EURUSD,1.17684,1.17695,1.17676,1.17683,417.0
2026-02-19 16:35:00,PEPPERSTONE:EURUSD,1.17681,1.17684,1.176,1.17604,564.0
2026-02-19 16:40:00,PEPPERSTONE:EURUSD,1.17603,1.17646,1.17593,1.17639,589.0
2026-02-19 16:45:00,PEPPERSTONE:EURUSD,1.17641,1.17642,1.17622,1.17634,424.0
2026-02-19 16:50:00,PEPPERSTONE:EURUSD,1.17633,1.1766,1.17632,1.17637,315.0
2026-02-19 16:55:00,PEPPERSTONE:EURUSD,1.17638,1.17649,1.17624,1.1764,555.0
2026-02-19 17:00:00,PEPPERSTONE:EURUSD,1.17638,1.1768,1.17632,1.17667,521.0
2026-02-19 17:05:00,PEPPERSTONE:EURUSD,1.17666,1.17681,1.17666,1.17681,393.0
2026-02-19 17:10:00,PEPPERSTONE:EURUSD,1.1768,1.17684,1.17661,1.17662,460.0
2026-02-19 17:15:00,PEPPERSTONE:EURUSD,1.17664,1.17665,1.17643,1.17658,494.0
2026-02-19 17:20:00,PEPPERSTONE:EURUSD,1.17657,1.17674,1.1764,1.17659,327.0
2026-02-19 17:25:00,PEPPERSTONE:EURUSD,1.1766,1.17664,1.17649,1.17661,250.0
2026-02-19 17:30:00,PEPPERSTONE:EURUSD,1.1766,1.17665,1.17653,1.17653,322.0
2026-02-19 17:35:00,PEPPERSTONE:EURUSD,1.17652,1.1766,1.17636,1.17658,340.0
2026-02-19 17:40:00,PEPPERSTONE:EURUSD,1.17656,1.17666,1.17648,1.17662,269.0
2026-02-19 17:45:00,PEPPERSTONE:EURUSD,1.17661,1.1768,1.17659,1.17679,301.0
2026-02-19 17:50:00,PEPPERSTONE:EURUSD,1.17678,1.17687,1.17669,1.17686,302.0
2026-02-19 17:55:00,PEPPERSTONE:EURUSD,1.17687,1.17689,1.17669,1.17689,309.0
2026-02-19 18:00:00,PEPPERSTONE:EURUSD,1.17688,1.17701,1.17679,1.17698,278.0
2026-02-19 18:05:00,PEPPERSTONE:EURUSD,1.17699,1.17705,1.17692,1.17694,224.0
2026-02-19 18:10:00,PEPPERSTONE:EURUSD,1.17695,1.1771,1.17693,1.17709,150.0
2026-02-19 18:15:00,PEPPERSTONE:EURUSD,1.17709,1.17731,1.17708,1.17725,293.0
2026-02-19 18:20:00,PEPPERSTONE:EURUSD,1.17724,1.17741,1.17717,1.17738,304.0
2026-02-19 18:25:00,PEPPERSTONE:EURUSD,1.17737,1.1774,1.17718,1.17726,243.0
2026-02-19 18:30:00,PEPPERSTONE:EURUSD,1.17726,1.17776,1.17726,1.17765,371.0
2026-02-19 18:35:00,PEPPERSTONE:EURUSD,1.17762,1.17773,1.17759,1.17764,307.0
2026-02-19 18:40:00,PEPPERSTONE:EURUSD,1.17762,1.17772,1.17749,1.1777,239.0
2026-02-19 18:45:00,PEPPERSTONE:EURUSD,1.1777,1.17783,1.17767,1.17774,217.0
2026-02-19 18:50:00,PEPPERSTONE:EURUSD,1.17774,1.17782,1.17753,1.17753,328.0
2026-02-19 18:55:00,PEPPERSTONE:EURUSD,1.17754,1.17758,1.17704,1.17713,588.0
2026-02-19 19:00:00,PEPPERSTONE:EURUSD,1.17681,1.17685,1.17675,1.17684,42.0
2026-02-19 19:05:00,PEPPERSTONE:EURUSD,1.17685,1.1769,1.17683,1.17688,33.0
2026-02-19 19:10:00,PEPPERSTONE:EURUSD,1.17689,1.1769,1.17687,1.17689,50.0
2026-02-19 19:15:00,PEPPERSTONE:EURUSD,1.17693,1.17711,1.17691,1.17711,140.0
2026-02-19 19:20:00,PEPPERSTONE:EURUSD,1.17711,1.17715,1.17709,1.17714,61.0
2026-02-19 19:25:00,PEPPERSTONE:EURUSD,1.17713,1.17718,1.17709,1.1771,95.0
2026-02-19 19:30:00,PEPPERSTONE:EURUSD,1.17711,1.17719,1.1771,1.17716,64.0
2026-02-19 19:35:00,PEPPERSTONE:EURUSD,1.17717,1.17718,1.17712,1.17716,127.0
2026-02-19 19:40:00,PEPPERSTONE:EURUSD,1.17717,1.17735,1.17717,1.17725,106.0
2026-02-19 19:45:00,PEPPERSTONE:EURUSD,1.17725,1.17729,1.17713,1.17718,127.0
2026-02-19 19:50:00,PEPPERSTONE:EURUSD,1.17717,1.17717,1.17708,1.1771,60.0
2026-02-19 19:55:00,PEPPERSTONE:EURUSD,1.17711,1.17714,1.1771,1.17713,56.0
2026-02-19 20:00:00,PEPPERSTONE:EURUSD,1.17713,1.17759,1.17713,1.17756,397.0
2026-02-19 20:05:00,PEPPERSTONE:EURUSD,1.17756,1.17758,1.17739,1.17745,254.0
2026-02-19 20:10:00,PEPPERSTONE:EURUSD,1.17746,1.17759,1.1774,1.17745,344.0
2026-02-19 20:15:00,PEPPERSTONE:EURUSD,1.17744,1.1775,1.17742,1.17747,190.0
2026-02-19 20:20:00,PEPPERSTONE:EURUSD,1.17745,1.17748,1.17734,1.17739,318.0
2026-02-19 20:25:00,PEPPERSTONE:EURUSD,1.17737,1.1774,1.17724,1.17728,342.0
2026-02-19 20:30:00,PEPPERSTONE:EURUSD,1.17727,1.17728,1.17707,1.17708,210.0
2026-02-19 20:35:00,PEPPERSTONE:EURUSD,1.17708,1.17714,1.17702,1.17708,282.0
2026-02-19 20:40:00,PEPPERSTONE:EURUSD,1.17707,1.17712,1.17696,1.17699,301.0
2026-02-19 20:45:00,PEPPERSTONE:EURUSD,1.177,1.17706,1.17693,1.17699,270.0
2026-02-19 20:50:00,PEPPERSTONE:EURUSD,1.177,1.17701,1.17682,1.17693,276.0
2026-02-19 20:55:00,PEPPERSTONE:EURUSD,1.17694,1.17694,1.17683,1.17684,202.0
2026-02-19 21:00:00,PEPPERSTONE:EURUSD,1.17686,1.17713,1.17666,1.17704,463.0
2026-02-19 21:05:00,PEPPERSTONE:EURUSD,1.17703,1.17704,1.17679,1.17686,199.0
2026-02-19 21:10:00,PEPPERSTONE:EURUSD,1.17685,1.17686,1.17672,1.17674,287.0
2026-02-19 21:15:00,PEPPERSTONE:EURUSD,1.17675,1.17681,1.1767,1.17674,269.0
2026-02-19 21:20:00,PEPPERSTONE:EURUSD,1.17675,1.17686,1.17669,1.17686,304.0
2026-02-19 21:25:00,PEPPERSTONE:EURUSD,1.17685,1.17697,1.17679,1.17684,324.0
2026-02-19 21:30:00,PEPPERSTONE:EURUSD,1.17685,1.17696,1.17671,1.17672,341.0
2026-02-19 21:35:00,PEPPERSTONE:EURUSD,1.17673,1.17684,1.1767,1.1767,261.0
2026-02-19 21:40:00,PEPPERSTONE:EURUSD,1.17671,1.17687,1.17668,1.17685,230.0
2026-02-19 21:45:00,PEPPERSTONE:EURUSD,1.17684,1.17697,1.17678,1.17683,375.0
2026-02-19 21:50:00,PEPPERSTONE:EURUSD,1.17684,1.17724,1.17678,1.17689,661.0
2026-02-19 21:55:00,PEPPERSTONE:EURUSD,1.17692,1.1772,1.17688,1.17706,608.0
2026-02-19 22:00:00,PEPPERSTONE:EURUSD,1.17702,1.17716,1.17688,1.17713,670.0
2026-02-19 22:05:00,PEPPERSTONE:EURUSD,1.17712,1.17713,1.17678,1.1768,584.0
2026-02-19 22:10:00,PEPPERSTONE:EURUSD,1.17682,1.1769,1.17659,1.17665,476.0
2026-02-19 22:15:00,PEPPERSTONE:EURUSD,1.17666,1.1769,1.17652,1.17663,637.0
2026-02-19 22:20:00,PEPPERSTONE:EURUSD,1.17666,1.17667,1.17641,1.17643,643.0
2026-02-19 22:25:00,PEPPERSTONE:EURUSD,1.17645,1.17648,1.17611,1.17631,615.0
2026-02-19 22:30:00,PEPPERSTONE:EURUSD,1.17632,1.17635,1.17593,1.17607,750.0
2026-02-19 22:35:00,PEPPERSTONE:EURUSD,1.17608,1.1761,1.1759,1.17601,565.0
2026-02-19 22:40:00,PEPPERSTONE:EURUSD,1.176,1.17612,1.17563,1.17579,454.0
2026-02-19 22:45:00,PEPPERSTONE:EURUSD,1.1758,1.1758,1.17553,1.17567,881.0
2026-02-19 22:50:00,PEPPERSTONE:EURUSD,1.17565,1.17591,1.1756,1.17589,775.0
2026-02-19 22:55:00,PEPPERSTONE:EURUSD,1.1759,1.17599,1.17581,1.17589,465.0
2026-02-19 23:00:00,PEPPERSTONE:EURUSD,1.1759,1.17599,1.17567,1.17578,596.0
2026-02-19 23:05:00,PEPPERSTONE:EURUSD,1.17579,1.17594,1.17561,1.17567,659.0
2026-02-19 23:10:00,PEPPERSTONE:EURUSD,1.17566,1.17584,1.17557,1.1758,456.0
2026-02-19 23:15:00,PEPPERSTONE:EURUSD,1.17583,1.17584,1.17557,1.17574,578.0
2026-02-19 23:20:00,PEPPERSTONE:EURUSD,1.17575,1.17585,1.17556,1.17574,466.0
2026-02-19 23:25:00,PEPPERSTONE:EURUSD,1.17573,1.17573,1.17555,1.17564,410.0
2026-02-19 23:30:00,PEPPERSTONE:EURUSD,1.17568,1.17576,1.17556,1.1756,301.0
2026-02-19 23:35:00,PEPPERSTONE:EURUSD,1.17561,1.17567,1.17555,1.1756,409.0
2026-02-19 23:40:00,PEPPERSTONE:EURUSD,1.17559,1.17565,1.17552,1.17554,463.0
2026-02-19 23:45:00,PEPPERSTONE:EURUSD,1.17553,1.17555,1.17539,1.17548,473.0
2026-02-19 23:50:00,PEPPERSTONE:EURUSD,1.17549,1.17558,1.17547,1.17554,390.0
2026-02-19 23:55:00,PEPPERSTONE:EURUSD,1.17555,1.17561,1.17544,1.17545,481.0
2026-02-20 00:00:00,PEPPERSTONE:EURUSD,1.17547,1.1758,1.17546,1.17575,343.0
2026-02-20 00:05:00,PEPPERSTONE:EURUSD,1.17576,1.17582,1.17569,1.17579,406.0
2026-02-20 00:10:00,PEPPERSTONE:EURUSD,1.17578,1.17586,1.1757,1.1758,254.0
2026-02-20 00:15:00,PEPPERSTONE:EURUSD,1.17581,1.1759,1.17574,1.17581,265.0
2026-02-20 00:20:00,PEPPERSTONE:EURUSD,1.1758,1.17585,1.17566,1.17571,167.0
2026-02-20 00:25:00,PEPPERSTONE:EURUSD,1.1757,1.17571,1.17548,1.17554,237.0
2026-02-20 00:30:00,PEPPERSTONE:EURUSD,1.17555,1.17562,1.1755,1.17554,266.0
2026-02-20 00:35:00,PEPPERSTONE:EURUSD,1.17555,1.17569,1.17553,1.17564,222.0
2026-02-20 00:40:00,PEPPERSTONE:EURUSD,1.17563,1.17575,1.17556,1.17564,321.0
2026-02-20 00:45:00,PEPPERSTONE:EURUSD,1.17564,1.17585,1.17563,1.17577,259.0
2026-02-20 00:50:00,PEPPERSTONE:EURUSD,1.17578,1.17586,1.17575,1.17582,333.0
2026-02-20 00:55:00,PEPPERSTONE:EURUSD,1.17581,1.17587,1.17567,1.17567,375.0
2026-02-20 01:00:00,PEPPERSTONE:EURUSD,1.17568,1.17588,1.17568,1.17587,403.0
2026-02-20 01:05:00,PEPPERSTONE:EURUSD,1.17586,1.17597,1.17584,1.17587,243.0
2026-02-20 01:10:00,PEPPERSTONE:EURUSD,1.17586,1.17594,1.17577,1.1759,380.0
2026-02-20 01:15:00,PEPPERSTONE:EURUSD,1.17593,1.17597,1.17584,1.17589,367.0
2026-02-20 01:20:00,PEPPERSTONE:EURUSD,1.1759,1.1759,1.1758,1.17584,213.0
2026-02-20 01:25:00,PEPPERSTONE:EURUSD,1.17583,1.17595,1.17576,1.17578,266.0
2026-02-20 01:30:00,PEPPERSTONE:EURUSD,1.17577,1.17581,1.17544,1.17546,388.0
2026-02-20 01:35:00,PEPPERSTONE:EURUSD,1.17548,1.17549,1.17537,1.1754,298.0
2026-02-20 01:40:00,PEPPERSTONE:EURUSD,1.17538,1.17549,1.17536,1.17547,309.0
2026-02-20 01:45:00,PEPPERSTONE:EURUSD,1.17548,1.17551,1.17536,1.17539,277.0
2026-02-20 01:50:00,PEPPERSTONE:EURUSD,1.17536,1.17545,1.17528,1.17545,233.0
2026-02-20 01:55:00,PEPPERSTONE:EURUSD,1.17544,1.17545,1.17525,1.17532,247.0
2026-02-20 02:00:00,PEPPERSTONE:EURUSD,1.17531,1.17546,1.1753,1.17539,306.0
2026-02-20 02:05:00,PEPPERSTONE:EURUSD,1.17538,1.17539,1.17504,1.17512,262.0
2026-02-20 02:10:00,PEPPERSTONE:EURUSD,1.17513,1.17532,1.1751,1.17522,231.0
2026-02-20 02:15:00,PEPPERSTONE:EURUSD,1.17523,1.1753,1.1752,1.17525,320.0
2026-02-20 02:20:00,PEPPERSTONE:EURUSD,1.17529,1.17555,1.17528,1.17553,412.0
2026-02-20 02:25:00,PEPPERSTONE:EURUSD,1.17552,1.1756,1.17535,1.17544,515.0
2026-02-20 02:30:00,PEPPERSTONE:EURUSD,1.17543,1.17551,1.17517,1.17528,270.0
2026-02-20 02:35:00,PEPPERSTONE:EURUSD,1.17529,1.17531,1.17513,1.17518,356.0
2026-02-20 02:40:00,PEPPERSTONE:EURUSD,1.17518,1.17535,1.17516,1.17524,365.0
2026-02-20 02:45:00,PEPPERSTONE:EURUSD,1.17525,1.17527,1.17502,1.17514,467.0
2026-02-20 02:50:00,PEPPERSTONE:EURUSD,1.17512,1.17558,1.17508,1.17554,414.0
2026-02-20 02:55:00,PEPPERSTONE:EURUSD,1.17555,1.17571,1.17543,1.17555,496.0
2026-02-20 03:00:00,PEPPERSTONE:EURUSD,1.17554,1.17561,1.17526,1.17529,498.0
2026-02-20 03:05:00,PEPPERSTONE:EURUSD,1.17528,1.17558,1.17526,1.1755,430.0
2026-02-20 03:10:00,PEPPERSTONE:EURUSD,1.17549,1.17563,1.17527,1.17528,428.0
2026-02-20 03:15:00,PEPPERSTONE:EURUSD,1.17529,1.17549,1.17527,1.17536,423.0
2026-02-20 03:20:00,PEPPERSTONE:EURUSD,1.17535,1.17547,1.17532,1.17543,452.0
2026-02-20 03:25:00,PEPPERSTONE:EURUSD,1.17544,1.17555,1.17539,1.17543,494.0
2026-02-20 03:30:00,PEPPERSTONE:EURUSD,1.17544,1.1755,1.17535,1.17542,358.0
2026-02-20 03:35:00,PEPPERSTONE:EURUSD,1.17538,1.1756,1.17527,1.17533,428.0
2026-02-20 03:40:00,PEPPERSTONE:EURUSD,1.17534,1.17543,1.17531,1.17538,320.0
2026-02-20 03:45:00,PEPPERSTONE:EURUSD,1.17539,1.17547,1.17528,1.1753,436.0
2026-02-20 03:50:00,PEPPERSTONE:EURUSD,1.17531,1.17566,1.17515,1.1756,359.0
2026-02-20 03:55:00,PEPPERSTONE:EURUSD,1.17559,1.17568,1.17552,1.17552,336.0
2026-02-20 04:00:00,PEPPERSTONE:EURUSD,1.17573,1.17577,1.17546,1.17576,847.0
2026-02-20 04:05:00,PEPPERSTONE:EURUSD,1.17574,1.17606,1.17561,1.17602,574.0
2026-02-20 04:10:00,PEPPERSTONE:EURUSD,1.17601,1.17616,1.17583,1.17615,650.0
2026-02-20 04:15:00,PEPPERSTONE:EURUSD,1.17614,1.17625,1.17604,1.17604,518.0
2026-02-20 04:20:00,PEPPERSTONE:EURUSD,1.17603,1.17608,1.17587,1.17604,332.0
2026-02-20 04:25:00,PEPPERSTONE:EURUSD,1.17607,1.1761,1.17583,1.17584,372.0
2026-02-20 04:30:00,PEPPERSTONE:EURUSD,1.17583,1.17604,1.17575,1.17604,447.0
2026-02-20 04:35:00,PEPPERSTONE:EURUSD,1.17606,1.17626,1.17592,1.17607,465.0
2026-02-20 04:40:00,PEPPERSTONE:EURUSD,1.17609,1.1761,1.17538,1.17574,665.0
2026-02-20 04:45:00,PEPPERSTONE:EURUSD,1.17573,1.17581,1.17548,1.17563,628.0
2026-02-20 04:50:00,PEPPERSTONE:EURUSD,1.17565,1.17576,1.17527,1.1753,590.0
2026-02-20 04:55:00,PEPPERSTONE:EURUSD,1.17529,1.17529,1.17496,1.17512,944.0
2026-02-20 05:00:00,PEPPERSTONE:EURUSD,1.1751,1.1754,1.17498,1.17505,919.0
2026-02-20 05:05:00,PEPPERSTONE:EURUSD,1.17507,1.17513,1.1745,1.17451,955.0
2026-02-20 05:10:00,PEPPERSTONE:EURUSD,1.1745,1.1748,1.17433,1.17476,877.0
2026-02-20 05:15:00,PEPPERSTONE:EURUSD,1.17468,1.17527,1.17468,1.17526,671.0
2026-02-20 05:20:00,PEPPERSTONE:EURUSD,1.17524,1.1755,1.17519,1.17547,555.0
2026-02-20 05:25:00,PEPPERSTONE:EURUSD,1.17548,1.17577,1.1754,1.17554,642.0
2026-02-20 05:30:00,PEPPERSTONE:EURUSD,1.17589,1.17636,1.17582,1.17592,802.0
2026-02-20 05:35:00,PEPPERSTONE:EURUSD,1.17591,1.17623,1.17576,1.17605,732.0
2026-02-20 05:40:00,PEPPERSTONE:EURUSD,1.17606,1.17622,1.17568,1.17577,713.0
2026-02-20 05:45:00,PEPPERSTONE:EURUSD,1.17576,1.17617,1.17573,1.17584,643.0
2026-02-20 05:50:00,PEPPERSTONE:EURUSD,1.17583,1.17636,1.17577,1.17619,713.0
2026-02-20 05:55:00,PEPPERSTONE:EURUSD,1.17618,1.17618,1.17589,1.17607,529.0
2026-02-20 06:00:00,PEPPERSTONE:EURUSD,1.17609,1.17627,1.17583,1.17601,622.0
2026-02-20 06:05:00,PEPPERSTONE:EURUSD,1.176,1.17624,1.17598,1.17611,590.0
2026-02-20 06:10:00,PEPPERSTONE:EURUSD,1.17613,1.1766,1.1761,1.17648,582.0
2026-02-20 06:15:00,PEPPERSTONE:EURUSD,1.17649,1.17659,1.17638,1.17652,679.0
2026-02-20 06:20:00,PEPPERSTONE:EURUSD,1.17651,1.17681,1.17642,1.17671,396.0
2026-02-20 06:25:00,PEPPERSTONE:EURUSD,1.1767,1.17678,1.17655,1.17671,584.0
2026-02-20 06:30:00,PEPPERSTONE:EURUSD,1.17672,1.17681,1.17657,1.17658,663.0
2026-02-20 06:35:00,PEPPERSTONE:EURUSD,1.1766,1.1767,1.1765,1.17658,519.0
2026-02-20 06:40:00,PEPPERSTONE:EURUSD,1.17657,1.17667,1.17642,1.17666,531.0
2026-02-20 06:45:00,PEPPERSTONE:EURUSD,1.17663,1.17674,1.17642,1.17642,532.0
2026-02-20 06:50:00,PEPPERSTONE:EURUSD,1.17641,1.17681,1.17641,1.17667,510.0
2026-02-20 06:55:00,PEPPERSTONE:EURUSD,1.17668,1.17681,1.1766,1.17669,628.0
2026-02-20 07:00:00,PEPPERSTONE:EURUSD,1.17669,1.17678,1.1765,1.17676,562.0
2026-02-20 07:05:00,PEPPERSTONE:EURUSD,1.17677,1.17689,1.17662,1.17663,452.0
2026-02-20 07:10:00,PEPPERSTONE:EURUSD,1.17662,1.17663,1.17632,1.17644,552.0
2026-02-20 07:15:00,PEPPERSTONE:EURUSD,1.17642,1.17646,1.17582,1.17588,624.0
2026-02-20 07:20:00,PEPPERSTONE:EURUSD,1.17586,1.176,1.17573,1.17579,547.0
2026-02-20 07:25:00,PEPPERSTONE:EURUSD,1.1758,1.17602,1.17578,1.17593,524.0
2026-02-20 07:30:00,PEPPERSTONE:EURUSD,1.17594,1.17625,1.17583,1.17618,419.0
2026-02-20 07:35:00,PEPPERSTONE:EURUSD,1.17614,1.17656,1.17612,1.17653,501.0
2026-02-20 07:40:00,PEPPERSTONE:EURUSD,1.17654,1.17676,1.17646,1.1765,486.0
2026-02-20 07:45:00,PEPPERSTONE:EURUSD,1.17651,1.17658,1.17633,1.17654,547.0
2026-02-20 07:50:00,PEPPERSTONE:EURUSD,1.17655,1.1767,1.1764,1.17659,488.0
2026-02-20 07:55:00,PEPPERSTONE:EURUSD,1.17658,1.17668,1.17623,1.17637,639.0
2026-02-20 08:00:00,PEPPERSTONE:EURUSD,1.17636,1.17639,1.17601,1.17612,883.0
2026-02-20 08:05:00,PEPPERSTONE:EURUSD,1.17613,1.17642,1.17611,1.17638,664.0
2026-02-20 08:10:00,PEPPERSTONE:EURUSD,1.17635,1.17637,1.17618,1.17624,545.0
2026-02-20 08:15:00,PEPPERSTONE:EURUSD,1.17623,1.17627,1.17606,1.17616,609.0
2026-02-20 08:20:00,PEPPERSTONE:EURUSD,1.17618,1.17654,1.1761,1.17649,493.0
2026-02-20 08:25:00,PEPPERSTONE:EURUSD,1.1765,1.17659,1.17641,1.17649,356.0
2026-02-20 08:30:00,PEPPERSTONE:EURUSD,1.17648,1.17649,1.17602,1.1763,404.0
2026-02-20 08:35:00,PEPPERSTONE:EURUSD,1.17629,1.17659,1.17613,1.17658,537.0
2026-02-20 08:40:00,PEPPERSTONE:EURUSD,1.17659,1.17676,1.17651,1.17667,521.0
2026-02-20 08:45:00,PEPPERSTONE:EURUSD,1.17668,1.17689,1.1766,1.17685,382.0
2026-02-20 08:50:00,PEPPERSTONE:EURUSD,1.17681,1.1769,1.17672,1.17686,433.0
2026-02-20 08:55:00,PEPPERSTONE:EURUSD,1.17684,1.17691,1.1767,1.17675,370.0
2026-02-20 09:00:00,PEPPERSTONE:EURUSD,1.17676,1.17693,1.17657,1.17675,537.0
2026-02-20 09:05:00,PEPPERSTONE:EURUSD,1.17676,1.17676,1.17652,1.17661,517.0
2026-02-20 09:10:00,PEPPERSTONE:EURUSD,1.1766,1.17662,1.17641,1.17647,444.0
2026-02-20 09:15:00,PEPPERSTONE:EURUSD,1.17648,1.17664,1.17634,1.17661,477.0
2026-02-20 09:20:00,PEPPERSTONE:EURUSD,1.1766,1.17677,1.17643,1.17676,424.0
2026-02-20 09:25:00,PEPPERSTONE:EURUSD,1.17677,1.17689,1.17673,1.17675,461.0
2026-02-20 09:30:00,PEPPERSTONE:EURUSD,1.17674,1.17674,1.17635,1.17647,574.0
2026-02-20 09:35:00,PEPPERSTONE:EURUSD,1.17648,1.17675,1.17641,1.17675,424.0
2026-02-20 09:40:00,PEPPERSTONE:EURUSD,1.17669,1.1769,1.1766,1.17686,370.0
2026-02-20 09:45:00,PEPPERSTONE:EURUSD,1.17687,1.17699,1.17675,1.17677,517.0
2026-02-20 09:50:00,PEPPERSTONE:EURUSD,1.17676,1.1771,1.17664,1.17685,579.0
2026-02-20 09:55:00,PEPPERSTONE:EURUSD,1.17685,1.17685,1.17645,1.17657,599.0
2026-02-20 10:00:00,PEPPERSTONE:EURUSD,1.17654,1.17697,1.17652,1.17696,703.0
2026-02-20 10:05:00,PEPPERSTONE:EURUSD,1.17693,1.17696,1.17661,1.17668,517.0
2026-02-20 10:10:00,PEPPERSTONE:EURUSD,1.17671,1.177,1.17668,1.17687,442.0
2026-02-20 10:15:00,PEPPERSTONE:EURUSD,1.17688,1.177,1.17668,1.17698,712.0
2026-02-20 10:20:00,PEPPERSTONE:EURUSD,1.17696,1.17698,1.17675,1.17695,582.0
2026-02-20 10:25:00,PEPPERSTONE:EURUSD,1.17694,1.17774,1.17694,1.17762,831.0
2026-02-20 10:30:00,PEPPERSTONE:EURUSD,1.17763,1.17822,1.17615,1.17621,1534.0
2026-02-20 10:35:00,PEPPERSTONE:EURUSD,1.17619,1.17652,1.17581,1.17596,1226.0
2026-02-20 10:40:00,PEPPERSTONE:EURUSD,1.17603,1.17641,1.17581,1.17632,999.0
2026-02-20 10:45:00,PEPPERSTONE:EURUSD,1.17636,1.17653,1.17571,1.17608,926.0
2026-02-20 10:50:00,PEPPERSTONE:EURUSD,1.17606,1.17682,1.17606,1.17675,867.0
2026-02-20 10:55:00,PEPPERSTONE:EURUSD,1.17672,1.17714,1.17658,1.17692,910.0
2026-02-20 11:00:00,PEPPERSTONE:EURUSD,1.17688,1.17706,1.17611,1.17614,812.0
2026-02-20 11:05:00,PEPPERSTONE:EURUSD,1.17615,1.17637,1.17599,1.17636,802.0
2026-02-20 11:10:00,PEPPERSTONE:EURUSD,1.17634,1.17649,1.17618,1.17646,736.0
2026-02-20 11:15:00,PEPPERSTONE:EURUSD,1.17643,1.17676,1.17621,1.17631,747.0
2026-02-20 11:20:00,PEPPERSTONE:EURUSD,1.17632,1.17681,1.17628,1.17674,656.0
2026-02-20 11:25:00,PEPPERSTONE:EURUSD,1.17673,1.17687,1.17627,1.17628,659.0
2026-02-20 11:30:00,PEPPERSTONE:EURUSD,1.17629,1.17648,1.1761,1.17613,974.0
2026-02-20 11:35:00,PEPPERSTONE:EURUSD,1.17611,1.1764,1.17561,1.17572,1108.0
2026-02-20 11:40:00,PEPPERSTONE:EURUSD,1.1757,1.17642,1.17567,1.17633,838.0
2026-02-20 11:45:00,PEPPERSTONE:EURUSD,1.17635,1.1767,1.17625,1.1763,1002.0
2026-02-20 11:50:00,PEPPERSTONE:EURUSD,1.17629,1.17689,1.17617,1.17687,834.0
2026-02-20 11:55:00,PEPPERSTONE:EURUSD,1.17686,1.17688,1.17655,1.17675,692.0
2026-02-20 12:00:00,PEPPERSTONE:EURUSD,1.17673,1.17897,1.17606,1.17649,1885.0
2026-02-20 12:05:00,PEPPERSTONE:EURUSD,1.1765,1.17812,1.1755,1.17793,1949.0
2026-02-20 12:10:00,PEPPERSTONE:EURUSD,1.17789,1.17992,1.17786,1.17954,1876.0
2026-02-20 12:15:00,PEPPERSTONE:EURUSD,1.1795,1.18074,1.17905,1.18024,1772.0
2026-02-20 12:20:00,PEPPERSTONE:EURUSD,1.18022,1.18026,1.17933,1.17939,1720.0
2026-02-20 12:25:00,PEPPERSTONE:EURUSD,1.17938,1.1802,1.17915,1.17997,1694.0
2026-02-20 12:30:00,PEPPERSTONE:EURUSD,1.18002,1.18034,1.17878,1.17912,1697.0
2026-02-20 12:35:00,PEPPERSTONE:EURUSD,1.17913,1.17989,1.17882,1.1796,1539.0
2026-02-20 12:40:00,PEPPERSTONE:EURUSD,1.17959,1.17971,1.1789,1.17966,1515.0
2026-02-20 12:45:00,PEPPERSTONE:EURUSD,1.17965,1.1797,1.17848,1.17849,1484.0
2026-02-20 12:50:00,PEPPERSTONE:EURUSD,1.17848,1.1788,1.17824,1.17876,1201.0
2026-02-20 12:55:00,PEPPERSTONE:EURUSD,1.17875,1.17883,1.17837,1.17883,1060.0
2026-02-20 13:00:00,PEPPERSTONE:EURUSD,1.17883,1.17948,1.17852,1.17939,1017.0
2026-02-20 13:05:00,PEPPERSTONE:EURUSD,1.17939,1.1797,1.17916,1.17948,1107.0
2026-02-20 13:10:00,PEPPERSTONE:EURUSD,1.17951,1.17982,1.17908,1.17925,958.0
2026-02-20 13:15:00,PEPPERSTONE:EURUSD,1.17926,1.1794,1.17851,1.17872,1154.0
2026-02-20 13:20:00,PEPPERSTONE:EURUSD,1.17873,1.1788,1.17796,1.17814,1169.0
2026-02-20 13:25:00,PEPPERSTONE:EURUSD,1.17806,1.17816,1.17762,1.17808,1084.0
2026-02-20 13:30:00,PEPPERSTONE:EURUSD,1.1781,1.17811,1.17758,1.17766,1071.0
2026-02-20 13:35:00,PEPPERSTONE:EURUSD,1.17768,1.17788,1.17753,1.17787,846.0
2026-02-20 13:40:00,PEPPERSTONE:EURUSD,1.17784,1.17788,1.17745,1.17757,728.0
2026-02-20 13:45:00,PEPPERSTONE:EURUSD,1.17756,1.17777,1.17737,1.17749,559.0
2026-02-20 13:50:00,PEPPERSTONE:EURUSD,1.17747,1.17828,1.17746,1.17813,720.0
2026-02-20 13:55:00,PEPPERSTONE:EURUSD,1.17812,1.17812,1.17779,1.17801,671.0
2026-02-20 14:00:00,PEPPERSTONE:EURUSD,1.178,1.17836,1.17783,1.17817,800.0
2026-02-20 14:05:00,PEPPERSTONE:EURUSD,1.17818,1.17851,1.17773,1.17777,696.0
2026-02-20 14:10:00,PEPPERSTONE:EURUSD,1.17775,1.17777,1.17742,1.17763,594.0
2026-02-20 14:15:00,PEPPERSTONE:EURUSD,1.17764,1.17764,1.17702,1.17704,705.0
2026-02-20 14:20:00,PEPPERSTONE:EURUSD,1.17703,1.17707,1.17657,1.17669,819.0
2026-02-20 14:25:00,PEPPERSTONE:EURUSD,1.17667,1.17702,1.17663,1.17697,697.0
2026-02-20 14:30:00,PEPPERSTONE:EURUSD,1.17697,1.1777,1.17695,1.17762,821.0
2026-02-20 14:35:00,PEPPERSTONE:EURUSD,1.17763,1.17768,1.17737,1.17759,798.0
2026-02-20 14:40:00,PEPPERSTONE:EURUSD,1.17756,1.17772,1.17742,1.17767,964.0
2026-02-20 14:45:00,PEPPERSTONE:EURUSD,1.17765,1.17814,1.1773,1.17814,833.0
2026-02-20 14:50:00,PEPPERSTONE:EURUSD,1.17812,1.17845,1.17807,1.1784,652.0
2026-02-20 14:55:00,PEPPERSTONE:EURUSD,1.17839,1.17843,1.17777,1.17803,1074.0
2026-02-20 15:00:00,PEPPERSTONE:EURUSD,1.17801,1.17837,1.17769,1.17829,740.0
2026-02-20 15:05:00,PEPPERSTONE:EURUSD,1.17828,1.17848,1.1782,1.17824,634.0
2026-02-20 15:10:00,PEPPERSTONE:EURUSD,1.17823,1.17835,1.17804,1.1783,600.0
2026-02-20 15:15:00,PEPPERSTONE:EURUSD,1.17829,1.1783,1.17797,1.17821,602.0
2026-02-20 15:20:00,PEPPERSTONE:EURUSD,1.1782,1.17892,1.17808,1.17892,735.0
2026-02-20 15:25:00,PEPPERSTONE:EURUSD,1.17897,1.17903,1.17831,1.17888,1111.0
2026-02-20 15:30:00,PEPPERSTONE:EURUSD,1.17887,1.17961,1.17873,1.17908,1128.0
2026-02-20 15:35:00,PEPPERSTONE:EURUSD,1.17907,1.17987,1.1782,1.1794,1531.0
2026-02-20 15:40:00,PEPPERSTONE:EURUSD,1.17939,1.17976,1.17926,1.17928,1293.0
2026-02-20 15:45:00,PEPPERSTONE:EURUSD,1.17929,1.17973,1.17915,1.17923,1108.0
2026-02-20 15:50:00,PEPPERSTONE:EURUSD,1.17924,1.17935,1.17892,1.17907,1122.0
2026-02-20 15:55:00,PEPPERSTONE:EURUSD,1.17909,1.17915,1.17847,1.17859,1026.0
2026-02-20 16:00:00,PEPPERSTONE:EURUSD,1.17862,1.17898,1.17835,1.17879,968.0
2026-02-20 16:05:00,PEPPERSTONE:EURUSD,1.1788,1.1788,1.17827,1.17845,691.0
2026-02-20 16:10:00,PEPPERSTONE:EURUSD,1.17837,1.17845,1.1782,1.17843,1009.0
2026-02-20 16:15:00,PEPPERSTONE:EURUSD,1.17844,1.17865,1.17827,1.17833,608.0
2026-02-20 16:20:00,PEPPERSTONE:EURUSD,1.17832,1.17836,1.17813,1.17813,649.0
2026-02-20 16:25:00,PEPPERSTONE:EURUSD,1.17815,1.1782,1.17788,1.17812,580.0
2026-02-20 16:30:00,PEPPERSTONE:EURUSD,1.17813,1.17823,1.17801,1.17808,535.0
2026-02-20 16:35:00,PEPPERSTONE:EURUSD,1.17809,1.1781,1.1779,1.17802,502.0
2026-02-20 16:40:00,PEPPERSTONE:EURUSD,1.17803,1.17814,1.17796,1.17807,352.0
2026-02-20 16:45:00,PEPPERSTONE:EURUSD,1.17806,1.17826,1.17786,1.17821,438.0
2026-02-20 16:50:00,PEPPERSTONE:EURUSD,1.17822,1.17848,1.17801,1.17808,582.0
2026-02-20 16:55:00,PEPPERSTONE:EURUSD,1.1781,1.1783,1.178,1.17808,474.0
2026-02-20 17:00:00,PEPPERSTONE:EURUSD,1.17807,1.17811,1.17784,1.17788,490.0
2026-02-20 17:05:00,PEPPERSTONE:EURUSD,1.17789,1.17815,1.17775,1.17814,392.0
2026-02-20 17:10:00,PEPPERSTONE:EURUSD,1.17813,1.17815,1.17795,1.17798,394.0
2026-02-20 17:15:00,PEPPERSTONE:EURUSD,1.178,1.17814,1.17782,1.17811,415.0
2026-02-20 17:20:00,PEPPERSTONE:EURUSD,1.17813,1.17836,1.1781,1.17825,413.0
2026-02-20 17:25:00,PEPPERSTONE:EURUSD,1.17826,1.17835,1.17812,1.17827,334.0
2026-02-20 17:30:00,PEPPERSTONE:EURUSD,1.17826,1.17844,1.17801,1.17844,419.0
2026-02-20 17:35:00,PEPPERSTONE:EURUSD,1.17843,1.17868,1.1784,1.1786,385.0
2026-02-20 17:40:00,PEPPERSTONE:EURUSD,1.17861,1.1787,1.17838,1.17857,354.0
2026-02-20 17:45:00,PEPPERSTONE:EURUSD,1.17857,1.1786,1.17848,1.17848,210.0
2026-02-20 17:50:00,PEPPERSTONE:EURUSD,1.17847,1.17866,1.17847,1.17858,354.0
2026-02-20 17:55:00,PEPPERSTONE:EURUSD,1.17857,1.17876,1.17854,1.17863,478.0
2026-02-20 18:00:00,PEPPERSTONE:EURUSD,1.17862,1.17872,1.17853,1.17867,365.0
2026-02-20 18:05:00,PEPPERSTONE:EURUSD,1.17867,1.179,1.17866,1.179,263.0
2026-02-20 18:10:00,PEPPERSTONE:EURUSD,1.17899,1.17914,1.17891,1.17911,273.0
2026-02-20 18:15:00,PEPPERSTONE:EURUSD,1.17911,1.17915,1.17903,1.17914,221.0
2026-02-20 18:20:00,PEPPERSTONE:EURUSD,1.17913,1.17916,1.17893,1.17895,285.0
2026-02-20 18:25:00,PEPPERSTONE:EURUSD,1.17894,1.17904,1.17879,1.17903,265.0
2026-02-20 18:30:00,PEPPERSTONE:EURUSD,1.17903,1.17905,1.17874,1.17891,251.0
2026-02-20 18:35:00,PEPPERSTONE:EURUSD,1.17892,1.17894,1.17872,1.17879,376.0
2026-02-20 18:40:00,PEPPERSTONE:EURUSD,1.17876,1.17879,1.17829,1.1783,253.0
2026-02-20 18:45:00,PEPPERSTONE:EURUSD,1.17829,1.17871,1.17827,1.17871,371.0
2026-02-20 18:50:00,PEPPERSTONE:EURUSD,1.17871,1.17876,1.1785,1.17856,390.0
2026-02-22 19:00:00,PEPPERSTONE:EURUSD,1.17913,1.17914,1.17894,1.17912,51.0
2026-02-22 19:05:00,PEPPERSTONE:EURUSD,1.17913,1.17917,1.17865,1.17871,185.0
2026-02-22 19:10:00,PEPPERSTONE:EURUSD,1.17875,1.17911,1.17866,1.17906,101.0
2026-02-22 19:15:00,PEPPERSTONE:EURUSD,1.17906,1.17943,1.17904,1.1794,104.0
2026-02-22 19:20:00,PEPPERSTONE:EURUSD,1.1794,1.17962,1.17931,1.17931,100.0
2026-02-22 19:25:00,PEPPERSTONE:EURUSD,1.17932,1.17944,1.17914,1.17921,191.0
2026-02-22 19:30:00,PEPPERSTONE:EURUSD,1.1792,1.17946,1.1792,1.17937,136.0
2026-02-22 19:35:00,PEPPERSTONE:EURUSD,1.1794,1.17944,1.1793,1.17934,100.0
2026-02-22 19:40:00,PEPPERSTONE:EURUSD,1.17935,1.17935,1.17927,1.17929,48.0
2026-02-22 19:45:00,PEPPERSTONE:EURUSD,1.17928,1.17932,1.17927,1.17928,51.0
2026-02-22 19:50:00,PEPPERSTONE:EURUSD,1.17928,1.17933,1.17924,1.17933,48.0
2026-02-22 19:55:00,PEPPERSTONE:EURUSD,1.17936,1.17936,1.17918,1.17927,155.0
2026-02-22 20:00:00,PEPPERSTONE:EURUSD,1.17939,1.17961,1.17928,1.17953,532.0
2026-02-22 20:05:00,PEPPERSTONE:EURUSD,1.17948,1.17989,1.17947,1.17987,451.0
2026-02-22 20:10:00,PEPPERSTONE:EURUSD,1.17986,1.1809,1.17986,1.18084,640.0
2026-02-22 20:15:00,PEPPERSTONE:EURUSD,1.18086,1.18097,1.18022,1.18057,724.0
2026-02-22 20:20:00,PEPPERSTONE:EURUSD,1.18056,1.18174,1.18055,1.18171,890.0
2026-02-22 20:25:00,PEPPERSTONE:EURUSD,1.18169,1.18236,1.18151,1.18153,795.0
2026-02-22 20:30:00,PEPPERSTONE:EURUSD,1.18155,1.18203,1.18145,1.18186,752.0
2026-02-22 20:35:00,PEPPERSTONE:EURUSD,1.18185,1.18257,1.18185,1.18241,705.0
2026-02-22 20:40:00,PEPPERSTONE:EURUSD,1.18239,1.18264,1.18201,1.18235,608.0
2026-02-22 20:45:00,PEPPERSTONE:EURUSD,1.18234,1.18269,1.18228,1.18263,644.0
2026-02-22 20:50:00,PEPPERSTONE:EURUSD,1.18263,1.18301,1.18253,1.18293,582.0
2026-02-22 20:55:00,PEPPERSTONE:EURUSD,1.18292,1.18349,1.18283,1.18335,598.0
2026-02-22 21:00:00,PEPPERSTONE:EURUSD,1.18332,1.18332,1.18268,1.18294,842.0
2026-02-22 21:05:00,PEPPERSTONE:EURUSD,1.18295,1.1832,1.18268,1.18308,749.0
2026-02-22 21:10:00,PEPPERSTONE:EURUSD,1.18309,1.18316,1.18269,1.18273,693.0
2026-02-22 21:15:00,PEPPERSTONE:EURUSD,1.18274,1.18275,1.18229,1.18239,589.0
2026-02-22 21:20:00,PEPPERSTONE:EURUSD,1.18238,1.18281,1.18226,1.18263,680.0
2026-02-22 21:25:00,PEPPERSTONE:EURUSD,1.18267,1.18281,1.18237,1.18266,625.0
2026-02-22 21:30:00,PEPPERSTONE:EURUSD,1.18267,1.1833,1.18265,1.18324,730.0
2026-02-22 21:35:00,PEPPERSTONE:EURUSD,1.18325,1.18341,1.18294,1.18323,721.0
2026-02-22 21:40:00,PEPPERSTONE:EURUSD,1.18324,1.18347,1.18306,1.1831,568.0
2026-02-22 21:45:00,PEPPERSTONE:EURUSD,1.18307,1.1831,1.18261,1.18264,673.0
2026-02-22 21:50:00,PEPPERSTONE:EURUSD,1.18265,1.18293,1.18243,1.18265,657.0
2026-02-22 21:55:00,PEPPERSTONE:EURUSD,1.18264,1.18311,1.18258,1.18309,663.0
2026-02-22 22:00:00,PEPPERSTONE:EURUSD,1.18311,1.18317,1.1828,1.18308,786.0
2026-02-22 22:05:00,PEPPERSTONE:EURUSD,1.18307,1.18321,1.18272,1.1832,799.0
2026-02-22 22:10:00,PEPPERSTONE:EURUSD,1.18319,1.18336,1.18277,1.18294,698.0
2026-02-22 22:15:00,PEPPERSTONE:EURUSD,1.18293,1.18302,1.18242,1.18254,810.0
2026-02-22 22:20:00,PEPPERSTONE:EURUSD,1.18251,1.18278,1.18231,1.18233,773.0
2026-02-22 22:25:00,PEPPERSTONE:EURUSD,1.18235,1.18246,1.18212,1.18217,650.0
2026-02-22 22:30:00,PEPPERSTONE:EURUSD,1.18216,1.18243,1.18207,1.18212,727.0
2026-02-22 22:35:00,PEPPERSTONE:EURUSD,1.18213,1.18249,1.18213,1.18225,645.0
2026-02-22 22:40:00,PEPPERSTONE:EURUSD,1.18224,1.18277,1.18218,1.18263,605.0
2026-02-22 22:45:00,PEPPERSTONE:EURUSD,1.18265,1.18285,1.18255,1.18264,550.0
2026-02-22 22:50:00,PEPPERSTONE:EURUSD,1.18265,1.18277,1.18244,1.18244,561.0
2026-02-22 22:55:00,PEPPERSTONE:EURUSD,1.18244,1.18267,1.18244,1.18263,608.0
2026-02-22 23:00:00,PEPPERSTONE:EURUSD,1.18262,1.18268,1.18235,1.18238,599.0
2026-02-22 23:05:00,PEPPERSTONE:EURUSD,1.18237,1.18278,1.18233,1.18268,557.0
2026-02-22 23:10:00,PEPPERSTONE:EURUSD,1.18269,1.18311,1.18257,1.18296,710.0
2026-02-22 23:15:00,PEPPERSTONE:EURUSD,1.18297,1.18301,1.1826,1.1826,629.0
2026-02-22 23:20:00,PEPPERSTONE:EURUSD,1.18261,1.18273,1.18249,1.18267,478.0
2026-02-22 23:25:00,PEPPERSTONE:EURUSD,1.18267,1.18288,1.18256,1.18283,536.0
2026-02-22 23:30:00,PEPPERSTONE:EURUSD,1.18285,1.18291,1.18269,1.18283,469.0
2026-02-22 23:35:00,PEPPERSTONE:EURUSD,1.18282,1.18299,1.18257,1.18258,547.0
2026-02-22 23:40:00,PEPPERSTONE:EURUSD,1.1826,1.18298,1.18258,1.18288,460.0
2026-02-22 23:45:00,PEPPERSTONE:EURUSD,1.18287,1.1831,1.18259,1.18263,406.0
2026-02-22 23:50:00,PEPPERSTONE:EURUSD,1.18265,1.18265,1.18244,1.18263,434.0
2026-02-22 23:55:00,PEPPERSTONE:EURUSD,1.18264,1.18276,1.18256,1.18276,463.0
2026-02-23 00:00:00,PEPPERSTONE:EURUSD,1.18275,1.18282,1.18239,1.18246,440.0
2026-02-23 00:05:00,PEPPERSTONE:EURUSD,1.18245,1.18252,1.18219,1.18225,388.0
2026-02-23 00:10:00,PEPPERSTONE:EURUSD,1.18226,1.18226,1.18195,1.18201,607.0
2026-02-23 00:15:00,PEPPERSTONE:EURUSD,1.18203,1.1822,1.18195,1.18195,396.0
2026-02-23 00:20:00,PEPPERSTONE:EURUSD,1.18194,1.18195,1.18174,1.18187,467.0
2026-02-23 00:25:00,PEPPERSTONE:EURUSD,1.18188,1.18191,1.18173,1.1818,310.0
2026-02-23 00:30:00,PEPPERSTONE:EURUSD,1.18176,1.18208,1.18176,1.18197,365.0
2026-02-23 00:35:00,PEPPERSTONE:EURUSD,1.18197,1.18202,1.18168,1.18188,322.0
2026-02-23 00:40:00,PEPPERSTONE:EURUSD,1.18189,1.18215,1.18188,1.18192,298.0
2026-02-23 00:45:00,PEPPERSTONE:EURUSD,1.18193,1.18195,1.18182,1.18193,251.0
2026-02-23 00:50:00,PEPPERSTONE:EURUSD,1.18192,1.1822,1.18191,1.18219,319.0
2026-02-23 00:55:00,PEPPERSTONE:EURUSD,1.18217,1.18241,1.18205,1.18233,360.0
2026-02-23 01:00:00,PEPPERSTONE:EURUSD,1.18238,1.1824,1.18204,1.18213,370.0
2026-02-23 01:05:00,PEPPERSTONE:EURUSD,1.18212,1.18219,1.18181,1.18186,370.0
2026-02-23 01:10:00,PEPPERSTONE:EURUSD,1.18186,1.18209,1.18184,1.18203,433.0
2026-02-23 01:15:00,PEPPERSTONE:EURUSD,1.18201,1.18226,1.18185,1.18224,420.0
2026-02-23 01:20:00,PEPPERSTONE:EURUSD,1.18225,1.18229,1.18206,1.18206,210.0
2026-02-23 01:25:00,PEPPERSTONE:EURUSD,1.18207,1.18208,1.18191,1.18198,355.0
2026-02-23 01:30:00,PEPPERSTONE:EURUSD,1.18199,1.18211,1.18188,1.1819,271.0
2026-02-23 01:35:00,PEPPERSTONE:EURUSD,1.18193,1.18204,1.18193,1.18197,240.0
2026-02-23 01:40:00,PEPPERSTONE:EURUSD,1.18196,1.18205,1.18187,1.18204,226.0
2026-02-23 01:45:00,PEPPERSTONE:EURUSD,1.18203,1.18208,1.18195,1.18204,229.0
2026-02-23 01:50:00,PEPPERSTONE:EURUSD,1.18205,1.18214,1.18203,1.18208,170.0
2026-02-23 01:55:00,PEPPERSTONE:EURUSD,1.18207,1.18222,1.18205,1.18209,245.0
2026-02-23 02:00:00,PEPPERSTONE:EURUSD,1.1821,1.1821,1.18195,1.18197,298.0
2026-02-23 02:05:00,PEPPERSTONE:EURUSD,1.18196,1.18198,1.18166,1.18175,361.0
2026-02-23 02:10:00,PEPPERSTONE:EURUSD,1.18177,1.18188,1.18159,1.18162,321.0
2026-02-23 02:15:00,PEPPERSTONE:EURUSD,1.18163,1.1818,1.18162,1.18168,306.0
2026-02-23 02:20:00,PEPPERSTONE:EURUSD,1.18169,1.18174,1.18155,1.18157,430.0
2026-02-23 02:25:00,PEPPERSTONE:EURUSD,1.18158,1.18167,1.18153,1.18167,285.0
2026-02-23 02:30:00,PEPPERSTONE:EURUSD,1.18168,1.18201,1.18166,1.18197,396.0
2026-02-23 02:35:00,PEPPERSTONE:EURUSD,1.18198,1.18205,1.18184,1.18191,222.0
2026-02-23 02:40:00,PEPPERSTONE:EURUSD,1.18193,1.18194,1.18175,1.18183,228.0
2026-02-23 02:45:00,PEPPERSTONE:EURUSD,1.18184,1.1819,1.18182,1.18188,163.0
2026-02-23 02:50:00,PEPPERSTONE:EURUSD,1.18187,1.18199,1.18179,1.18197,266.0
2026-02-23 02:55:00,PEPPERSTONE:EURUSD,1.18198,1.18216,1.18194,1.18198,364.0
2026-02-23 03:00:00,PEPPERSTONE:EURUSD,1.18196,1.18224,1.18168,1.18215,473.0
2026-02-23 03:05:00,PEPPERSTONE:EURUSD,1.18217,1.18255,1.18215,1.18255,537.0
2026-02-23 03:10:00,PEPPERSTONE:EURUSD,1.18254,1.18271,1.18245,1.18265,420.0
2026-02-23 03:15:00,PEPPERSTONE:EURUSD,1.18264,1.18292,1.18264,1.1829,353.0
2026-02-23 03:20:00,PEPPERSTONE:EURUSD,1.18291,1.18303,1.18283,1.18301,362.0
2026-02-23 03:25:00,PEPPERSTONE:EURUSD,1.18304,1.1834,1.18302,1.18315,590.0
2026-02-23 03:30:00,PEPPERSTONE:EURUSD,1.1832,1.1832,1.18279,1.18287,435.0
2026-02-23 03:35:00,PEPPERSTONE:EURUSD,1.18289,1.18289,1.1827,1.18282,322.0
2026-02-23 03:40:00,PEPPERSTONE:EURUSD,1.18281,1.18288,1.1827,1.18284,336.0
2026-02-23 03:45:00,PEPPERSTONE:EURUSD,1.18283,1.18299,1.1828,1.18296,307.0
2026-02-23 03:50:00,PEPPERSTONE:EURUSD,1.183,1.183,1.18265,1.18277,374.0
2026-02-23 03:55:00,PEPPERSTONE:EURUSD,1.18278,1.18278,1.18241,1.18247,402.0
2026-02-23 04:00:00,PEPPERSTONE:EURUSD,1.18245,1.18252,1.18232,1.18241,641.0
2026-02-23 04:05:00,PEPPERSTONE:EURUSD,1.18239,1.18275,1.18222,1.18262,488.0
2026-02-23 04:10:00,PEPPERSTONE:EURUSD,1.18257,1.18263,1.18236,1.18239,423.0
2026-02-23 04:15:00,PEPPERSTONE:EURUSD,1.1824,1.18249,1.18224,1.18224,467.0
2026-02-23 04:20:00,PEPPERSTONE:EURUSD,1.18224,1.18254,1.18222,1.18253,440.0
2026-02-23 04:25:00,PEPPERSTONE:EURUSD,1.18252,1.18252,1.1822,1.18223,482.0
2026-02-23 04:30:00,PEPPERSTONE:EURUSD,1.18224,1.18228,1.18186,1.18214,607.0
2026-02-23 04:35:00,PEPPERSTONE:EURUSD,1.18212,1.18242,1.18191,1.18242,561.0
2026-02-23 04:40:00,PEPPERSTONE:EURUSD,1.1824,1.1825,1.18219,1.1824,649.0
2026-02-23 04:45:00,PEPPERSTONE:EURUSD,1.18239,1.18266,1.18236,1.18266,434.0
2026-02-23 04:50:00,PEPPERSTONE:EURUSD,1.18265,1.18276,1.18222,1.18227,672.0
2026-02-23 04:55:00,PEPPERSTONE:EURUSD,1.18228,1.1824,1.18205,1.18233,602.0
2026-02-23 05:00:00,PEPPERSTONE:EURUSD,1.18234,1.18251,1.18163,1.1818,900.0
2026-02-23 05:05:00,PEPPERSTONE:EURUSD,1.18179,1.18227,1.18173,1.18209,702.0
2026-02-23 05:10:00,PEPPERSTONE:EURUSD,1.1821,1.1821,1.18182,1.18197,613.0
2026-02-23 05:15:00,PEPPERSTONE:EURUSD,1.182,1.18208,1.18162,1.18178,546.0
2026-02-23 05:20:00,PEPPERSTONE:EURUSD,1.18177,1.18195,1.18158,1.18166,613.0
2026-02-23 05:25:00,PEPPERSTONE:EURUSD,1.18163,1.18191,1.18143,1.18179,707.0
2026-02-23 05:30:00,PEPPERSTONE:EURUSD,1.18178,1.18184,1.18119,1.18121,639.0
2026-02-23 05:35:00,PEPPERSTONE:EURUSD,1.18122,1.18154,1.18106,1.18122,583.0
2026-02-23 05:40:00,PEPPERSTONE:EURUSD,1.18124,1.18129,1.18106,1.18108,439.0
2026-02-23 05:45:00,PEPPERSTONE:EURUSD,1.18109,1.18111,1.18089,1.18091,563.0
2026-02-23 05:50:00,PEPPERSTONE:EURUSD,1.18092,1.18099,1.18071,1.18093,633.0
2026-02-23 05:55:00,PEPPERSTONE:EURUSD,1.18092,1.18122,1.18083,1.18106,703.0
2026-02-23 06:00:00,PEPPERSTONE:EURUSD,1.18105,1.18121,1.18097,1.18109,650.0
2026-02-23 06:05:00,PEPPERSTONE:EURUSD,1.1811,1.18113,1.18089,1.18107,581.0
2026-02-23 06:10:00,PEPPERSTONE:EURUSD,1.18105,1.18127,1.18094,1.18097,559.0
2026-02-23 06:15:00,PEPPERSTONE:EURUSD,1.18098,1.18099,1.1803,1.18052,451.0
2026-02-23 06:20:00,PEPPERSTONE:EURUSD,1.18053,1.1807,1.18045,1.18052,466.0
2026-02-23 06:25:00,PEPPERSTONE:EURUSD,1.18053,1.18093,1.18046,1.18091,441.0
2026-02-23 06:30:00,PEPPERSTONE:EURUSD,1.18094,1.1811,1.18079,1.18092,480.0
2026-02-23 06:35:00,PEPPERSTONE:EURUSD,1.18089,1.18113,1.18078,1.18088,525.0
2026-02-23 06:40:00,PEPPERSTONE:EURUSD,1.18089,1.18103,1.18083,1.18103,367.0
2026-02-23 06:45:00,PEPPERSTONE:EURUSD,1.18102,1.18117,1.18083,1.18083,442.0
2026-02-23 06:50:00,PEPPERSTONE:EURUSD,1.18078,1.18079,1.18005,1.18009,716.0
2026-02-23 06:55:00,PEPPERSTONE:EURUSD,1.1801,1.18024,1.18002,1.18009,631.0
2026-02-23 07:00:00,PEPPERSTONE:EURUSD,1.1801,1.18015,1.17992,1.17995,587.0
2026-02-23 07:05:00,PEPPERSTONE:EURUSD,1.17997,1.18004,1.17982,1.17982,380.0
2026-02-23 07:10:00,PEPPERSTONE:EURUSD,1.17981,1.17995,1.17954,1.17962,628.0
2026-02-23 07:15:00,PEPPERSTONE:EURUSD,1.17965,1.1798,1.1795,1.17973,428.0
2026-02-23 07:20:00,PEPPERSTONE:EURUSD,1.17972,1.1799,1.1796,1.17974,437.0
2026-02-23 07:25:00,PEPPERSTONE:EURUSD,1.17973,1.17989,1.17953,1.17986,636.0
2026-02-23 07:30:00,PEPPERSTONE:EURUSD,1.17985,1.17999,1.17982,1.17986,458.0
2026-02-23 07:35:00,PEPPERSTONE:EURUSD,1.17987,1.18001,1.17975,1.17989,519.0
2026-02-23 07:40:00,PEPPERSTONE:EURUSD,1.1799,1.17995,1.17976,1.17992,292.0
2026-02-23 07:45:00,PEPPERSTONE:EURUSD,1.17993,1.18001,1.17975,1.17997,408.0
2026-02-23 07:50:00,PEPPERSTONE:EURUSD,1.17998,1.18007,1.17979,1.17981,309.0
2026-02-23 07:55:00,PEPPERSTONE:EURUSD,1.17982,1.17999,1.17978,1.17987,451.0
2026-02-23 08:00:00,PEPPERSTONE:EURUSD,1.17985,1.1799,1.17962,1.17977,459.0
2026-02-23 08:05:00,PEPPERSTONE:EURUSD,1.17978,1.1798,1.17932,1.17944,589.0
2026-02-23 08:10:00,PEPPERSTONE:EURUSD,1.17943,1.17954,1.17911,1.17918,600.0
2026-02-23 08:15:00,PEPPERSTONE:EURUSD,1.17922,1.17941,1.17921,1.17922,454.0
2026-02-23 08:20:00,PEPPERSTONE:EURUSD,1.17923,1.17935,1.1791,1.17932,470.0
2026-02-23 08:25:00,PEPPERSTONE:EURUSD,1.17933,1.17935,1.17857,1.17859,609.0
2026-02-23 08:30:00,PEPPERSTONE:EURUSD,1.1786,1.17863,1.17805,1.17809,913.0
2026-02-23 08:35:00,PEPPERSTONE:EURUSD,1.17812,1.17838,1.17809,1.17824,579.0
2026-02-23 08:40:00,PEPPERSTONE:EURUSD,1.17825,1.17862,1.17813,1.17854,598.0
2026-02-23 08:45:00,PEPPERSTONE:EURUSD,1.17853,1.17873,1.17839,1.17871,521.0
2026-02-23 08:50:00,PEPPERSTONE:EURUSD,1.1787,1.1788,1.17856,1.17861,556.0
2026-02-23 08:55:00,PEPPERSTONE:EURUSD,1.1786,1.17867,1.17838,1.1786,499.0
2026-02-23 09:00:00,PEPPERSTONE:EURUSD,1.17858,1.17864,1.17817,1.1782,581.0
2026-02-23 09:05:00,PEPPERSTONE:EURUSD,1.17823,1.17836,1.17818,1.17825,570.0
2026-02-23 09:10:00,PEPPERSTONE:EURUSD,1.17826,1.1784,1.17813,1.17835,690.0
2026-02-23 09:15:00,PEPPERSTONE:EURUSD,1.17833,1.17841,1.17811,1.17814,533.0
2026-02-23 09:20:00,PEPPERSTONE:EURUSD,1.17812,1.17813,1.17745,1.1775,737.0
2026-02-23 09:25:00,PEPPERSTONE:EURUSD,1.17753,1.17776,1.17747,1.17763,736.0
2026-02-23 09:30:00,PEPPERSTONE:EURUSD,1.17766,1.17797,1.17762,1.17796,705.0
2026-02-23 09:35:00,PEPPERSTONE:EURUSD,1.17794,1.17808,1.1777,1.17786,515.0
2026-02-23 09:40:00,PEPPERSTONE:EURUSD,1.17785,1.17788,1.17765,1.17784,508.0
2026-02-23 09:45:00,PEPPERSTONE:EURUSD,1.17782,1.17796,1.17764,1.1779,591.0
2026-02-23 09:50:00,PEPPERSTONE:EURUSD,1.17789,1.17831,1.17788,1.17812,562.0
2026-02-23 09:55:00,PEPPERSTONE:EURUSD,1.17813,1.17819,1.17769,1.17819,616.0
2026-02-23 10:00:00,PEPPERSTONE:EURUSD,1.17818,1.17837,1.1778,1.17799,932.0
2026-02-23 10:05:00,PEPPERSTONE:EURUSD,1.178,1.17845,1.17792,1.17839,721.0
2026-02-23 10:10:00,PEPPERSTONE:EURUSD,1.17837,1.17853,1.17822,1.17852,584.0
2026-02-23 10:15:00,PEPPERSTONE:EURUSD,1.17853,1.17907,1.17849,1.17902,562.0
2026-02-23 10:20:00,PEPPERSTONE:EURUSD,1.17903,1.17922,1.17868,1.17876,635.0
2026-02-23 10:25:00,PEPPERSTONE:EURUSD,1.17874,1.17932,1.17871,1.17932,593.0
2026-02-23 10:30:00,PEPPERSTONE:EURUSD,1.17931,1.17979,1.17927,1.17965,892.0
2026-02-23 10:35:00,PEPPERSTONE:EURUSD,1.17966,1.17975,1.17937,1.17946,779.0
2026-02-23 10:40:00,PEPPERSTONE:EURUSD,1.17947,1.1798,1.17947,1.17972,829.0
2026-02-23 10:45:00,PEPPERSTONE:EURUSD,1.17965,1.1797,1.1794,1.17955,619.0
2026-02-23 10:50:00,PEPPERSTONE:EURUSD,1.17956,1.17957,1.17922,1.17927,703.0
2026-02-23 10:55:00,PEPPERSTONE:EURUSD,1.17928,1.17965,1.1792,1.1796,796.0
2026-02-23 11:00:00,PEPPERSTONE:EURUSD,1.17961,1.17989,1.17953,1.17971,606.0
2026-02-23 11:05:00,PEPPERSTONE:EURUSD,1.17971,1.17998,1.17962,1.17988,683.0
2026-02-23 11:10:00,PEPPERSTONE:EURUSD,1.17987,1.17996,1.17939,1.17995,707.0
2026-02-23 11:15:00,PEPPERSTONE:EURUSD,1.17995,1.18028,1.17987,1.17994,598.0
2026-02-23 11:20:00,PEPPERSTONE:EURUSD,1.17993,1.17993,1.17951,1.17951,540.0
2026-02-23 11:25:00,PEPPERSTONE:EURUSD,1.17953,1.17985,1.17947,1.17958,615.0
2026-02-23 11:30:00,PEPPERSTONE:EURUSD,1.17959,1.18005,1.17948,1.17964,1038.0
2026-02-23 11:35:00,PEPPERSTONE:EURUSD,1.17965,1.17989,1.17952,1.17974,961.0
2026-02-23 11:40:00,PEPPERSTONE:EURUSD,1.17972,1.18013,1.1797,1.17992,969.0
2026-02-23 11:45:00,PEPPERSTONE:EURUSD,1.17991,1.18008,1.17943,1.18008,995.0
2026-02-23 11:50:00,PEPPERSTONE:EURUSD,1.1801,1.18047,1.17994,1.18016,1015.0
2026-02-23 11:55:00,PEPPERSTONE:EURUSD,1.18018,1.18091,1.18014,1.18054,994.0
2026-02-23 12:00:00,PEPPERSTONE:EURUSD,1.18055,1.1809,1.18016,1.18046,1004.0
2026-02-23 12:05:00,PEPPERSTONE:EURUSD,1.18047,1.18081,1.18039,1.18076,899.0
2026-02-23 12:10:00,PEPPERSTONE:EURUSD,1.18075,1.18099,1.18037,1.18058,951.0
2026-02-23 12:15:00,PEPPERSTONE:EURUSD,1.18057,1.1808,1.18037,1.18042,865.0
2026-02-23 12:20:00,PEPPERSTONE:EURUSD,1.18048,1.18067,1.18021,1.18023,923.0
2026-02-23 12:25:00,PEPPERSTONE:EURUSD,1.18024,1.18043,1.18013,1.18033,909.0
2026-02-23 12:30:00,PEPPERSTONE:EURUSD,1.18032,1.18057,1.17999,1.17999,904.0
2026-02-23 12:35:00,PEPPERSTONE:EURUSD,1.17998,1.18009,1.17969,1.18003,812.0
2026-02-23 12:40:00,PEPPERSTONE:EURUSD,1.18004,1.18039,1.1799,1.1801,734.0
2026-02-23 12:45:00,PEPPERSTONE:EURUSD,1.18012,1.18014,1.17976,1.17983,874.0
2026-02-23 12:50:00,PEPPERSTONE:EURUSD,1.17984,1.17994,1.1792,1.17949,1038.0
2026-02-23 12:55:00,PEPPERSTONE:EURUSD,1.17954,1.17965,1.17945,1.17948,913.0
2026-02-23 13:00:00,PEPPERSTONE:EURUSD,1.17942,1.17952,1.17882,1.17889,1010.0
2026-02-23 13:05:00,PEPPERSTONE:EURUSD,1.17892,1.1791,1.17881,1.17905,1059.0
2026-02-23 13:10:00,PEPPERSTONE:EURUSD,1.17907,1.17952,1.17906,1.17928,848.0
2026-02-23 13:15:00,PEPPERSTONE:EURUSD,1.17928,1.17994,1.17915,1.17993,1036.0
2026-02-23 13:20:00,PEPPERSTONE:EURUSD,1.17991,1.18008,1.17972,1.17992,721.0
2026-02-23 13:25:00,PEPPERSTONE:EURUSD,1.17993,1.18028,1.17991,1.18012,771.0
2026-02-23 13:30:00,PEPPERSTONE:EURUSD,1.18013,1.18026,1.17976,1.18007,933.0
2026-02-23 13:35:00,PEPPERSTONE:EURUSD,1.1801,1.18026,1.17984,1.18026,742.0
2026-02-23 13:40:00,PEPPERSTONE:EURUSD,1.18027,1.18049,1.18003,1.18012,742.0
2026-02-23 13:45:00,PEPPERSTONE:EURUSD,1.18013,1.18027,1.17998,1.18022,927.0
2026-02-23 13:50:00,PEPPERSTONE:EURUSD,1.1802,1.18048,1.18018,1.18038,841.0
2026-02-23 13:55:00,PEPPERSTONE:EURUSD,1.18037,1.18063,1.1802,1.18038,772.0
2026-02-23 14:00:00,PEPPERSTONE:EURUSD,1.1804,1.18065,1.18023,1.18057,963.0
2026-02-23 14:05:00,PEPPERSTONE:EURUSD,1.18058,1.18088,1.18041,1.18048,695.0
2026-02-23 14:10:00,PEPPERSTONE:EURUSD,1.18047,1.18052,1.17996,1.18006,774.0
2026-02-23 14:15:00,PEPPERSTONE:EURUSD,1.18,1.1803,1.18,1.18023,802.0
2026-02-23 14:20:00,PEPPERSTONE:EURUSD,1.18025,1.18027,1.17972,1.17976,783.0
2026-02-23 14:25:00,PEPPERSTONE:EURUSD,1.17975,1.17977,1.17933,1.1795,662.0
2026-02-23 14:30:00,PEPPERSTONE:EURUSD,1.17951,1.17953,1.17926,1.17938,468.0
2026-02-23 14:35:00,PEPPERSTONE:EURUSD,1.17939,1.17941,1.17907,1.17922,527.0
2026-02-23 14:40:00,PEPPERSTONE:EURUSD,1.17924,1.1795,1.17918,1.17933,571.0
2026-02-23 14:45:00,PEPPERSTONE:EURUSD,1.17931,1.17948,1.17922,1.17948,467.0
2026-02-23 14:50:00,PEPPERSTONE:EURUSD,1.17949,1.17987,1.17946,1.17975,662.0
2026-02-23 14:55:00,PEPPERSTONE:EURUSD,1.17978,1.18003,1.17967,1.17986,689.0
2026-02-23 15:00:00,PEPPERSTONE:EURUSD,1.17987,1.18001,1.17962,1.17973,646.0
2026-02-23 15:05:00,PEPPERSTONE:EURUSD,1.17975,1.17989,1.17963,1.17988,405.0
2026-02-23 15:10:00,PEPPERSTONE:EURUSD,1.17987,1.1799,1.17958,1.17962,449.0
2026-02-23 15:15:00,PEPPERSTONE:EURUSD,1.17964,1.17975,1.17952,1.17965,496.0
2026-02-23 15:20:00,PEPPERSTONE:EURUSD,1.17964,1.17983,1.17947,1.17973,620.0
2026-02-23 15:25:00,PEPPERSTONE:EURUSD,1.17972,1.17973,1.17955,1.17961,478.0
2026-02-23 15:30:00,PEPPERSTONE:EURUSD,1.17961,1.17985,1.17961,1.17983,416.0
2026-02-23 15:35:00,PEPPERSTONE:EURUSD,1.17981,1.1801,1.17981,1.17994,283.0
2026-02-23 15:40:00,PEPPERSTONE:EURUSD,1.17991,1.17994,1.17969,1.17975,417.0
2026-02-23 15:45:00,PEPPERSTONE:EURUSD,1.17974,1.17994,1.17966,1.17982,368.0
2026-02-23 15:50:00,PEPPERSTONE:EURUSD,1.17981,1.17994,1.17977,1.17984,311.0
2026-02-23 15:55:00,PEPPERSTONE:EURUSD,1.17983,1.1799,1.17975,1.17983,345.0
2026-02-23 16:00:00,PEPPERSTONE:EURUSD,1.17981,1.17985,1.17963,1.17974,543.0
2026-02-23 16:05:00,PEPPERSTONE:EURUSD,1.17974,1.17992,1.17972,1.17991,430.0
2026-02-23 16:10:00,PEPPERSTONE:EURUSD,1.1799,1.18006,1.17986,1.1799,418.0
2026-02-23 16:15:00,PEPPERSTONE:EURUSD,1.17992,1.17995,1.1797,1.17972,374.0
2026-02-23 16:20:00,PEPPERSTONE:EURUSD,1.17971,1.17974,1.17944,1.17946,614.0
2026-02-23 16:25:00,PEPPERSTONE:EURUSD,1.17951,1.17961,1.17941,1.1795,459.0
2026-02-23 16:30:00,PEPPERSTONE:EURUSD,1.17951,1.17954,1.17923,1.17926,466.0
2026-02-23 16:35:00,PEPPERSTONE:EURUSD,1.17927,1.17929,1.17895,1.17895,415.0
2026-02-23 16:40:00,PEPPERSTONE:EURUSD,1.17896,1.17902,1.17883,1.17889,456.0
2026-02-23 16:45:00,PEPPERSTONE:EURUSD,1.17888,1.17922,1.17882,1.17915,477.0
2026-02-23 16:50:00,PEPPERSTONE:EURUSD,1.17916,1.17929,1.17909,1.17924,562.0
2026-02-23 16:55:00,PEPPERSTONE:EURUSD,1.17926,1.17926,1.179,1.17915,680.0
2026-02-23 17:00:00,PEPPERSTONE:EURUSD,1.17916,1.17924,1.17908,1.17909,479.0
2026-02-23 17:05:00,PEPPERSTONE:EURUSD,1.17908,1.17925,1.17901,1.17913,400.0
2026-02-23 17:10:00,PEPPERSTONE:EURUSD,1.17913,1.17927,1.17911,1.17914,356.0
2026-02-23 17:15:00,PEPPERSTONE:EURUSD,1.17913,1.17919,1.17909,1.17909,276.0
2026-02-23 17:20:00,PEPPERSTONE:EURUSD,1.1791,1.1791,1.17882,1.17894,330.0
2026-02-23 17:25:00,PEPPERSTONE:EURUSD,1.17893,1.17941,1.17889,1.17932,370.0
2026-02-23 17:30:00,PEPPERSTONE:EURUSD,1.17934,1.17936,1.17916,1.17919,358.0
2026-02-23 17:35:00,PEPPERSTONE:EURUSD,1.1792,1.17923,1.17906,1.17916,400.0
2026-02-23 17:40:00,PEPPERSTONE:EURUSD,1.17916,1.17917,1.17896,1.17902,403.0
2026-02-23 17:45:00,PEPPERSTONE:EURUSD,1.17901,1.17912,1.17898,1.17906,332.0
2026-02-23 17:50:00,PEPPERSTONE:EURUSD,1.17907,1.17911,1.17875,1.17882,419.0
2026-02-23 17:55:00,PEPPERSTONE:EURUSD,1.17883,1.17907,1.17883,1.17889,603.0
2026-02-23 18:00:00,PEPPERSTONE:EURUSD,1.17892,1.17926,1.1789,1.1792,321.0
2026-02-23 18:05:00,PEPPERSTONE:EURUSD,1.17919,1.1792,1.17896,1.17901,237.0
2026-02-23 18:10:00,PEPPERSTONE:EURUSD,1.179,1.17907,1.17897,1.17903,138.0
2026-02-23 18:15:00,PEPPERSTONE:EURUSD,1.17904,1.17909,1.17873,1.17882,232.0
2026-02-23 18:20:00,PEPPERSTONE:EURUSD,1.17879,1.1788,1.17858,1.17869,293.0
2026-02-23 18:25:00,PEPPERSTONE:EURUSD,1.17869,1.17885,1.17865,1.17869,313.0
2026-02-23 18:30:00,PEPPERSTONE:EURUSD,1.17869,1.17894,1.17864,1.17893,376.0
2026-02-23 18:35:00,PEPPERSTONE:EURUSD,1.17893,1.17904,1.17888,1.17888,239.0
2026-02-23 18:40:00,PEPPERSTONE:EURUSD,1.17887,1.17892,1.17883,1.17889,144.0
2026-02-23 18:45:00,PEPPERSTONE:EURUSD,1.17889,1.17894,1.17886,1.17889,181.0
2026-02-23 18:50:00,PEPPERSTONE:EURUSD,1.1789,1.17897,1.17862,1.17862,331.0
2026-02-23 18:55:00,PEPPERSTONE:EURUSD,1.17863,1.17873,1.17843,1.17853,600.0
2026-02-23 19:00:00,PEPPERSTONE:EURUSD,1.17869,1.17872,1.1784,1.1785,93.0
2026-02-23 19:05:00,PEPPERSTONE:EURUSD,1.17855,1.17856,1.17849,1.17856,52.0
2026-02-23 19:10:00,PEPPERSTONE:EURUSD,1.17857,1.17861,1.17852,1.17856,35.0
2026-02-23 19:15:00,PEPPERSTONE:EURUSD,1.17858,1.1786,1.17855,1.17857,49.0
2026-02-23 19:20:00,PEPPERSTONE:EURUSD,1.17859,1.1786,1.17856,1.17859,30.0
2026-02-23 19:25:00,PEPPERSTONE:EURUSD,1.1786,1.1786,1.17856,1.17856,38.0
2026-02-23 19:30:00,PEPPERSTONE:EURUSD,1.17859,1.1786,1.17852,1.17857,112.0
2026-02-23 19:35:00,PEPPERSTONE:EURUSD,1.17858,1.17861,1.17851,1.1786,219.0
2026-02-23 19:40:00,PEPPERSTONE:EURUSD,1.17859,1.17864,1.17854,1.17858,272.0
2026-02-23 19:45:00,PEPPERSTONE:EURUSD,1.17859,1.17865,1.17854,1.17863,367.0
2026-02-23 19:50:00,PEPPERSTONE:EURUSD,1.1786,1.17863,1.17856,1.17862,247.0
2026-02-23 19:55:00,PEPPERSTONE:EURUSD,1.17861,1.17866,1.17857,1.17863,142.0
2026-02-23 20:00:00,PEPPERSTONE:EURUSD,1.17872,1.1791,1.17862,1.17908,440.0
2026-02-23 20:05:00,PEPPERSTONE:EURUSD,1.17909,1.17917,1.17898,1.17906,242.0
2026-02-23 20:10:00,PEPPERSTONE:EURUSD,1.17907,1.17923,1.17906,1.17922,242.0
2026-02-23 20:15:00,PEPPERSTONE:EURUSD,1.17922,1.17927,1.17911,1.17914,326.0
2026-02-23 20:20:00,PEPPERSTONE:EURUSD,1.17912,1.17916,1.17889,1.17898,308.0
2026-02-23 20:25:00,PEPPERSTONE:EURUSD,1.17896,1.179,1.1789,1.17899,277.0
2026-02-23 20:30:00,PEPPERSTONE:EURUSD,1.17898,1.17913,1.17895,1.17908,205.0
2026-02-23 20:35:00,PEPPERSTONE:EURUSD,1.17907,1.17925,1.17898,1.17925,302.0
2026-02-23 20:40:00,PEPPERSTONE:EURUSD,1.17926,1.17947,1.1792,1.17938,385.0
2026-02-23 20:45:00,PEPPERSTONE:EURUSD,1.17937,1.17955,1.1793,1.17949,373.0
2026-02-23 20:50:00,PEPPERSTONE:EURUSD,1.17948,1.17951,1.17927,1.17939,300.0
2026-02-23 20:55:00,PEPPERSTONE:EURUSD,1.17942,1.17943,1.17928,1.17929,228.0
2026-02-23 21:00:00,PEPPERSTONE:EURUSD,1.1793,1.17949,1.17915,1.17923,535.0
2026-02-23 21:05:00,PEPPERSTONE:EURUSD,1.17922,1.17927,1.17907,1.17913,386.0
2026-02-23 21:10:00,PEPPERSTONE:EURUSD,1.17913,1.17942,1.17913,1.17924,341.0
2026-02-23 21:15:00,PEPPERSTONE:EURUSD,1.17925,1.1794,1.17923,1.17923,257.0
2026-02-23 21:20:00,PEPPERSTONE:EURUSD,1.17924,1.17932,1.17907,1.17911,397.0
2026-02-23 21:25:00,PEPPERSTONE:EURUSD,1.17912,1.17915,1.17896,1.17909,377.0
2026-02-23 21:30:00,PEPPERSTONE:EURUSD,1.17906,1.17936,1.17899,1.17932,551.0
2026-02-23 21:35:00,PEPPERSTONE:EURUSD,1.17934,1.17964,1.17932,1.17955,494.0
2026-02-23 21:40:00,PEPPERSTONE:EURUSD,1.17954,1.17957,1.17924,1.17929,314.0
2026-02-23 21:45:00,PEPPERSTONE:EURUSD,1.17928,1.17937,1.17921,1.17924,391.0
2026-02-23 21:50:00,PEPPERSTONE:EURUSD,1.17923,1.17927,1.17886,1.17896,499.0
2026-02-23 21:55:00,PEPPERSTONE:EURUSD,1.17897,1.17901,1.17874,1.1788,510.0
2026-02-23 22:00:00,PEPPERSTONE:EURUSD,1.17879,1.17879,1.17837,1.17843,773.0
2026-02-23 22:05:00,PEPPERSTONE:EURUSD,1.17844,1.1786,1.1783,1.17854,633.0
2026-02-23 22:10:00,PEPPERSTONE:EURUSD,1.17855,1.17855,1.17814,1.17827,767.0
2026-02-23 22:15:00,PEPPERSTONE:EURUSD,1.17826,1.17837,1.17782,1.17793,1115.0
2026-02-23 22:20:00,PEPPERSTONE:EURUSD,1.17794,1.17824,1.17767,1.17776,906.0
2026-02-23 22:25:00,PEPPERSTONE:EURUSD,1.17777,1.17777,1.1772,1.17738,795.0
2026-02-23 22:30:00,PEPPERSTONE:EURUSD,1.17734,1.17781,1.17715,1.17776,749.0
2026-02-23 22:35:00,PEPPERSTONE:EURUSD,1.17777,1.1778,1.17763,1.1777,521.0
2026-02-23 22:40:00,PEPPERSTONE:EURUSD,1.1777,1.17808,1.17768,1.17801,576.0
2026-02-23 22:45:00,PEPPERSTONE:EURUSD,1.17797,1.17823,1.17797,1.17813,648.0
2026-02-23 22:50:00,PEPPERSTONE:EURUSD,1.17812,1.17832,1.17803,1.17806,515.0
2026-02-23 22:55:00,PEPPERSTONE:EURUSD,1.17805,1.17817,1.17786,1.17817,837.0
2026-02-23 23:00:00,PEPPERSTONE:EURUSD,1.1782,1.17847,1.17818,1.17822,677.0
2026-02-23 23:05:00,PEPPERSTONE:EURUSD,1.17823,1.17845,1.17822,1.17844,494.0
2026-02-23 23:10:00,PEPPERSTONE:EURUSD,1.17843,1.17847,1.1781,1.17821,629.0
2026-02-23 23:15:00,PEPPERSTONE:EURUSD,1.1782,1.17821,1.17782,1.17797,809.0
2026-02-23 23:20:00,PEPPERSTONE:EURUSD,1.17796,1.17816,1.17789,1.17802,670.0
2026-02-23 23:25:00,PEPPERSTONE:EURUSD,1.17804,1.17825,1.17789,1.17823,596.0
2026-02-23 23:30:00,PEPPERSTONE:EURUSD,1.17822,1.17831,1.17803,1.17821,527.0
2026-02-23 23:35:00,PEPPERSTONE:EURUSD,1.17823,1.17843,1.17819,1.17837,426.0
2026-02-23 23:40:00,PEPPERSTONE:EURUSD,1.17837,1.17837,1.17814,1.17819,289.0
2026-02-23 23:45:00,PEPPERSTONE:EURUSD,1.1782,1.17829,1.17815,1.17825,237.0
2026-02-23 23:50:00,PEPPERSTONE:EURUSD,1.17826,1.17845,1.17824,1.17826,315.0
2026-02-23 23:55:00,PEPPERSTONE:EURUSD,1.17827,1.1784,1.17812,1.17839,343.0
2026-02-24 00:00:00,PEPPERSTONE:EURUSD,1.17838,1.17855,1.17834,1.17851,411.0
2026-02-24 00:05:00,PEPPERSTONE:EURUSD,1.17853,1.17853,1.17829,1.17836,315.0
2026-02-24 00:10:00,PEPPERSTONE:EURUSD,1.17837,1.17838,1.17822,1.17824,330.0
2026-02-24 00:15:00,PEPPERSTONE:EURUSD,1.17823,1.17825,1.17799,1.17801,326.0
2026-02-24 00:20:00,PEPPERSTONE:EURUSD,1.178,1.17809,1.17787,1.17799,415.0
2026-02-24 00:25:00,PEPPERSTONE:EURUSD,1.17799,1.17808,1.17785,1.17786,423.0
2026-02-24 00:30:00,PEPPERSTONE:EURUSD,1.17785,1.17792,1.17774,1.17787,364.0
2026-02-24 00:35:00,PEPPERSTONE:EURUSD,1.17787,1.17793,1.17781,1.1779,261.0
2026-02-24 00:40:00,PEPPERSTONE:EURUSD,1.17789,1.17793,1.17768,1.1778,378.0
2026-02-24 00:45:00,PEPPERSTONE:EURUSD,1.17778,1.17781,1.17768,1.17778,314.0
2026-02-24 00:50:00,PEPPERSTONE:EURUSD,1.1778,1.17788,1.17772,1.17775,295.0
2026-02-24 00:55:00,PEPPERSTONE:EURUSD,1.17776,1.17776,1.17749,1.17753,399.0
2026-02-24 01:00:00,PEPPERSTONE:EURUSD,1.17752,1.17768,1.17744,1.17753,323.0
2026-02-24 01:05:00,PEPPERSTONE:EURUSD,1.17752,1.17753,1.17732,1.17737,370.0
2026-02-24 01:10:00,PEPPERSTONE:EURUSD,1.17738,1.17741,1.17726,1.17729,260.0
2026-02-24 01:15:00,PEPPERSTONE:EURUSD,1.17728,1.17746,1.17727,1.17738,304.0
2026-02-24 01:20:00,PEPPERSTONE:EURUSD,1.17735,1.1774,1.17724,1.17724,393.0
2026-02-24 01:25:00,PEPPERSTONE:EURUSD,1.17726,1.17738,1.17709,1.1771,450.0
2026-02-24 01:30:00,PEPPERSTONE:EURUSD,1.1771,1.17718,1.17688,1.1769,509.0
2026-02-24 01:35:00,PEPPERSTONE:EURUSD,1.17689,1.17697,1.17679,1.17694,491.0
2026-02-24 01:40:00,PEPPERSTONE:EURUSD,1.17696,1.17699,1.17681,1.17685,332.0
2026-02-24 01:45:00,PEPPERSTONE:EURUSD,1.17686,1.1771,1.17686,1.17705,339.0
2026-02-24 01:50:00,PEPPERSTONE:EURUSD,1.17704,1.17706,1.17687,1.17699,260.0
2026-02-24 01:55:00,PEPPERSTONE:EURUSD,1.17701,1.1771,1.17692,1.17697,257.0
2026-02-24 02:00:00,PEPPERSTONE:EURUSD,1.17698,1.17709,1.17684,1.17697,247.0
2026-02-24 02:05:00,PEPPERSTONE:EURUSD,1.17697,1.17714,1.17694,1.17712,390.0
2026-02-24 02:10:00,PEPPERSTONE:EURUSD,1.17713,1.17721,1.17708,1.17714,324.0
2026-02-24 02:15:00,PEPPERSTONE:EURUSD,1.17715,1.1772,1.17702,1.17707,266.0
2026-02-24 02:20:00,PEPPERSTONE:EURUSD,1.17706,1.17715,1.17698,1.17698,228.0
2026-02-24 02:25:00,PEPPERSTONE:EURUSD,1.17699,1.17701,1.17693,1.17699,374.0
2026-02-24 02:30:00,PEPPERSTONE:EURUSD,1.177,1.17726,1.17695,1.17725,371.0
2026-02-24 02:35:00,PEPPERSTONE:EURUSD,1.17724,1.17733,1.17721,1.17729,269.0
2026-02-24 02:40:00,PEPPERSTONE:EURUSD,1.17728,1.17731,1.17722,1.17724,274.0
2026-02-24 02:45:00,PEPPERSTONE:EURUSD,1.17725,1.17745,1.1772,1.1774,318.0
2026-02-24 02:50:00,PEPPERSTONE:EURUSD,1.17741,1.17759,1.17728,1.17755,323.0
2026-02-24 02:55:00,PEPPERSTONE:EURUSD,1.17754,1.17804,1.17753,1.178,559.0
2026-02-24 03:00:00,PEPPERSTONE:EURUSD,1.17799,1.17816,1.17784,1.17814,370.0
2026-02-24 03:05:00,PEPPERSTONE:EURUSD,1.17815,1.17825,1.17802,1.17814,441.0
2026-02-24 03:10:00,PEPPERSTONE:EURUSD,1.17815,1.17821,1.17792,1.17796,288.0
2026-02-24 03:15:00,PEPPERSTONE:EURUSD,1.17797,1.1781,1.17786,1.17804,460.0
2026-02-24 03:20:00,PEPPERSTONE:EURUSD,1.17804,1.17809,1.17788,1.1779,446.0
2026-02-24 03:25:00,PEPPERSTONE:EURUSD,1.17788,1.17796,1.17773,1.17785,600.0
2026-02-24 03:30:00,PEPPERSTONE:EURUSD,1.17786,1.17802,1.17777,1.17789,447.0
2026-02-24 03:35:00,PEPPERSTONE:EURUSD,1.17788,1.1782,1.17784,1.17815,458.0
2026-02-24 03:40:00,PEPPERSTONE:EURUSD,1.17816,1.17816,1.17789,1.17799,369.0
2026-02-24 03:45:00,PEPPERSTONE:EURUSD,1.17801,1.17812,1.17787,1.17793,384.0
2026-02-24 03:50:00,PEPPERSTONE:EURUSD,1.17793,1.17806,1.17781,1.17804,333.0
2026-02-24 03:55:00,PEPPERSTONE:EURUSD,1.17805,1.17814,1.17794,1.17804,335.0
2026-02-24 04:00:00,PEPPERSTONE:EURUSD,1.17803,1.17804,1.17777,1.17782,410.0
2026-02-24 04:05:00,PEPPERSTONE:EURUSD,1.17781,1.17784,1.17717,1.17754,1207.0
2026-02-24 04:10:00,PEPPERSTONE:EURUSD,1.17753,1.17759,1.17716,1.17748,1130.0
2026-02-24 04:15:00,PEPPERSTONE:EURUSD,1.17747,1.17781,1.17717,1.17775,813.0
2026-02-24 04:20:00,PEPPERSTONE:EURUSD,1.17776,1.17776,1.17736,1.17749,803.0
2026-02-24 04:25:00,PEPPERSTONE:EURUSD,1.1775,1.17775,1.17733,1.17756,717.0
2026-02-24 04:30:00,PEPPERSTONE:EURUSD,1.17758,1.17824,1.17758,1.17819,920.0
2026-02-24 04:35:00,PEPPERSTONE:EURUSD,1.17818,1.17821,1.17792,1.17814,693.0
2026-02-24 04:40:00,PEPPERSTONE:EURUSD,1.17813,1.17824,1.1779,1.178,527.0
2026-02-24 04:45:00,PEPPERSTONE:EURUSD,1.17801,1.1781,1.17773,1.1778,526.0
2026-02-24 04:50:00,PEPPERSTONE:EURUSD,1.17781,1.17786,1.17747,1.17772,655.0
2026-02-24 04:55:00,PEPPERSTONE:EURUSD,1.17771,1.17796,1.17746,1.17794,646.0
2026-02-24 05:00:00,PEPPERSTONE:EURUSD,1.17793,1.17812,1.17769,1.17771,812.0
2026-02-24 05:05:00,PEPPERSTONE:EURUSD,1.17773,1.17776,1.17734,1.1775,697.0
2026-02-24 05:10:00,PEPPERSTONE:EURUSD,1.17751,1.17805,1.17743,1.17779,728.0
2026-02-24 05:15:00,PEPPERSTONE:EURUSD,1.1778,1.17811,1.17773,1.17805,776.0
2026-02-24 05:20:00,PEPPERSTONE:EURUSD,1.17804,1.17882,1.17797,1.17878,663.0
2026-02-24 05:25:00,PEPPERSTONE:EURUSD,1.17881,1.17881,1.17841,1.17875,567.0
2026-02-24 05:30:00,PEPPERSTONE:EURUSD,1.17879,1.179,1.17856,1.17868,750.0
2026-02-24 05:35:00,PEPPERSTONE:EURUSD,1.17869,1.17888,1.1786,1.17867,717.0
2026-02-24 05:40:00,PEPPERSTONE:EURUSD,1.1787,1.17883,1.17846,1.1788,618.0
2026-02-24 05:45:00,PEPPERSTONE:EURUSD,1.17879,1.17885,1.17857,1.17858,572.0
2026-02-24 05:50:00,PEPPERSTONE:EURUSD,1.17856,1.17873,1.17849,1.17859,594.0
2026-02-24 05:55:00,PEPPERSTONE:EURUSD,1.17858,1.1788,1.17836,1.17836,596.0
2026-02-24 06:00:00,PEPPERSTONE:EURUSD,1.17836,1.1786,1.17831,1.17849,617.0
2026-02-24 06:05:00,PEPPERSTONE:EURUSD,1.17848,1.17857,1.1784,1.17848,527.0
2026-02-24 06:10:00,PEPPERSTONE:EURUSD,1.17846,1.17908,1.17844,1.17885,692.0
2026-02-24 06:15:00,PEPPERSTONE:EURUSD,1.17886,1.17886,1.17839,1.17867,551.0
2026-02-24 06:20:00,PEPPERSTONE:EURUSD,1.17869,1.17901,1.17864,1.179,542.0
2026-02-24 06:25:00,PEPPERSTONE:EURUSD,1.17899,1.17911,1.17868,1.1789,547.0
2026-02-24 06:30:00,PEPPERSTONE:EURUSD,1.17889,1.17931,1.17882,1.17919,452.0
2026-02-24 06:35:00,PEPPERSTONE:EURUSD,1.17918,1.17931,1.179,1.17901,486.0
2026-02-24 06:40:00,PEPPERSTONE:EURUSD,1.179,1.179,1.17872,1.17879,514.0
2026-02-24 06:45:00,PEPPERSTONE:EURUSD,1.1788,1.1789,1.17873,1.17878,457.0
2026-02-24 06:50:00,PEPPERSTONE:EURUSD,1.1788,1.17886,1.17865,1.17869,339.0
2026-02-24 06:55:00,PEPPERSTONE:EURUSD,1.1787,1.17885,1.17862,1.17879,458.0
2026-02-24 07:00:00,PEPPERSTONE:EURUSD,1.17877,1.17893,1.17861,1.17875,458.0
2026-02-24 07:05:00,PEPPERSTONE:EURUSD,1.17874,1.17884,1.17868,1.17878,535.0
2026-02-24 07:10:00,PEPPERSTONE:EURUSD,1.17879,1.1788,1.17839,1.17846,559.0
2026-02-24 07:15:00,PEPPERSTONE:EURUSD,1.17843,1.17855,1.17822,1.17847,517.0
2026-02-24 07:20:00,PEPPERSTONE:EURUSD,1.17848,1.17856,1.17838,1.1785,403.0
2026-02-24 07:25:00,PEPPERSTONE:EURUSD,1.17849,1.17857,1.17844,1.17855,301.0
2026-02-24 07:30:00,PEPPERSTONE:EURUSD,1.17859,1.17904,1.17858,1.17887,471.0
2026-02-24 07:35:00,PEPPERSTONE:EURUSD,1.17886,1.17911,1.17881,1.17887,428.0
2026-02-24 07:40:00,PEPPERSTONE:EURUSD,1.17888,1.17894,1.17865,1.17871,411.0
2026-02-24 07:45:00,PEPPERSTONE:EURUSD,1.1787,1.17892,1.17868,1.17875,398.0
2026-02-24 07:50:00,PEPPERSTONE:EURUSD,1.17873,1.17879,1.17861,1.17867,568.0
2026-02-24 07:55:00,PEPPERSTONE:EURUSD,1.17866,1.17866,1.1784,1.17855,558.0
2026-02-24 08:00:00,PEPPERSTONE:EURUSD,1.17854,1.17861,1.17809,1.17819,732.0
2026-02-24 08:05:00,PEPPERSTONE:EURUSD,1.17817,1.17827,1.17801,1.17809,482.0
2026-02-24 08:10:00,PEPPERSTONE:EURUSD,1.17811,1.1783,1.17808,1.1782,344.0
2026-02-24 08:15:00,PEPPERSTONE:EURUSD,1.17821,1.17846,1.17807,1.17809,407.0
2026-02-24 08:20:00,PEPPERSTONE:EURUSD,1.1781,1.17822,1.17796,1.178,527.0
2026-02-24 08:25:00,PEPPERSTONE:EURUSD,1.17798,1.17822,1.17796,1.17811,475.0
2026-02-24 08:30:00,PEPPERSTONE:EURUSD,1.17812,1.17821,1.178,1.17821,348.0
2026-02-24 08:35:00,PEPPERSTONE:EURUSD,1.17822,1.17829,1.17805,1.1782,439.0
2026-02-24 08:40:00,PEPPERSTONE:EURUSD,1.17821,1.17823,1.17796,1.17819,500.0
2026-02-24 08:45:00,PEPPERSTONE:EURUSD,1.17812,1.17812,1.17793,1.17799,400.0
2026-02-24 08:50:00,PEPPERSTONE:EURUSD,1.178,1.17816,1.17793,1.17805,453.0
2026-02-24 08:55:00,PEPPERSTONE:EURUSD,1.17804,1.17826,1.178,1.17806,429.0
2026-02-24 09:00:00,PEPPERSTONE:EURUSD,1.17803,1.17825,1.17803,1.17817,485.0
2026-02-24 09:05:00,PEPPERSTONE:EURUSD,1.17818,1.17818,1.17787,1.17789,491.0
2026-02-24 09:10:00,PEPPERSTONE:EURUSD,1.1779,1.17792,1.17755,1.17762,621.0
2026-02-24 09:15:00,PEPPERSTONE:EURUSD,1.17761,1.17764,1.17744,1.17758,798.0
2026-02-24 09:20:00,PEPPERSTONE:EURUSD,1.17759,1.17763,1.17735,1.17742,713.0
2026-02-24 09:25:00,PEPPERSTONE:EURUSD,1.17741,1.17753,1.17732,1.1774,745.0
2026-02-24 09:30:00,PEPPERSTONE:EURUSD,1.17742,1.17776,1.17741,1.17756,471.0
2026-02-24 09:35:00,PEPPERSTONE:EURUSD,1.17757,1.17763,1.17749,1.17754,517.0
2026-02-24 09:40:00,PEPPERSTONE:EURUSD,1.17755,1.17785,1.17753,1.17754,596.0
2026-02-24 09:45:00,PEPPERSTONE:EURUSD,1.17753,1.1777,1.17727,1.17768,538.0
2026-02-24 09:50:00,PEPPERSTONE:EURUSD,1.1777,1.17782,1.17759,1.17774,456.0
2026-02-24 09:55:00,PEPPERSTONE:EURUSD,1.17775,1.17835,1.1777,1.17814,848.0
2026-02-24 10:00:00,PEPPERSTONE:EURUSD,1.17815,1.17815,1.17768,1.17786,855.0
2026-02-24 10:05:00,PEPPERSTONE:EURUSD,1.17785,1.17807,1.17761,1.17769,606.0
2026-02-24 10:10:00,PEPPERSTONE:EURUSD,1.17771,1.17805,1.17765,1.1778,829.0
2026-02-24 10:15:00,PEPPERSTONE:EURUSD,1.17782,1.17786,1.1775,1.17754,642.0
2026-02-24 10:20:00,PEPPERSTONE:EURUSD,1.17758,1.17774,1.1775,1.17766,571.0
2026-02-24 10:25:00,PEPPERSTONE:EURUSD,1.17766,1.17783,1.1775,1.17765,628.0
2026-02-24 10:30:00,PEPPERSTONE:EURUSD,1.17764,1.17769,1.17723,1.17737,711.0
2026-02-24 10:35:00,PEPPERSTONE:EURUSD,1.17739,1.17785,1.17714,1.17755,634.0
2026-02-24 10:40:00,PEPPERSTONE:EURUSD,1.17753,1.1776,1.17713,1.17716,616.0
2026-02-24 10:45:00,PEPPERSTONE:EURUSD,1.17714,1.17718,1.17687,1.17693,692.0
2026-02-24 10:50:00,PEPPERSTONE:EURUSD,1.17694,1.17701,1.1768,1.17697,607.0
2026-02-24 10:55:00,PEPPERSTONE:EURUSD,1.17696,1.17733,1.17695,1.17724,640.0
2026-02-24 11:00:00,PEPPERSTONE:EURUSD,1.17722,1.1777,1.1771,1.17749,753.0
2026-02-24 11:05:00,PEPPERSTONE:EURUSD,1.1775,1.17767,1.17723,1.17726,905.0
2026-02-24 11:10:00,PEPPERSTONE:EURUSD,1.17725,1.17726,1.17679,1.17698,777.0
2026-02-24 11:15:00,PEPPERSTONE:EURUSD,1.17697,1.17714,1.17672,1.17706,721.0
2026-02-24 11:20:00,PEPPERSTONE:EURUSD,1.17706,1.17735,1.17699,1.1773,732.0
2026-02-24 11:25:00,PEPPERSTONE:EURUSD,1.17731,1.17767,1.17711,1.1775,747.0
2026-02-24 11:30:00,PEPPERSTONE:EURUSD,1.17749,1.17765,1.17735,1.17761,968.0
2026-02-24 11:35:00,PEPPERSTONE:EURUSD,1.1776,1.17787,1.17752,1.17761,965.0
2026-02-24 11:40:00,PEPPERSTONE:EURUSD,1.1776,1.17767,1.17722,1.1773,894.0
2026-02-24 11:45:00,PEPPERSTONE:EURUSD,1.17731,1.17741,1.17712,1.17733,769.0
2026-02-24 11:50:00,PEPPERSTONE:EURUSD,1.17734,1.17752,1.17702,1.17707,858.0
2026-02-24 11:55:00,PEPPERSTONE:EURUSD,1.17705,1.17763,1.177,1.17735,898.0
2026-02-24 12:00:00,PEPPERSTONE:EURUSD,1.17736,1.17738,1.17671,1.17705,1116.0
2026-02-24 12:05:00,PEPPERSTONE:EURUSD,1.17706,1.17718,1.17689,1.17709,804.0
2026-02-24 12:10:00,PEPPERSTONE:EURUSD,1.17709,1.17716,1.17692,1.177,743.0
2026-02-24 12:15:00,PEPPERSTONE:EURUSD,1.17699,1.17699,1.17661,1.17669,715.0
2026-02-24 12:20:00,PEPPERSTONE:EURUSD,1.1767,1.17704,1.1767,1.17677,935.0
2026-02-24 12:25:00,PEPPERSTONE:EURUSD,1.17678,1.17724,1.1767,1.17718,853.0
2026-02-24 12:30:00,PEPPERSTONE:EURUSD,1.17716,1.17807,1.177,1.17799,833.0
2026-02-24 12:35:00,PEPPERSTONE:EURUSD,1.178,1.17809,1.17742,1.17752,822.0
2026-02-24 12:40:00,PEPPERSTONE:EURUSD,1.17751,1.17767,1.17723,1.17744,775.0
2026-02-24 12:45:00,PEPPERSTONE:EURUSD,1.17745,1.17783,1.17728,1.17777,824.0
2026-02-24 12:50:00,PEPPERSTONE:EURUSD,1.17777,1.17783,1.17711,1.17747,876.0
2026-02-24 12:55:00,PEPPERSTONE:EURUSD,1.17746,1.17762,1.17716,1.17726,958.0
2026-02-24 13:00:00,PEPPERSTONE:EURUSD,1.17729,1.17777,1.1772,1.17766,1003.0
2026-02-24 13:05:00,PEPPERSTONE:EURUSD,1.17765,1.17823,1.17764,1.17817,721.0
2026-02-24 13:10:00,PEPPERSTONE:EURUSD,1.17816,1.17859,1.17815,1.17858,684.0
2026-02-24 13:15:00,PEPPERSTONE:EURUSD,1.17857,1.17874,1.17853,1.1787,675.0
2026-02-24 13:20:00,PEPPERSTONE:EURUSD,1.17871,1.17885,1.17864,1.17872,599.0
2026-02-24 13:25:00,PEPPERSTONE:EURUSD,1.17872,1.179,1.17871,1.17895,594.0
2026-02-24 13:30:00,PEPPERSTONE:EURUSD,1.17898,1.17899,1.17852,1.17855,750.0
2026-02-24 13:35:00,PEPPERSTONE:EURUSD,1.17852,1.17879,1.17849,1.17859,771.0
2026-02-24 13:40:00,PEPPERSTONE:EURUSD,1.17863,1.17892,1.17854,1.17882,749.0
2026-02-24 13:45:00,PEPPERSTONE:EURUSD,1.1788,1.17896,1.17854,1.17854,570.0
2026-02-24 13:50:00,PEPPERSTONE:EURUSD,1.17853,1.17898,1.17852,1.17879,516.0
2026-02-24 13:55:00,PEPPERSTONE:EURUSD,1.17878,1.17892,1.17868,1.17881,509.0
2026-02-24 14:00:00,PEPPERSTONE:EURUSD,1.1788,1.17887,1.1786,1.1788,600.0
2026-02-24 14:05:00,PEPPERSTONE:EURUSD,1.17881,1.17884,1.1786,1.17868,563.0
2026-02-24 14:10:00,PEPPERSTONE:EURUSD,1.17869,1.17881,1.17856,1.17875,495.0
2026-02-24 14:15:00,PEPPERSTONE:EURUSD,1.1788,1.17885,1.17852,1.17859,491.0
2026-02-24 14:20:00,PEPPERSTONE:EURUSD,1.17858,1.17871,1.17834,1.17836,487.0
2026-02-24 14:25:00,PEPPERSTONE:EURUSD,1.17835,1.1785,1.17823,1.17831,525.0
2026-02-24 14:30:00,PEPPERSTONE:EURUSD,1.17828,1.17837,1.17817,1.17837,370.0
2026-02-24 14:35:00,PEPPERSTONE:EURUSD,1.17839,1.17857,1.17823,1.1785,485.0
2026-02-24 14:40:00,PEPPERSTONE:EURUSD,1.17851,1.17872,1.17848,1.17869,375.0
2026-02-24 14:45:00,PEPPERSTONE:EURUSD,1.17867,1.17873,1.17855,1.17858,360.0
2026-02-24 14:50:00,PEPPERSTONE:EURUSD,1.17857,1.17869,1.17848,1.17869,305.0
2026-02-24 14:55:00,PEPPERSTONE:EURUSD,1.17868,1.17877,1.17853,1.17856,433.0
2026-02-24 15:00:00,PEPPERSTONE:EURUSD,1.17855,1.17867,1.17826,1.17828,622.0
2026-02-24 15:05:00,PEPPERSTONE:EURUSD,1.17829,1.17836,1.17814,1.17815,476.0
2026-02-24 15:10:00,PEPPERSTONE:EURUSD,1.17814,1.17833,1.17807,1.17833,477.0
2026-02-24 15:15:00,PEPPERSTONE:EURUSD,1.17835,1.17835,1.17812,1.17824,433.0
2026-02-24 15:20:00,PEPPERSTONE:EURUSD,1.17825,1.17837,1.17819,1.17828,377.0
2026-02-24 15:25:00,PEPPERSTONE:EURUSD,1.17829,1.17868,1.17827,1.17842,624.0
2026-02-24 15:30:00,PEPPERSTONE:EURUSD,1.17841,1.17855,1.17805,1.17807,469.0
2026-02-24 15:35:00,PEPPERSTONE:EURUSD,1.17806,1.17828,1.17802,1.17815,447.0
2026-02-24 15:40:00,PEPPERSTONE:EURUSD,1.17814,1.17815,1.1779,1.17791,373.0
2026-02-24 15:45:00,PEPPERSTONE:EURUSD,1.17792,1.17796,1.17782,1.17789,302.0
2026-02-24 15:50:00,PEPPERSTONE:EURUSD,1.17793,1.17816,1.17792,1.17803,309.0
2026-02-24 15:55:00,PEPPERSTONE:EURUSD,1.17804,1.17806,1.17772,1.17786,639.0
2026-02-24 16:00:00,PEPPERSTONE:EURUSD,1.17785,1.17795,1.17764,1.17789,535.0
2026-02-24 16:05:00,PEPPERSTONE:EURUSD,1.17788,1.17799,1.17787,1.17791,305.0
2026-02-24 16:10:00,PEPPERSTONE:EURUSD,1.17792,1.17812,1.17789,1.17811,328.0
2026-02-24 16:15:00,PEPPERSTONE:EURUSD,1.17812,1.17812,1.17792,1.17794,332.0
2026-02-24 16:20:00,PEPPERSTONE:EURUSD,1.17795,1.17795,1.17767,1.1777,341.0
2026-02-24 16:25:00,PEPPERSTONE:EURUSD,1.17771,1.17814,1.17769,1.17813,256.0
2026-02-24 16:30:00,PEPPERSTONE:EURUSD,1.17812,1.17824,1.17809,1.17813,306.0
2026-02-24 16:35:00,PEPPERSTONE:EURUSD,1.17814,1.17829,1.17811,1.17828,321.0
2026-02-24 16:40:00,PEPPERSTONE:EURUSD,1.17829,1.17842,1.17821,1.17821,355.0
2026-02-24 16:45:00,PEPPERSTONE:EURUSD,1.17822,1.17825,1.17808,1.17808,277.0
2026-02-24 16:50:00,PEPPERSTONE:EURUSD,1.17809,1.1781,1.17783,1.17787,319.0
2026-02-24 16:55:00,PEPPERSTONE:EURUSD,1.17788,1.17798,1.17775,1.17789,367.0
2026-02-24 17:00:00,PEPPERSTONE:EURUSD,1.1779,1.17797,1.17767,1.17769,317.0
2026-02-24 17:05:00,PEPPERSTONE:EURUSD,1.17768,1.1778,1.17761,1.17777,399.0
2026-02-24 17:10:00,PEPPERSTONE:EURUSD,1.17778,1.17784,1.17775,1.1778,205.0
2026-02-24 17:15:00,PEPPERSTONE:EURUSD,1.17779,1.17779,1.1775,1.17773,383.0
2026-02-24 17:20:00,PEPPERSTONE:EURUSD,1.17772,1.17787,1.1777,1.17784,347.0
2026-02-24 17:25:00,PEPPERSTONE:EURUSD,1.17785,1.17804,1.17779,1.17782,341.0
2026-02-24 17:30:00,PEPPERSTONE:EURUSD,1.17783,1.17801,1.17781,1.17799,323.0
2026-02-24 17:35:00,PEPPERSTONE:EURUSD,1.178,1.17831,1.17797,1.17826,369.0
2026-02-24 17:40:00,PEPPERSTONE:EURUSD,1.17825,1.17837,1.17817,1.17825,596.0
2026-02-24 17:45:00,PEPPERSTONE:EURUSD,1.17823,1.17829,1.17813,1.17815,236.0
2026-02-24 17:50:00,PEPPERSTONE:EURUSD,1.17816,1.17821,1.17778,1.17778,351.0
2026-02-24 17:55:00,PEPPERSTONE:EURUSD,1.17777,1.17786,1.17751,1.17751,681.0
2026-02-24 18:00:00,PEPPERSTONE:EURUSD,1.17752,1.17771,1.17752,1.17757,300.0
2026-02-24 18:05:00,PEPPERSTONE:EURUSD,1.17757,1.1776,1.17743,1.1776,238.0
2026-02-24 18:10:00,PEPPERSTONE:EURUSD,1.17759,1.17765,1.17743,1.17749,154.0
2026-02-24 18:15:00,PEPPERSTONE:EURUSD,1.17748,1.17758,1.17748,1.17758,172.0
2026-02-24 18:20:00,PEPPERSTONE:EURUSD,1.17757,1.17757,1.17744,1.17746,191.0
2026-02-24 18:25:00,PEPPERSTONE:EURUSD,1.17746,1.17757,1.1774,1.17756,209.0
2026-02-24 18:30:00,PEPPERSTONE:EURUSD,1.17757,1.17763,1.17741,1.17744,238.0
2026-02-24 18:35:00,PEPPERSTONE:EURUSD,1.17745,1.17751,1.17744,1.17749,157.0
2026-02-24 18:40:00,PEPPERSTONE:EURUSD,1.1775,1.1776,1.1775,1.17758,178.0
2026-02-24 18:45:00,PEPPERSTONE:EURUSD,1.17759,1.17759,1.17741,1.17755,239.0
2026-02-24 18:50:00,PEPPERSTONE:EURUSD,1.17755,1.17755,1.17735,1.17737,291.0
2026-02-24 18:55:00,PEPPERSTONE:EURUSD,1.17736,1.17742,1.17733,1.17739,335.0
2026-02-24 19:00:00,PEPPERSTONE:EURUSD,1.17722,1.17739,1.17722,1.17729,35.0
2026-02-24 19:05:00,PEPPERSTONE:EURUSD,1.17728,1.17729,1.17719,1.17726,72.0
2026-02-24 19:10:00,PEPPERSTONE:EURUSD,1.17727,1.17731,1.17721,1.17729,105.0
2026-02-24 19:15:00,PEPPERSTONE:EURUSD,1.1773,1.17738,1.17727,1.17738,102.0
2026-02-24 19:20:00,PEPPERSTONE:EURUSD,1.17739,1.17741,1.17738,1.1774,35.0
2026-02-24 19:25:00,PEPPERSTONE:EURUSD,1.17741,1.17742,1.17717,1.1772,107.0
2026-02-24 19:30:00,PEPPERSTONE:EURUSD,1.17719,1.17739,1.17717,1.17735,160.0
2026-02-24 19:35:00,PEPPERSTONE:EURUSD,1.17734,1.17764,1.17724,1.17743,287.0
2026-02-24 19:40:00,PEPPERSTONE:EURUSD,1.1774,1.17742,1.17733,1.17733,117.0
2026-02-24 19:45:00,PEPPERSTONE:EURUSD,1.17732,1.17736,1.17723,1.17725,132.0
2026-02-24 19:50:00,PEPPERSTONE:EURUSD,1.17728,1.1773,1.17724,1.17726,97.0
2026-02-24 19:55:00,PEPPERSTONE:EURUSD,1.17725,1.17728,1.17723,1.17725,88.0
2026-02-24 20:00:00,PEPPERSTONE:EURUSD,1.17732,1.17747,1.17728,1.17732,429.0
2026-02-24 20:05:00,PEPPERSTONE:EURUSD,1.1773,1.17742,1.17729,1.17736,315.0
2026-02-24 20:10:00,PEPPERSTONE:EURUSD,1.17735,1.17743,1.17733,1.17735,229.0
2026-02-24 20:15:00,PEPPERSTONE:EURUSD,1.17739,1.17741,1.17736,1.17737,167.0
2026-02-24 20:20:00,PEPPERSTONE:EURUSD,1.17738,1.17743,1.17727,1.17739,270.0
2026-02-24 20:25:00,PEPPERSTONE:EURUSD,1.17738,1.17746,1.17738,1.17746,150.0
2026-02-24 20:30:00,PEPPERSTONE:EURUSD,1.17745,1.17752,1.17745,1.17748,126.0
2026-02-24 20:35:00,PEPPERSTONE:EURUSD,1.17749,1.1775,1.17742,1.17746,211.0
2026-02-24 20:40:00,PEPPERSTONE:EURUSD,1.17744,1.17751,1.1774,1.17745,233.0
2026-02-24 20:45:00,PEPPERSTONE:EURUSD,1.17745,1.17762,1.17745,1.17756,258.0
2026-02-24 20:50:00,PEPPERSTONE:EURUSD,1.17757,1.17757,1.17743,1.17749,221.0
2026-02-24 20:55:00,PEPPERSTONE:EURUSD,1.17748,1.17752,1.17736,1.1774,225.0
2026-02-24 21:00:00,PEPPERSTONE:EURUSD,1.17741,1.17765,1.17734,1.1774,477.0
2026-02-24 21:05:00,PEPPERSTONE:EURUSD,1.17739,1.17747,1.17731,1.17744,390.0
2026-02-24 21:10:00,PEPPERSTONE:EURUSD,1.17745,1.17772,1.17743,1.17762,281.0
2026-02-24 21:15:00,PEPPERSTONE:EURUSD,1.1776,1.17778,1.17753,1.17778,335.0
2026-02-24 21:20:00,PEPPERSTONE:EURUSD,1.17779,1.17782,1.17759,1.1776,255.0
2026-02-24 21:25:00,PEPPERSTONE:EURUSD,1.17758,1.17774,1.17758,1.17771,303.0
2026-02-24 21:30:00,PEPPERSTONE:EURUSD,1.1777,1.1778,1.17755,1.1777,616.0
2026-02-24 21:35:00,PEPPERSTONE:EURUSD,1.17769,1.17794,1.17763,1.1778,427.0
2026-02-24 21:40:00,PEPPERSTONE:EURUSD,1.17779,1.17784,1.1777,1.17775,356.0
2026-02-24 21:45:00,PEPPERSTONE:EURUSD,1.17774,1.17776,1.17755,1.17767,489.0
2026-02-24 21:50:00,PEPPERSTONE:EURUSD,1.1777,1.17777,1.17751,1.17764,552.0
2026-02-24 21:55:00,PEPPERSTONE:EURUSD,1.17765,1.17799,1.17755,1.17778,598.0
2026-02-24 22:00:00,PEPPERSTONE:EURUSD,1.1778,1.17788,1.17771,1.17772,696.0
2026-02-24 22:05:00,PEPPERSTONE:EURUSD,1.17772,1.17782,1.17758,1.17776,405.0
2026-02-24 22:10:00,PEPPERSTONE:EURUSD,1.17777,1.17783,1.17763,1.17777,502.0
2026-02-24 22:15:00,PEPPERSTONE:EURUSD,1.17778,1.17809,1.17773,1.17794,553.0
2026-02-24 22:20:00,PEPPERSTONE:EURUSD,1.17792,1.17792,1.17766,1.17767,340.0
2026-02-24 22:25:00,PEPPERSTONE:EURUSD,1.17769,1.17792,1.17769,1.1779,377.0
2026-02-24 22:30:00,PEPPERSTONE:EURUSD,1.17789,1.17812,1.17775,1.17802,452.0
2026-02-24 22:35:00,PEPPERSTONE:EURUSD,1.17803,1.1782,1.17787,1.17788,406.0
2026-02-24 22:40:00,PEPPERSTONE:EURUSD,1.17788,1.17804,1.17786,1.17799,429.0
2026-02-24 22:45:00,PEPPERSTONE:EURUSD,1.178,1.178,1.17782,1.17785,349.0
2026-02-24 22:50:00,PEPPERSTONE:EURUSD,1.17784,1.17792,1.17766,1.17789,331.0
2026-02-24 22:55:00,PEPPERSTONE:EURUSD,1.1779,1.17791,1.17764,1.17783,355.0
2026-02-24 23:00:00,PEPPERSTONE:EURUSD,1.17784,1.17802,1.17782,1.17802,414.0
2026-02-24 23:05:00,PEPPERSTONE:EURUSD,1.17799,1.17839,1.17798,1.17836,465.0
2026-02-24 23:10:00,PEPPERSTONE:EURUSD,1.17836,1.17846,1.17827,1.17845,797.0
2026-02-24 23:15:00,PEPPERSTONE:EURUSD,1.17846,1.17851,1.17835,1.17846,464.0
2026-02-24 23:20:00,PEPPERSTONE:EURUSD,1.17845,1.17848,1.17821,1.17832,426.0
2026-02-24 23:25:00,PEPPERSTONE:EURUSD,1.17831,1.17849,1.17824,1.17846,336.0
2026-02-24 23:30:00,PEPPERSTONE:EURUSD,1.17845,1.17893,1.17833,1.17891,595.0
2026-02-24 23:35:00,PEPPERSTONE:EURUSD,1.1789,1.17897,1.17869,1.1787,691.0
2026-02-24 23:40:00,PEPPERSTONE:EURUSD,1.17869,1.17891,1.17855,1.1789,539.0
2026-02-24 23:45:00,PEPPERSTONE:EURUSD,1.17891,1.17897,1.17873,1.17894,480.0
2026-02-24 23:50:00,PEPPERSTONE:EURUSD,1.17894,1.17934,1.17886,1.17925,609.0
2026-02-24 23:55:00,PEPPERSTONE:EURUSD,1.17923,1.17931,1.17908,1.17922,764.0
2026-02-25 00:00:00,PEPPERSTONE:EURUSD,1.17923,1.17944,1.17903,1.17904,683.0
2026-02-25 00:05:00,PEPPERSTONE:EURUSD,1.17905,1.17942,1.17902,1.17916,683.0
2026-02-25 00:10:00,PEPPERSTONE:EURUSD,1.17915,1.17916,1.17857,1.17864,958.0
2026-02-25 00:15:00,PEPPERSTONE:EURUSD,1.17863,1.17885,1.17859,1.17876,613.0
2026-02-25 00:20:00,PEPPERSTONE:EURUSD,1.17873,1.17891,1.17869,1.17871,581.0
2026-02-25 00:25:00,PEPPERSTONE:EURUSD,1.17872,1.17878,1.17859,1.17877,643.0
2026-02-25 00:30:00,PEPPERSTONE:EURUSD,1.17873,1.17902,1.17871,1.17887,630.0
2026-02-25 00:35:00,PEPPERSTONE:EURUSD,1.17887,1.17922,1.17886,1.17904,599.0
2026-02-25 00:40:00,PEPPERSTONE:EURUSD,1.17901,1.17924,1.17896,1.179,530.0
2026-02-25 00:45:00,PEPPERSTONE:EURUSD,1.17899,1.17913,1.17888,1.17896,437.0
2026-02-25 00:50:00,PEPPERSTONE:EURUSD,1.17895,1.17913,1.17881,1.17905,472.0
2026-02-25 00:55:00,PEPPERSTONE:EURUSD,1.17902,1.17906,1.1789,1.17895,372.0
2026-02-25 01:00:00,PEPPERSTONE:EURUSD,1.17896,1.17921,1.17892,1.1791,343.0
2026-02-25 01:05:00,PEPPERSTONE:EURUSD,1.17909,1.17911,1.17895,1.17905,504.0
2026-02-25 01:10:00,PEPPERSTONE:EURUSD,1.17904,1.17906,1.17882,1.17889,696.0
2026-02-25 01:15:00,PEPPERSTONE:EURUSD,1.17888,1.17901,1.17878,1.17894,421.0
2026-02-25 01:20:00,PEPPERSTONE:EURUSD,1.17894,1.17917,1.1789,1.17916,320.0
2026-02-25 01:25:00,PEPPERSTONE:EURUSD,1.17916,1.17936,1.17913,1.17931,339.0
2026-02-25 01:30:00,PEPPERSTONE:EURUSD,1.1793,1.17942,1.17923,1.17924,344.0
2026-02-25 01:35:00,PEPPERSTONE:EURUSD,1.17923,1.17932,1.17915,1.1793,275.0
2026-02-25 01:40:00,PEPPERSTONE:EURUSD,1.17931,1.17936,1.17926,1.17934,404.0
2026-02-25 01:45:00,PEPPERSTONE:EURUSD,1.17933,1.17942,1.17918,1.17933,325.0
2026-02-25 01:50:00,PEPPERSTONE:EURUSD,1.17932,1.17948,1.17931,1.17943,276.0
2026-02-25 01:55:00,PEPPERSTONE:EURUSD,1.17944,1.17963,1.17942,1.17948,421.0
2026-02-25 02:00:00,PEPPERSTONE:EURUSD,1.17949,1.17976,1.17942,1.17964,432.0
2026-02-25 02:05:00,PEPPERSTONE:EURUSD,1.17965,1.17982,1.17957,1.1797,350.0
2026-02-25 02:10:00,PEPPERSTONE:EURUSD,1.1797,1.17976,1.17962,1.17971,327.0
2026-02-25 02:15:00,PEPPERSTONE:EURUSD,1.1797,1.17983,1.17967,1.17976,289.0
2026-02-25 02:20:00,PEPPERSTONE:EURUSD,1.17975,1.17978,1.17958,1.17964,334.0
2026-02-25 02:25:00,PEPPERSTONE:EURUSD,1.17963,1.17981,1.17963,1.17981,293.0
2026-02-25 02:30:00,PEPPERSTONE:EURUSD,1.17979,1.17989,1.17976,1.17986,342.0
2026-02-25 02:35:00,PEPPERSTONE:EURUSD,1.17988,1.18012,1.17986,1.18012,392.0
2026-02-25 02:40:00,PEPPERSTONE:EURUSD,1.1801,1.1805,1.18007,1.18046,569.0
2026-02-25 02:45:00,PEPPERSTONE:EURUSD,1.18045,1.18055,1.18031,1.18053,463.0
2026-02-25 02:50:00,PEPPERSTONE:EURUSD,1.18052,1.18052,1.18023,1.18026,385.0
2026-02-25 02:55:00,PEPPERSTONE:EURUSD,1.18023,1.18024,1.18002,1.18009,514.0
2026-02-25 03:00:00,PEPPERSTONE:EURUSD,1.18008,1.18017,1.1799,1.17995,457.0
2026-02-25 03:05:00,PEPPERSTONE:EURUSD,1.17994,1.18001,1.17982,1.17984,442.0
2026-02-25 03:10:00,PEPPERSTONE:EURUSD,1.17983,1.18034,1.17968,1.18021,541.0
2026-02-25 03:15:00,PEPPERSTONE:EURUSD,1.18022,1.18037,1.18014,1.18035,593.0
2026-02-25 03:20:00,PEPPERSTONE:EURUSD,1.18034,1.18048,1.18024,1.18042,474.0
2026-02-25 03:25:00,PEPPERSTONE:EURUSD,1.18043,1.18053,1.18016,1.18045,455.0
2026-02-25 03:30:00,PEPPERSTONE:EURUSD,1.18044,1.18054,1.1803,1.18053,417.0
2026-02-25 03:35:00,PEPPERSTONE:EURUSD,1.18045,1.18057,1.1804,1.18056,333.0
2026-02-25 03:40:00,PEPPERSTONE:EURUSD,1.18055,1.18058,1.18019,1.18023,335.0
2026-02-25 03:45:00,PEPPERSTONE:EURUSD,1.1802,1.18036,1.18017,1.18034,390.0
2026-02-25 03:50:00,PEPPERSTONE:EURUSD,1.18034,1.18064,1.18034,1.18039,395.0
2026-02-25 03:55:00,PEPPERSTONE:EURUSD,1.18038,1.18062,1.18029,1.18055,361.0
2026-02-25 04:00:00,PEPPERSTONE:EURUSD,1.18052,1.18076,1.18042,1.18069,517.0
2026-02-25 04:05:00,PEPPERSTONE:EURUSD,1.1807,1.18079,1.18055,1.18065,518.0
2026-02-25 04:10:00,PEPPERSTONE:EURUSD,1.18066,1.18076,1.18044,1.18046,478.0
2026-02-25 04:15:00,PEPPERSTONE:EURUSD,1.18048,1.18056,1.18027,1.18034,468.0
2026-02-25 04:20:00,PEPPERSTONE:EURUSD,1.18035,1.18044,1.18013,1.18016,425.0
2026-02-25 04:25:00,PEPPERSTONE:EURUSD,1.18017,1.18031,1.18004,1.18023,483.0
2026-02-25 04:30:00,PEPPERSTONE:EURUSD,1.1802,1.18022,1.18001,1.18005,546.0
2026-02-25 04:35:00,PEPPERSTONE:EURUSD,1.18004,1.18023,1.17997,1.18006,606.0
2026-02-25 04:40:00,PEPPERSTONE:EURUSD,1.18005,1.18029,1.18002,1.18021,501.0
2026-02-25 04:45:00,PEPPERSTONE:EURUSD,1.18017,1.18035,1.18012,1.18031,538.0
2026-02-25 04:50:00,PEPPERSTONE:EURUSD,1.1803,1.18063,1.18013,1.18013,519.0
2026-02-25 04:55:00,PEPPERSTONE:EURUSD,1.18014,1.18019,1.17971,1.17971,1025.0
2026-02-25 05:00:00,PEPPERSTONE:EURUSD,1.17972,1.18001,1.17965,1.17994,1163.0
2026-02-25 05:05:00,PEPPERSTONE:EURUSD,1.17993,1.18,1.17946,1.17966,782.0
2026-02-25 05:10:00,PEPPERSTONE:EURUSD,1.17967,1.17974,1.17944,1.17955,581.0
2026-02-25 05:15:00,PEPPERSTONE:EURUSD,1.17956,1.17991,1.17953,1.1796,649.0
2026-02-25 05:20:00,PEPPERSTONE:EURUSD,1.17959,1.17965,1.17944,1.17945,591.0
2026-02-25 05:25:00,PEPPERSTONE:EURUSD,1.17946,1.17949,1.17906,1.17923,658.0
2026-02-25 05:30:00,PEPPERSTONE:EURUSD,1.17925,1.17934,1.17905,1.17926,560.0
2026-02-25 05:35:00,PEPPERSTONE:EURUSD,1.17924,1.17947,1.17923,1.17942,534.0
2026-02-25 05:40:00,PEPPERSTONE:EURUSD,1.17943,1.1795,1.17928,1.1793,544.0
2026-02-25 05:45:00,PEPPERSTONE:EURUSD,1.17931,1.17947,1.17916,1.1793,448.0
2026-02-25 05:50:00,PEPPERSTONE:EURUSD,1.17931,1.17934,1.17907,1.17917,467.0
2026-02-25 05:55:00,PEPPERSTONE:EURUSD,1.17916,1.17921,1.17895,1.17902,475.0
2026-02-25 06:00:00,PEPPERSTONE:EURUSD,1.17901,1.17904,1.17884,1.17887,629.0
2026-02-25 06:05:00,PEPPERSTONE:EURUSD,1.17888,1.17911,1.17884,1.17907,509.0
2026-02-25 06:10:00,PEPPERSTONE:EURUSD,1.17906,1.17915,1.17884,1.17889,526.0
2026-02-25 06:15:00,PEPPERSTONE:EURUSD,1.17888,1.17896,1.17865,1.17895,616.0
2026-02-25 06:20:00,PEPPERSTONE:EURUSD,1.17894,1.17916,1.17875,1.17885,585.0
2026-02-25 06:25:00,PEPPERSTONE:EURUSD,1.17886,1.17895,1.17875,1.1789,477.0
2026-02-25 06:30:00,PEPPERSTONE:EURUSD,1.17891,1.17932,1.17879,1.1792,637.0
2026-02-25 06:35:00,PEPPERSTONE:EURUSD,1.17919,1.1792,1.17881,1.17899,841.0
2026-02-25 06:40:00,PEPPERSTONE:EURUSD,1.17901,1.17909,1.17863,1.17866,741.0
2026-02-25 06:45:00,PEPPERSTONE:EURUSD,1.17867,1.17882,1.17855,1.17864,938.0
2026-02-25 06:50:00,PEPPERSTONE:EURUSD,1.17863,1.17896,1.17861,1.17893,828.0
2026-02-25 06:55:00,PEPPERSTONE:EURUSD,1.17892,1.17901,1.17856,1.17878,566.0
2026-02-25 07:00:00,PEPPERSTONE:EURUSD,1.17878,1.17885,1.17831,1.17844,617.0
2026-02-25 07:05:00,PEPPERSTONE:EURUSD,1.17843,1.17861,1.17835,1.17852,536.0
2026-02-25 07:10:00,PEPPERSTONE:EURUSD,1.1785,1.17878,1.17849,1.17865,432.0
2026-02-25 07:15:00,PEPPERSTONE:EURUSD,1.17861,1.17872,1.17839,1.17872,460.0
2026-02-25 07:20:00,PEPPERSTONE:EURUSD,1.17872,1.17874,1.17842,1.17859,434.0
2026-02-25 07:25:00,PEPPERSTONE:EURUSD,1.17858,1.1787,1.17839,1.17844,475.0
2026-02-25 07:30:00,PEPPERSTONE:EURUSD,1.17839,1.17839,1.17812,1.17822,587.0
2026-02-25 07:35:00,PEPPERSTONE:EURUSD,1.17825,1.17848,1.17794,1.1781,673.0
2026-02-25 07:40:00,PEPPERSTONE:EURUSD,1.17811,1.17828,1.17801,1.17816,550.0
2026-02-25 07:45:00,PEPPERSTONE:EURUSD,1.17817,1.1782,1.178,1.17813,341.0
2026-02-25 07:50:00,PEPPERSTONE:EURUSD,1.17811,1.1782,1.17802,1.17816,479.0
2026-02-25 07:55:00,PEPPERSTONE:EURUSD,1.17815,1.17819,1.17797,1.17799,450.0
2026-02-25 08:00:00,PEPPERSTONE:EURUSD,1.17799,1.17813,1.17778,1.17791,615.0
2026-02-25 08:05:00,PEPPERSTONE:EURUSD,1.17789,1.17798,1.17775,1.17782,372.0
2026-02-25 08:10:00,PEPPERSTONE:EURUSD,1.17781,1.17804,1.17775,1.178,464.0
2026-02-25 08:15:00,PEPPERSTONE:EURUSD,1.17798,1.178,1.17754,1.17756,546.0
2026-02-25 08:20:00,PEPPERSTONE:EURUSD,1.17754,1.17756,1.17737,1.17744,574.0
2026-02-25 08:25:00,PEPPERSTONE:EURUSD,1.17745,1.17748,1.17713,1.17716,447.0
2026-02-25 08:30:00,PEPPERSTONE:EURUSD,1.17714,1.17745,1.17706,1.17722,574.0
2026-02-25 08:35:00,PEPPERSTONE:EURUSD,1.17721,1.1776,1.17721,1.17742,519.0
2026-02-25 08:40:00,PEPPERSTONE:EURUSD,1.17743,1.17746,1.1773,1.1773,369.0
2026-02-25 08:45:00,PEPPERSTONE:EURUSD,1.17728,1.17749,1.17725,1.17732,374.0
2026-02-25 08:50:00,PEPPERSTONE:EURUSD,1.17731,1.17745,1.17728,1.17739,404.0
2026-02-25 08:55:00,PEPPERSTONE:EURUSD,1.17738,1.17769,1.1773,1.1775,503.0
2026-02-25 09:00:00,PEPPERSTONE:EURUSD,1.17751,1.1778,1.17739,1.17776,676.0
2026-02-25 09:05:00,PEPPERSTONE:EURUSD,1.17775,1.17801,1.17775,1.17795,507.0
2026-02-25 09:10:00,PEPPERSTONE:EURUSD,1.17794,1.17818,1.17793,1.17816,470.0
2026-02-25 09:15:00,PEPPERSTONE:EURUSD,1.17817,1.17828,1.17803,1.17826,439.0
2026-02-25 09:20:00,PEPPERSTONE:EURUSD,1.17825,1.17831,1.17811,1.17827,443.0
2026-02-25 09:25:00,PEPPERSTONE:EURUSD,1.17828,1.17843,1.1782,1.17827,631.0
2026-02-25 09:30:00,PEPPERSTONE:EURUSD,1.17826,1.17843,1.17808,1.17823,536.0
2026-02-25 09:35:00,PEPPERSTONE:EURUSD,1.17824,1.17829,1.17813,1.17818,607.0
2026-02-25 09:40:00,PEPPERSTONE:EURUSD,1.17816,1.17853,1.17808,1.17851,542.0
2026-02-25 09:45:00,PEPPERSTONE:EURUSD,1.17852,1.17861,1.17838,1.17855,567.0
2026-02-25 09:50:00,PEPPERSTONE:EURUSD,1.17854,1.17866,1.17844,1.17849,527.0
2026-02-25 09:55:00,PEPPERSTONE:EURUSD,1.1785,1.17867,1.17841,1.17859,571.0
2026-02-25 10:00:00,PEPPERSTONE:EURUSD,1.1786,1.17869,1.17848,1.1786,582.0
2026-02-25 10:05:00,PEPPERSTONE:EURUSD,1.17862,1.1788,1.17833,1.17838,600.0
2026-02-25 10:10:00,PEPPERSTONE:EURUSD,1.17836,1.1788,1.17836,1.17877,594.0
2026-02-25 10:15:00,PEPPERSTONE:EURUSD,1.17878,1.17903,1.1787,1.17882,658.0
2026-02-25 10:20:00,PEPPERSTONE:EURUSD,1.17884,1.17888,1.17856,1.17883,725.0
2026-02-25 10:25:00,PEPPERSTONE:EURUSD,1.17882,1.17883,1.17829,1.17837,710.0
2026-02-25 10:30:00,PEPPERSTONE:EURUSD,1.17836,1.17836,1.17802,1.17816,883.0
2026-02-25 10:35:00,PEPPERSTONE:EURUSD,1.17817,1.17858,1.17814,1.17845,709.0
2026-02-25 10:40:00,PEPPERSTONE:EURUSD,1.17846,1.17862,1.17824,1.17834,647.0
2026-02-25 10:45:00,PEPPERSTONE:EURUSD,1.17833,1.17857,1.17774,1.17789,621.0
2026-02-25 10:50:00,PEPPERSTONE:EURUSD,1.17791,1.17802,1.17747,1.17747,680.0
2026-02-25 10:55:00,PEPPERSTONE:EURUSD,1.17749,1.17762,1.1773,1.17735,817.0
2026-02-25 11:00:00,PEPPERSTONE:EURUSD,1.17736,1.17757,1.1773,1.17734,753.0
2026-02-25 11:05:00,PEPPERSTONE:EURUSD,1.17735,1.17755,1.17731,1.17751,641.0
2026-02-25 11:10:00,PEPPERSTONE:EURUSD,1.17752,1.17775,1.1773,1.17764,735.0
2026-02-25 11:15:00,PEPPERSTONE:EURUSD,1.17765,1.17786,1.17758,1.17786,608.0
2026-02-25 11:20:00,PEPPERSTONE:EURUSD,1.17785,1.17833,1.17784,1.17829,751.0
2026-02-25 11:25:00,PEPPERSTONE:EURUSD,1.17828,1.17834,1.17809,1.17826,564.0
2026-02-25 11:30:00,PEPPERSTONE:EURUSD,1.17827,1.17855,1.17813,1.17827,921.0
2026-02-25 11:35:00,PEPPERSTONE:EURUSD,1.17826,1.17849,1.17816,1.17819,777.0
2026-02-25 11:40:00,PEPPERSTONE:EURUSD,1.17818,1.17861,1.17805,1.17858,768.0
2026-02-25 11:45:00,PEPPERSTONE:EURUSD,1.17859,1.1789,1.17855,1.17875,623.0
2026-02-25 11:50:00,PEPPERSTONE:EURUSD,1.17877,1.17892,1.17848,1.17864,753.0
2026-02-25 11:55:00,PEPPERSTONE:EURUSD,1.17864,1.17892,1.1786,1.17861,1073.0
2026-02-25 12:00:00,PEPPERSTONE:EURUSD,1.17862,1.17901,1.17847,1.17881,820.0
2026-02-25 12:05:00,PEPPERSTONE:EURUSD,1.17882,1.17928,1.17869,1.17914,812.0
2026-02-25 12:10:00,PEPPERSTONE:EURUSD,1.17912,1.17997,1.1789,1.17981,785.0
2026-02-25 12:15:00,PEPPERSTONE:EURUSD,1.17982,1.18015,1.17977,1.17997,943.0
2026-02-25 12:20:00,PEPPERSTONE:EURUSD,1.17993,1.17996,1.17923,1.17926,825.0
2026-02-25 12:25:00,PEPPERSTONE:EURUSD,1.17924,1.17954,1.17893,1.17917,958.0
2026-02-25 12:30:00,PEPPERSTONE:EURUSD,1.17916,1.17946,1.17893,1.17913,926.0
2026-02-25 12:35:00,PEPPERSTONE:EURUSD,1.17914,1.17951,1.17897,1.17944,898.0
2026-02-25 12:40:00,PEPPERSTONE:EURUSD,1.17943,1.1797,1.17934,1.17958,859.0
2026-02-25 12:45:00,PEPPERSTONE:EURUSD,1.17959,1.18026,1.17923,1.17994,870.0
2026-02-25 12:50:00,PEPPERSTONE:EURUSD,1.17991,1.17999,1.17944,1.17991,973.0
2026-02-25 12:55:00,PEPPERSTONE:EURUSD,1.1799,1.1802,1.17949,1.18012,1109.0
2026-02-25 13:00:00,PEPPERSTONE:EURUSD,1.18014,1.18069,1.18012,1.18034,872.0
2026-02-25 13:05:00,PEPPERSTONE:EURUSD,1.18027,1.1804,1.18004,1.18035,817.0
2026-02-25 13:10:00,PEPPERSTONE:EURUSD,1.18036,1.18072,1.18025,1.18027,836.0
2026-02-25 13:15:00,PEPPERSTONE:EURUSD,1.18026,1.18059,1.18026,1.18041,673.0
2026-02-25 13:20:00,PEPPERSTONE:EURUSD,1.18039,1.18058,1.18032,1.18032,695.0
2026-02-25 13:25:00,PEPPERSTONE:EURUSD,1.1803,1.18033,1.18008,1.18029,630.0
2026-02-25 13:30:00,PEPPERSTONE:EURUSD,1.18029,1.18051,1.18023,1.18026,697.0
2026-02-25 13:35:00,PEPPERSTONE:EURUSD,1.18027,1.18029,1.18005,1.18024,609.0
2026-02-25 13:40:00,PEPPERSTONE:EURUSD,1.18025,1.18026,1.17986,1.1799,638.0
2026-02-25 13:45:00,PEPPERSTONE:EURUSD,1.17992,1.18066,1.17992,1.18034,675.0
2026-02-25 13:50:00,PEPPERSTONE:EURUSD,1.18033,1.18037,1.18017,1.18021,522.0
2026-02-25 13:55:00,PEPPERSTONE:EURUSD,1.1802,1.18044,1.18001,1.18041,521.0
2026-02-25 14:00:00,PEPPERSTONE:EURUSD,1.1804,1.18082,1.18024,1.18078,718.0
2026-02-25 14:05:00,PEPPERSTONE:EURUSD,1.1808,1.18099,1.18063,1.18087,669.0
2026-02-25 14:10:00,PEPPERSTONE:EURUSD,1.18086,1.18141,1.1808,1.18117,613.0
2026-02-25 14:15:00,PEPPERSTONE:EURUSD,1.18118,1.18134,1.18105,1.18119,516.0
2026-02-25 14:20:00,PEPPERSTONE:EURUSD,1.18121,1.18127,1.18106,1.18117,537.0
2026-02-25 14:25:00,PEPPERSTONE:EURUSD,1.18116,1.18124,1.18082,1.181,527.0
2026-02-25 14:30:00,PEPPERSTONE:EURUSD,1.18099,1.18115,1.18091,1.18111,415.0
2026-02-25 14:35:00,PEPPERSTONE:EURUSD,1.1811,1.18133,1.181,1.1812,408.0
2026-02-25 14:40:00,PEPPERSTONE:EURUSD,1.18119,1.18145,1.18118,1.18126,350.0
2026-02-25 14:45:00,PEPPERSTONE:EURUSD,1.18125,1.1813,1.18088,1.18089,367.0
2026-02-25 14:50:00,PEPPERSTONE:EURUSD,1.18088,1.18114,1.18076,1.18087,571.0
2026-02-25 14:55:00,PEPPERSTONE:EURUSD,1.18088,1.1809,1.18066,1.18076,533.0
2026-02-25 15:00:00,PEPPERSTONE:EURUSD,1.18074,1.18105,1.18063,1.18077,675.0
2026-02-25 15:05:00,PEPPERSTONE:EURUSD,1.18078,1.18091,1.18062,1.18075,597.0
2026-02-25 15:10:00,PEPPERSTONE:EURUSD,1.18076,1.18083,1.18069,1.18076,655.0
2026-02-25 15:15:00,PEPPERSTONE:EURUSD,1.18077,1.18108,1.1807,1.18089,468.0
2026-02-25 15:20:00,PEPPERSTONE:EURUSD,1.18088,1.18095,1.18061,1.18065,406.0
2026-02-25 15:25:00,PEPPERSTONE:EURUSD,1.18063,1.1808,1.18062,1.18075,475.0
2026-02-25 15:30:00,PEPPERSTONE:EURUSD,1.18074,1.18085,1.1805,1.18056,442.0
2026-02-25 15:35:00,PEPPERSTONE:EURUSD,1.18058,1.18067,1.18055,1.18062,360.0
2026-02-25 15:40:00,PEPPERSTONE:EURUSD,1.18062,1.18071,1.18049,1.18051,268.0
2026-02-25 15:45:00,PEPPERSTONE:EURUSD,1.18052,1.18066,1.1805,1.18064,375.0
2026-02-25 15:50:00,PEPPERSTONE:EURUSD,1.18063,1.1807,1.18059,1.18061,325.0
2026-02-25 15:55:00,PEPPERSTONE:EURUSD,1.18064,1.18068,1.18041,1.18048,521.0
2026-02-25 16:00:00,PEPPERSTONE:EURUSD,1.18049,1.18065,1.18043,1.18058,456.0
2026-02-25 16:05:00,PEPPERSTONE:EURUSD,1.18057,1.1808,1.1804,1.1808,319.0
2026-02-25 16:10:00,PEPPERSTONE:EURUSD,1.18076,1.18096,1.18071,1.18091,367.0
2026-02-25 16:15:00,PEPPERSTONE:EURUSD,1.18092,1.18092,1.18068,1.18069,284.0
2026-02-25 16:20:00,PEPPERSTONE:EURUSD,1.18067,1.1807,1.1806,1.18064,257.0
2026-02-25 16:25:00,PEPPERSTONE:EURUSD,1.18065,1.18065,1.18036,1.18043,386.0
2026-02-25 16:30:00,PEPPERSTONE:EURUSD,1.18046,1.18047,1.1803,1.18035,249.0
2026-02-25 16:35:00,PEPPERSTONE:EURUSD,1.18034,1.18039,1.18027,1.18037,293.0
2026-02-25 16:40:00,PEPPERSTONE:EURUSD,1.18036,1.18063,1.18034,1.1806,370.0
2026-02-25 16:45:00,PEPPERSTONE:EURUSD,1.18061,1.18076,1.18056,1.18064,311.0
2026-02-25 16:50:00,PEPPERSTONE:EURUSD,1.18065,1.1807,1.1806,1.18064,312.0
2026-02-25 16:55:00,PEPPERSTONE:EURUSD,1.18066,1.18076,1.18055,1.18056,398.0
2026-02-25 17:00:00,PEPPERSTONE:EURUSD,1.18055,1.18068,1.18053,1.18068,399.0
2026-02-25 17:05:00,PEPPERSTONE:EURUSD,1.18067,1.18077,1.18067,1.18071,321.0
2026-02-25 17:10:00,PEPPERSTONE:EURUSD,1.1807,1.18072,1.18054,1.18057,234.0
2026-02-25 17:15:00,PEPPERSTONE:EURUSD,1.18059,1.18078,1.18054,1.18074,523.0
2026-02-25 17:20:00,PEPPERSTONE:EURUSD,1.18075,1.1808,1.1806,1.18067,433.0
2026-02-25 17:25:00,PEPPERSTONE:EURUSD,1.18066,1.18073,1.18049,1.18054,542.0
2026-02-25 17:30:00,PEPPERSTONE:EURUSD,1.18053,1.18089,1.18047,1.18086,391.0
2026-02-25 17:35:00,PEPPERSTONE:EURUSD,1.18088,1.18088,1.18068,1.18076,285.0
2026-02-25 17:40:00,PEPPERSTONE:EURUSD,1.18077,1.18078,1.18061,1.18074,277.0
2026-02-25 17:45:00,PEPPERSTONE:EURUSD,1.18074,1.1808,1.18061,1.18078,354.0
2026-02-25 17:50:00,PEPPERSTONE:EURUSD,1.18078,1.18081,1.18056,1.1806,324.0
2026-02-25 17:55:00,PEPPERSTONE:EURUSD,1.18059,1.18065,1.18045,1.18061,582.0
2026-02-25 18:00:00,PEPPERSTONE:EURUSD,1.1806,1.18074,1.18047,1.18072,330.0
2026-02-25 18:05:00,PEPPERSTONE:EURUSD,1.18072,1.1808,1.18062,1.18062,254.0
2026-02-25 18:10:00,PEPPERSTONE:EURUSD,1.18062,1.18063,1.1805,1.18052,251.0
2026-02-25 18:15:00,PEPPERSTONE:EURUSD,1.18051,1.18054,1.1804,1.18044,253.0
2026-02-25 18:20:00,PEPPERSTONE:EURUSD,1.18044,1.18045,1.18033,1.18043,213.0
2026-02-25 18:25:00,PEPPERSTONE:EURUSD,1.1804,1.18058,1.1804,1.18058,161.0
2026-02-25 18:30:00,PEPPERSTONE:EURUSD,1.18058,1.18075,1.18058,1.1807,217.0
2026-02-25 18:35:00,PEPPERSTONE:EURUSD,1.18071,1.1809,1.1807,1.1809,287.0
2026-02-25 18:40:00,PEPPERSTONE:EURUSD,1.18091,1.18111,1.18078,1.18108,257.0
2026-02-25 18:45:00,PEPPERSTONE:EURUSD,1.18107,1.18128,1.18088,1.18099,299.0
2026-02-25 18:50:00,PEPPERSTONE:EURUSD,1.18099,1.181,1.18079,1.18095,272.0
2026-02-25 18:55:00,PEPPERSTONE:EURUSD,1.18095,1.18106,1.18094,1.18101,313.0
2026-02-25 19:00:00,PEPPERSTONE:EURUSD,1.18046,1.18054,1.18046,1.18052,33.0
2026-02-25 19:05:00,PEPPERSTONE:EURUSD,1.18053,1.1807,1.18046,1.18048,99.0
2026-02-25 19:10:00,PEPPERSTONE:EURUSD,1.18048,1.18067,1.18044,1.18064,98.0
2026-02-25 19:15:00,PEPPERSTONE:EURUSD,1.18064,1.18072,1.18064,1.18068,79.0
2026-02-25 19:20:00,PEPPERSTONE:EURUSD,1.18069,1.18073,1.18067,1.18072,81.0
2026-02-25 19:25:00,PEPPERSTONE:EURUSD,1.18071,1.18075,1.18067,1.18074,95.0
2026-02-25 19:30:00,PEPPERSTONE:EURUSD,1.18075,1.18085,1.18067,1.18078,156.0
2026-02-25 19:35:00,PEPPERSTONE:EURUSD,1.18078,1.18086,1.18077,1.18085,59.0
2026-02-25 19:40:00,PEPPERSTONE:EURUSD,1.18081,1.18086,1.18081,1.18082,29.0
2026-02-25 19:45:00,PEPPERSTONE:EURUSD,1.18082,1.18104,1.18082,1.181,110.0
2026-02-25 19:50:00,PEPPERSTONE:EURUSD,1.18101,1.18121,1.18101,1.18112,82.0
2026-02-25 19:55:00,PEPPERSTONE:EURUSD,1.18113,1.18119,1.18094,1.18096,216.0
2026-02-25 20:00:00,PEPPERSTONE:EURUSD,1.18099,1.18137,1.18096,1.18122,351.0
2026-02-25 20:05:00,PEPPERSTONE:EURUSD,1.18123,1.18137,1.18121,1.18134,334.0
2026-02-25 20:10:00,PEPPERSTONE:EURUSD,1.18132,1.18138,1.18116,1.1812,315.0
2026-02-25 20:15:00,PEPPERSTONE:EURUSD,1.18121,1.18121,1.18107,1.18118,299.0
2026-02-25 20:20:00,PEPPERSTONE:EURUSD,1.18119,1.18136,1.18117,1.18135,446.0
2026-02-25 20:25:00,PEPPERSTONE:EURUSD,1.18134,1.18141,1.18129,1.18129,234.0
2026-02-25 20:30:00,PEPPERSTONE:EURUSD,1.18127,1.18129,1.18116,1.18118,286.0
2026-02-25 20:35:00,PEPPERSTONE:EURUSD,1.18117,1.18134,1.18114,1.18133,224.0
2026-02-25 20:40:00,PEPPERSTONE:EURUSD,1.1813,1.18143,1.1813,1.18134,214.0
2026-02-25 20:45:00,PEPPERSTONE:EURUSD,1.18132,1.18162,1.18131,1.18157,314.0
2026-02-25 20:50:00,PEPPERSTONE:EURUSD,1.1816,1.18165,1.18144,1.18148,326.0
2026-02-25 20:55:00,PEPPERSTONE:EURUSD,1.18148,1.18163,1.18146,1.1815,261.0
2026-02-25 21:00:00,PEPPERSTONE:EURUSD,1.18149,1.18159,1.18136,1.18136,476.0
2026-02-25 21:05:00,PEPPERSTONE:EURUSD,1.18136,1.18156,1.18117,1.18127,411.0
2026-02-25 21:10:00,PEPPERSTONE:EURUSD,1.18128,1.1814,1.18123,1.18134,604.0
2026-02-25 21:15:00,PEPPERSTONE:EURUSD,1.18132,1.18157,1.1813,1.18157,472.0
2026-02-25 21:20:00,PEPPERSTONE:EURUSD,1.18158,1.18175,1.18151,1.18156,384.0
2026-02-25 21:25:00,PEPPERSTONE:EURUSD,1.18152,1.18159,1.18151,1.18155,218.0
2026-02-25 21:30:00,PEPPERSTONE:EURUSD,1.18154,1.18174,1.18131,1.18169,377.0
2026-02-25 21:35:00,PEPPERSTONE:EURUSD,1.18168,1.18168,1.18156,1.18161,201.0
2026-02-25 21:40:00,PEPPERSTONE:EURUSD,1.18162,1.18181,1.18162,1.18177,309.0
2026-02-25 21:45:00,PEPPERSTONE:EURUSD,1.18175,1.18194,1.18148,1.18149,362.0
2026-02-25 21:50:00,PEPPERSTONE:EURUSD,1.1815,1.18173,1.18148,1.18163,482.0
2026-02-25 21:55:00,PEPPERSTONE:EURUSD,1.18162,1.18191,1.18159,1.1819,459.0
2026-02-25 22:00:00,PEPPERSTONE:EURUSD,1.18191,1.18213,1.18178,1.18201,495.0
2026-02-25 22:05:00,PEPPERSTONE:EURUSD,1.18206,1.1821,1.18187,1.18188,465.0
2026-02-25 22:10:00,PEPPERSTONE:EURUSD,1.18189,1.18205,1.18181,1.18194,453.0
2026-02-25 22:15:00,PEPPERSTONE:EURUSD,1.18193,1.18228,1.18189,1.18228,446.0
2026-02-25 22:20:00,PEPPERSTONE:EURUSD,1.18237,1.18266,1.1823,1.18266,426.0
2026-02-25 22:25:00,PEPPERSTONE:EURUSD,1.18264,1.18273,1.18227,1.18229,472.0
2026-02-25 22:30:00,PEPPERSTONE:EURUSD,1.18226,1.1824,1.18209,1.18234,631.0
2026-02-25 22:35:00,PEPPERSTONE:EURUSD,1.18233,1.18254,1.18227,1.1825,428.0
2026-02-25 22:40:00,PEPPERSTONE:EURUSD,1.18251,1.18278,1.18251,1.18277,428.0
2026-02-25 22:45:00,PEPPERSTONE:EURUSD,1.18274,1.18291,1.18261,1.18273,522.0
2026-02-25 22:50:00,PEPPERSTONE:EURUSD,1.1827,1.18281,1.18266,1.18273,477.0
2026-02-25 22:55:00,PEPPERSTONE:EURUSD,1.18271,1.18277,1.1826,1.18272,378.0
2026-02-25 23:00:00,PEPPERSTONE:EURUSD,1.18273,1.1829,1.18249,1.18262,491.0
2026-02-25 23:05:00,PEPPERSTONE:EURUSD,1.18264,1.18285,1.1826,1.18265,444.0
2026-02-25 23:10:00,PEPPERSTONE:EURUSD,1.18266,1.1828,1.18252,1.18261,350.0
2026-02-25 23:15:00,PEPPERSTONE:EURUSD,1.18263,1.18271,1.18248,1.18251,440.0
2026-02-25 23:20:00,PEPPERSTONE:EURUSD,1.18247,1.18252,1.1823,1.18235,660.0
2026-02-25 23:25:00,PEPPERSTONE:EURUSD,1.18237,1.18239,1.18202,1.18204,562.0
2026-02-25 23:30:00,PEPPERSTONE:EURUSD,1.18203,1.18203,1.18183,1.18186,368.0
2026-02-25 23:35:00,PEPPERSTONE:EURUSD,1.18187,1.182,1.18171,1.18172,258.0
2026-02-25 23:40:00,PEPPERSTONE:EURUSD,1.18174,1.18175,1.18134,1.18146,446.0
2026-02-25 23:45:00,PEPPERSTONE:EURUSD,1.18143,1.18171,1.18139,1.18168,344.0
2026-02-25 23:50:00,PEPPERSTONE:EURUSD,1.18167,1.18177,1.18156,1.18164,357.0
2026-02-25 23:55:00,PEPPERSTONE:EURUSD,1.18163,1.18178,1.18161,1.18174,436.0
2026-02-26 00:00:00,PEPPERSTONE:EURUSD,1.18175,1.18196,1.18173,1.18195,363.0
2026-02-26 00:05:00,PEPPERSTONE:EURUSD,1.18194,1.18197,1.18177,1.18182,348.0
2026-02-26 00:10:00,PEPPERSTONE:EURUSD,1.18184,1.182,1.18179,1.18198,272.0
2026-02-26 00:15:00,PEPPERSTONE:EURUSD,1.18201,1.18223,1.18198,1.18212,366.0
2026-02-26 00:20:00,PEPPERSTONE:EURUSD,1.18214,1.18215,1.18201,1.18203,260.0
2026-02-26 00:25:00,PEPPERSTONE:EURUSD,1.18202,1.18218,1.18187,1.18189,211.0
2026-02-26 00:30:00,PEPPERSTONE:EURUSD,1.18189,1.18214,1.18189,1.18212,346.0
2026-02-26 00:35:00,PEPPERSTONE:EURUSD,1.1821,1.18215,1.18176,1.18184,285.0
2026-02-26 00:40:00,PEPPERSTONE:EURUSD,1.18183,1.18185,1.18177,1.18178,318.0
2026-02-26 00:45:00,PEPPERSTONE:EURUSD,1.18177,1.18179,1.18165,1.18167,330.0
2026-02-26 00:50:00,PEPPERSTONE:EURUSD,1.18166,1.18175,1.18158,1.18167,303.0
2026-02-26 00:55:00,PEPPERSTONE:EURUSD,1.18164,1.18185,1.1816,1.18171,312.0
2026-02-26 01:00:00,PEPPERSTONE:EURUSD,1.18169,1.18176,1.18166,1.18175,331.0
2026-02-26 01:05:00,PEPPERSTONE:EURUSD,1.18173,1.18174,1.18158,1.18164,256.0
2026-02-26 01:10:00,PEPPERSTONE:EURUSD,1.18163,1.18165,1.18135,1.18142,349.0
2026-02-26 01:15:00,PEPPERSTONE:EURUSD,1.18141,1.1815,1.18131,1.18134,330.0
2026-02-26 01:20:00,PEPPERSTONE:EURUSD,1.18135,1.18156,1.18132,1.18154,275.0
2026-02-26 01:25:00,PEPPERSTONE:EURUSD,1.18154,1.18159,1.18132,1.18133,306.0
2026-02-26 01:30:00,PEPPERSTONE:EURUSD,1.18134,1.18166,1.18125,1.18164,341.0
2026-02-26 01:35:00,PEPPERSTONE:EURUSD,1.18164,1.18166,1.18154,1.18157,263.0
2026-02-26 01:40:00,PEPPERSTONE:EURUSD,1.18155,1.1817,1.18154,1.18165,277.0
2026-02-26 01:45:00,PEPPERSTONE:EURUSD,1.18166,1.18173,1.18146,1.18166,294.0
2026-02-26 01:50:00,PEPPERSTONE:EURUSD,1.18165,1.18171,1.18152,1.18164,220.0
2026-02-26 01:55:00,PEPPERSTONE:EURUSD,1.18163,1.18187,1.18145,1.18184,388.0
2026-02-26 02:00:00,PEPPERSTONE:EURUSD,1.18183,1.18191,1.18169,1.18177,346.0
2026-02-26 02:05:00,PEPPERSTONE:EURUSD,1.18178,1.18194,1.18165,1.18188,388.0
2026-02-26 02:10:00,PEPPERSTONE:EURUSD,1.18191,1.18194,1.18177,1.1818,308.0
2026-02-26 02:15:00,PEPPERSTONE:EURUSD,1.18186,1.18214,1.18185,1.18198,354.0
2026-02-26 02:20:00,PEPPERSTONE:EURUSD,1.18199,1.18205,1.18178,1.18204,289.0
2026-02-26 02:25:00,PEPPERSTONE:EURUSD,1.18203,1.18204,1.1819,1.18197,264.0
2026-02-26 02:30:00,PEPPERSTONE:EURUSD,1.18198,1.18201,1.18181,1.18192,281.0
2026-02-26 02:35:00,PEPPERSTONE:EURUSD,1.18191,1.18192,1.18159,1.18183,306.0
2026-02-26 02:40:00,PEPPERSTONE:EURUSD,1.18184,1.1819,1.1818,1.18188,242.0
2026-02-26 02:45:00,PEPPERSTONE:EURUSD,1.18191,1.182,1.18182,1.18198,296.0
2026-02-26 02:50:00,PEPPERSTONE:EURUSD,1.18195,1.18228,1.18188,1.18195,473.0
2026-02-26 02:55:00,PEPPERSTONE:EURUSD,1.18196,1.18218,1.18183,1.18197,563.0
2026-02-26 03:00:00,PEPPERSTONE:EURUSD,1.18196,1.18214,1.18173,1.18178,511.0
2026-02-26 03:05:00,PEPPERSTONE:EURUSD,1.18179,1.18203,1.18177,1.18193,330.0
2026-02-26 03:10:00,PEPPERSTONE:EURUSD,1.18194,1.1821,1.1819,1.18207,408.0
2026-02-26 03:15:00,PEPPERSTONE:EURUSD,1.18206,1.18213,1.18161,1.18169,395.0
2026-02-26 03:20:00,PEPPERSTONE:EURUSD,1.18167,1.18188,1.18156,1.1817,404.0
2026-02-26 03:25:00,PEPPERSTONE:EURUSD,1.18168,1.18169,1.18148,1.18155,436.0
2026-02-26 03:30:00,PEPPERSTONE:EURUSD,1.18154,1.18185,1.18152,1.18178,436.0
2026-02-26 03:35:00,PEPPERSTONE:EURUSD,1.18177,1.18194,1.1817,1.18189,363.0
2026-02-26 03:40:00,PEPPERSTONE:EURUSD,1.18191,1.18205,1.18186,1.18202,317.0
2026-02-26 03:45:00,PEPPERSTONE:EURUSD,1.18201,1.18215,1.18188,1.18208,407.0
2026-02-26 03:50:00,PEPPERSTONE:EURUSD,1.18207,1.18223,1.1819,1.18191,392.0
2026-02-26 03:55:00,PEPPERSTONE:EURUSD,1.1819,1.18206,1.18185,1.18188,375.0
2026-02-26 04:00:00,PEPPERSTONE:EURUSD,1.18182,1.18183,1.18128,1.18133,613.0
2026-02-26 04:05:00,PEPPERSTONE:EURUSD,1.18132,1.18132,1.18087,1.18104,638.0
2026-02-26 04:10:00,PEPPERSTONE:EURUSD,1.18105,1.18129,1.18096,1.18128,500.0
2026-02-26 04:15:00,PEPPERSTONE:EURUSD,1.18127,1.18172,1.18112,1.18162,509.0
2026-02-26 04:20:00,PEPPERSTONE:EURUSD,1.18156,1.18163,1.18123,1.18124,498.0
2026-02-26 04:25:00,PEPPERSTONE:EURUSD,1.18123,1.18143,1.1811,1.18124,656.0
2026-02-26 04:30:00,PEPPERSTONE:EURUSD,1.18125,1.18144,1.18119,1.18138,483.0
2026-02-26 04:35:00,PEPPERSTONE:EURUSD,1.18137,1.18142,1.18115,1.18118,358.0
2026-02-26 04:40:00,PEPPERSTONE:EURUSD,1.18117,1.18145,1.18114,1.18136,476.0
2026-02-26 04:45:00,PEPPERSTONE:EURUSD,1.18134,1.18146,1.18116,1.18133,443.0
2026-02-26 04:50:00,PEPPERSTONE:EURUSD,1.18134,1.18175,1.18132,1.18173,578.0
2026-02-26 04:55:00,PEPPERSTONE:EURUSD,1.18177,1.18181,1.18157,1.18158,563.0
2026-02-26 05:00:00,PEPPERSTONE:EURUSD,1.18159,1.18159,1.18056,1.18061,985.0
2026-02-26 05:05:00,PEPPERSTONE:EURUSD,1.18063,1.18075,1.18035,1.18072,643.0
2026-02-26 05:10:00,PEPPERSTONE:EURUSD,1.18063,1.18078,1.18049,1.18069,536.0
2026-02-26 05:15:00,PEPPERSTONE:EURUSD,1.18069,1.18085,1.18041,1.18056,636.0
2026-02-26 05:20:00,PEPPERSTONE:EURUSD,1.18057,1.18067,1.18029,1.18054,647.0
2026-02-26 05:25:00,PEPPERSTONE:EURUSD,1.18055,1.18055,1.18024,1.18036,670.0
2026-02-26 05:30:00,PEPPERSTONE:EURUSD,1.18035,1.18076,1.18024,1.18066,708.0
2026-02-26 05:35:00,PEPPERSTONE:EURUSD,1.18066,1.18076,1.18038,1.1804,442.0
2026-02-26 05:40:00,PEPPERSTONE:EURUSD,1.18039,1.1808,1.18032,1.18069,512.0
2026-02-26 05:45:00,PEPPERSTONE:EURUSD,1.18068,1.18078,1.18048,1.18063,528.0
2026-02-26 05:50:00,PEPPERSTONE:EURUSD,1.18064,1.18065,1.18027,1.18042,559.0
2026-02-26 05:55:00,PEPPERSTONE:EURUSD,1.18043,1.18053,1.18022,1.18024,560.0
2026-02-26 06:00:00,PEPPERSTONE:EURUSD,1.18023,1.18062,1.18012,1.18016,574.0
2026-02-26 06:05:00,PEPPERSTONE:EURUSD,1.18018,1.18026,1.18,1.18014,551.0
2026-02-26 06:10:00,PEPPERSTONE:EURUSD,1.18013,1.1802,1.18001,1.1801,437.0
2026-02-26 06:15:00,PEPPERSTONE:EURUSD,1.18012,1.18019,1.17978,1.1799,603.0
2026-02-26 06:20:00,PEPPERSTONE:EURUSD,1.17989,1.18012,1.17974,1.18009,646.0
2026-02-26 06:25:00,PEPPERSTONE:EURUSD,1.18008,1.18037,1.18005,1.18013,575.0
2026-02-26 06:30:00,PEPPERSTONE:EURUSD,1.18014,1.1802,1.17998,1.18003,511.0
2026-02-26 06:35:00,PEPPERSTONE:EURUSD,1.18002,1.18016,1.17997,1.18003,484.0
2026-02-26 06:40:00,PEPPERSTONE:EURUSD,1.18004,1.18017,1.17971,1.17973,494.0
2026-02-26 06:45:00,PEPPERSTONE:EURUSD,1.17972,1.17998,1.17967,1.17983,601.0
2026-02-26 06:50:00,PEPPERSTONE:EURUSD,1.17982,1.17994,1.17975,1.17978,472.0
2026-02-26 06:55:00,PEPPERSTONE:EURUSD,1.17979,1.17998,1.17972,1.17972,387.0
2026-02-26 07:00:00,PEPPERSTONE:EURUSD,1.17971,1.17981,1.17963,1.17966,461.0
2026-02-26 07:05:00,PEPPERSTONE:EURUSD,1.17968,1.17973,1.17958,1.17964,467.0
2026-02-26 07:10:00,PEPPERSTONE:EURUSD,1.17963,1.17995,1.17961,1.1798,330.0
2026-02-26 07:15:00,PEPPERSTONE:EURUSD,1.17979,1.17997,1.17973,1.17978,374.0
2026-02-26 07:20:00,PEPPERSTONE:EURUSD,1.1798,1.1798,1.17958,1.17961,439.0
2026-02-26 07:25:00,PEPPERSTONE:EURUSD,1.17962,1.17974,1.17953,1.17971,416.0
2026-02-26 07:30:00,PEPPERSTONE:EURUSD,1.17972,1.17976,1.17949,1.17954,444.0
2026-02-26 07:35:00,PEPPERSTONE:EURUSD,1.17953,1.17976,1.17953,1.17975,480.0
2026-02-26 07:40:00,PEPPERSTONE:EURUSD,1.17973,1.17978,1.17945,1.17949,398.0
2026-02-26 07:45:00,PEPPERSTONE:EURUSD,1.1795,1.17975,1.17943,1.17943,701.0
2026-02-26 07:50:00,PEPPERSTONE:EURUSD,1.17941,1.17969,1.17933,1.17962,613.0
2026-02-26 07:55:00,PEPPERSTONE:EURUSD,1.17959,1.17986,1.17959,1.17986,470.0
2026-02-26 08:00:00,PEPPERSTONE:EURUSD,1.17985,1.18035,1.1798,1.18014,688.0
2026-02-26 08:05:00,PEPPERSTONE:EURUSD,1.18015,1.18045,1.18012,1.1803,608.0
2026-02-26 08:10:00,PEPPERSTONE:EURUSD,1.18028,1.18049,1.18028,1.18042,304.0
2026-02-26 08:15:00,PEPPERSTONE:EURUSD,1.18043,1.18044,1.18031,1.18031,388.0
2026-02-26 08:20:00,PEPPERSTONE:EURUSD,1.18032,1.18035,1.18017,1.18024,346.0
2026-02-26 08:25:00,PEPPERSTONE:EURUSD,1.18025,1.18029,1.18012,1.18019,342.0
2026-02-26 08:30:00,PEPPERSTONE:EURUSD,1.18017,1.1802,1.18003,1.18004,306.0
2026-02-26 08:35:00,PEPPERSTONE:EURUSD,1.18004,1.1803,1.18001,1.18028,393.0
2026-02-26 08:40:00,PEPPERSTONE:EURUSD,1.18028,1.18029,1.18017,1.18023,367.0
2026-02-26 08:45:00,PEPPERSTONE:EURUSD,1.18021,1.18029,1.18008,1.18015,344.0
2026-02-26 08:50:00,PEPPERSTONE:EURUSD,1.18016,1.18028,1.18004,1.18012,466.0
2026-02-26 08:55:00,PEPPERSTONE:EURUSD,1.18011,1.18015,1.17997,1.18004,522.0
2026-02-26 09:00:00,PEPPERSTONE:EURUSD,1.18007,1.1802,1.18002,1.18013,471.0
2026-02-26 09:05:00,PEPPERSTONE:EURUSD,1.18012,1.18027,1.18,1.18022,452.0
2026-02-26 09:10:00,PEPPERSTONE:EURUSD,1.18023,1.1805,1.18021,1.18047,440.0
2026-02-26 09:15:00,PEPPERSTONE:EURUSD,1.18049,1.1807,1.18045,1.18058,514.0
2026-02-26 09:20:00,PEPPERSTONE:EURUSD,1.18058,1.18062,1.18033,1.18035,432.0
2026-02-26 09:25:00,PEPPERSTONE:EURUSD,1.18034,1.1806,1.18025,1.18059,431.0
2026-02-26 09:30:00,PEPPERSTONE:EURUSD,1.18058,1.18074,1.18048,1.18052,397.0
2026-02-26 09:35:00,PEPPERSTONE:EURUSD,1.18053,1.18063,1.18031,1.18043,486.0
2026-02-26 09:40:00,PEPPERSTONE:EURUSD,1.18042,1.18073,1.18042,1.18065,359.0
2026-02-26 09:45:00,PEPPERSTONE:EURUSD,1.18066,1.18071,1.18053,1.18058,539.0
2026-02-26 09:50:00,PEPPERSTONE:EURUSD,1.18059,1.18086,1.18048,1.18086,344.0
2026-02-26 09:55:00,PEPPERSTONE:EURUSD,1.18089,1.18098,1.18081,1.18092,532.0
2026-02-26 10:00:00,PEPPERSTONE:EURUSD,1.18091,1.18104,1.18075,1.1808,678.0
2026-02-26 10:05:00,PEPPERSTONE:EURUSD,1.18081,1.18136,1.18081,1.18134,570.0
2026-02-26 10:10:00,PEPPERSTONE:EURUSD,1.18135,1.18147,1.18121,1.18132,630.0
2026-02-26 10:15:00,PEPPERSTONE:EURUSD,1.18133,1.18165,1.18133,1.18153,612.0
2026-02-26 10:20:00,PEPPERSTONE:EURUSD,1.18165,1.18169,1.18145,1.1816,501.0
2026-02-26 10:25:00,PEPPERSTONE:EURUSD,1.18159,1.1816,1.18124,1.18129,447.0
2026-02-26 10:30:00,PEPPERSTONE:EURUSD,1.18129,1.18136,1.18102,1.18113,843.0
2026-02-26 10:35:00,PEPPERSTONE:EURUSD,1.18113,1.18143,1.18106,1.18106,748.0
2026-02-26 10:40:00,PEPPERSTONE:EURUSD,1.18104,1.18104,1.18027,1.18031,955.0
2026-02-26 10:45:00,PEPPERSTONE:EURUSD,1.18032,1.18075,1.18032,1.18067,577.0
2026-02-26 10:50:00,PEPPERSTONE:EURUSD,1.18066,1.18088,1.18043,1.18076,762.0
2026-02-26 10:55:00,PEPPERSTONE:EURUSD,1.18078,1.18089,1.18046,1.18068,682.0
2026-02-26 11:00:00,PEPPERSTONE:EURUSD,1.18069,1.18084,1.18033,1.18047,820.0
2026-02-26 11:05:00,PEPPERSTONE:EURUSD,1.18049,1.18055,1.1802,1.18044,669.0
2026-02-26 11:10:00,PEPPERSTONE:EURUSD,1.18043,1.18087,1.1804,1.18077,572.0
2026-02-26 11:15:00,PEPPERSTONE:EURUSD,1.18075,1.18084,1.18046,1.18054,447.0
2026-02-26 11:20:00,PEPPERSTONE:EURUSD,1.18052,1.18073,1.18043,1.18059,568.0
2026-02-26 11:25:00,PEPPERSTONE:EURUSD,1.1806,1.18086,1.1804,1.18073,482.0
2026-02-26 11:30:00,PEPPERSTONE:EURUSD,1.18074,1.18113,1.18068,1.18089,1016.0
2026-02-26 11:35:00,PEPPERSTONE:EURUSD,1.1809,1.18103,1.18071,1.18088,868.0
2026-02-26 11:40:00,PEPPERSTONE:EURUSD,1.18088,1.18119,1.1806,1.18106,853.0
2026-02-26 11:45:00,PEPPERSTONE:EURUSD,1.1811,1.18134,1.18093,1.18133,1112.0
2026-02-26 11:50:00,PEPPERSTONE:EURUSD,1.1813,1.18141,1.18104,1.18137,980.0
2026-02-26 11:55:00,PEPPERSTONE:EURUSD,1.18138,1.1816,1.18096,1.1813,1189.0
2026-02-26 12:00:00,PEPPERSTONE:EURUSD,1.18127,1.18145,1.181,1.18121,1153.0
2026-02-26 12:05:00,PEPPERSTONE:EURUSD,1.18122,1.18126,1.18083,1.18113,879.0
2026-02-26 12:10:00,PEPPERSTONE:EURUSD,1.18112,1.18124,1.18079,1.1809,808.0
2026-02-26 12:15:00,PEPPERSTONE:EURUSD,1.18089,1.18092,1.17998,1.18023,1039.0
2026-02-26 12:20:00,PEPPERSTONE:EURUSD,1.18019,1.18024,1.17929,1.17931,1050.0
2026-02-26 12:25:00,PEPPERSTONE:EURUSD,1.17933,1.17934,1.17815,1.1786,1355.0
2026-02-26 12:30:00,PEPPERSTONE:EURUSD,1.17859,1.17867,1.17809,1.1786,1218.0
2026-02-26 12:35:00,PEPPERSTONE:EURUSD,1.1786,1.1793,1.17852,1.17923,1022.0
2026-02-26 12:40:00,PEPPERSTONE:EURUSD,1.17925,1.17958,1.17906,1.17928,1215.0
2026-02-26 12:45:00,PEPPERSTONE:EURUSD,1.17927,1.17963,1.1792,1.17926,1094.0
2026-02-26 12:50:00,PEPPERSTONE:EURUSD,1.17928,1.17957,1.17907,1.17929,995.0
2026-02-26 12:55:00,PEPPERSTONE:EURUSD,1.17927,1.1799,1.17923,1.1799,892.0
2026-02-26 13:00:00,PEPPERSTONE:EURUSD,1.17986,1.17995,1.17926,1.17931,824.0
2026-02-26 13:05:00,PEPPERSTONE:EURUSD,1.1793,1.17932,1.17885,1.17903,894.0
2026-02-26 13:10:00,PEPPERSTONE:EURUSD,1.17905,1.17916,1.17886,1.17895,699.0
2026-02-26 13:15:00,PEPPERSTONE:EURUSD,1.17898,1.17908,1.17876,1.17899,682.0
2026-02-26 13:20:00,PEPPERSTONE:EURUSD,1.179,1.17953,1.17888,1.17949,830.0
2026-02-26 13:25:00,PEPPERSTONE:EURUSD,1.17951,1.17952,1.17921,1.17932,691.0
2026-02-26 13:30:00,PEPPERSTONE:EURUSD,1.17928,1.1794,1.17919,1.17928,708.0
2026-02-26 13:35:00,PEPPERSTONE:EURUSD,1.1793,1.17935,1.17874,1.17885,711.0
2026-02-26 13:40:00,PEPPERSTONE:EURUSD,1.17884,1.17909,1.17872,1.17875,643.0
2026-02-26 13:45:00,PEPPERSTONE:EURUSD,1.17874,1.17894,1.17867,1.17877,651.0
2026-02-26 13:50:00,PEPPERSTONE:EURUSD,1.17877,1.1789,1.1786,1.17889,707.0
2026-02-26 13:55:00,PEPPERSTONE:EURUSD,1.1789,1.17924,1.17878,1.17918,615.0
2026-02-26 14:00:00,PEPPERSTONE:EURUSD,1.17921,1.17935,1.17885,1.17892,811.0
2026-02-26 14:05:00,PEPPERSTONE:EURUSD,1.1789,1.17909,1.17883,1.17898,517.0
2026-02-26 14:10:00,PEPPERSTONE:EURUSD,1.17899,1.17909,1.17872,1.17876,560.0
2026-02-26 14:15:00,PEPPERSTONE:EURUSD,1.17877,1.17886,1.17818,1.17821,646.0
2026-02-26 14:20:00,PEPPERSTONE:EURUSD,1.17818,1.17825,1.17799,1.17811,568.0
2026-02-26 14:25:00,PEPPERSTONE:EURUSD,1.1781,1.17812,1.17771,1.17774,595.0
2026-02-26 14:30:00,PEPPERSTONE:EURUSD,1.17773,1.17785,1.17752,1.17777,750.0
2026-02-26 14:35:00,PEPPERSTONE:EURUSD,1.17776,1.17804,1.1777,1.17774,659.0
2026-02-26 14:40:00,PEPPERSTONE:EURUSD,1.17778,1.17792,1.17775,1.17788,469.0
2026-02-26 14:45:00,PEPPERSTONE:EURUSD,1.17786,1.17786,1.17739,1.17751,651.0
2026-02-26 14:50:00,PEPPERSTONE:EURUSD,1.17752,1.1777,1.17741,1.17754,651.0
2026-02-26 14:55:00,PEPPERSTONE:EURUSD,1.17757,1.17765,1.17742,1.17761,663.0
2026-02-26 15:00:00,PEPPERSTONE:EURUSD,1.17762,1.1778,1.1775,1.17763,684.0
2026-02-26 15:05:00,PEPPERSTONE:EURUSD,1.17764,1.1779,1.17739,1.1775,599.0
2026-02-26 15:10:00,PEPPERSTONE:EURUSD,1.17751,1.17782,1.17747,1.17778,580.0
2026-02-26 15:15:00,PEPPERSTONE:EURUSD,1.17777,1.17781,1.17759,1.17775,383.0
2026-02-26 15:20:00,PEPPERSTONE:EURUSD,1.17774,1.17783,1.17757,1.1778,532.0
2026-02-26 15:25:00,PEPPERSTONE:EURUSD,1.17782,1.17794,1.17774,1.17792,426.0
2026-02-26 15:30:00,PEPPERSTONE:EURUSD,1.17793,1.1784,1.17759,1.17839,789.0
2026-02-26 15:35:00,PEPPERSTONE:EURUSD,1.17837,1.17859,1.17816,1.17853,865.0
2026-02-26 15:40:00,PEPPERSTONE:EURUSD,1.17849,1.17873,1.17836,1.17849,741.0
2026-02-26 15:45:00,PEPPERSTONE:EURUSD,1.17848,1.17864,1.17818,1.17831,635.0
2026-02-26 15:50:00,PEPPERSTONE:EURUSD,1.1783,1.17844,1.17821,1.17833,470.0
2026-02-26 15:55:00,PEPPERSTONE:EURUSD,1.17835,1.17854,1.17831,1.17844,558.0
2026-02-26 16:00:00,PEPPERSTONE:EURUSD,1.17845,1.1787,1.17825,1.17861,618.0
2026-02-26 16:05:00,PEPPERSTONE:EURUSD,1.1786,1.1787,1.17848,1.17869,486.0
2026-02-26 16:10:00,PEPPERSTONE:EURUSD,1.17868,1.1788,1.17856,1.17863,416.0
2026-02-26 16:15:00,PEPPERSTONE:EURUSD,1.17865,1.17898,1.17859,1.17887,462.0
2026-02-26 16:20:00,PEPPERSTONE:EURUSD,1.17886,1.17904,1.17884,1.17897,337.0
2026-02-26 16:25:00,PEPPERSTONE:EURUSD,1.17896,1.17913,1.17888,1.17913,341.0
2026-02-26 16:30:00,PEPPERSTONE:EURUSD,1.1791,1.17927,1.17902,1.17926,284.0
2026-02-26 16:35:00,PEPPERSTONE:EURUSD,1.17927,1.17941,1.17917,1.17923,309.0
2026-02-26 16:40:00,PEPPERSTONE:EURUSD,1.17922,1.17941,1.17918,1.17938,314.0
2026-02-26 16:45:00,PEPPERSTONE:EURUSD,1.17939,1.17955,1.17939,1.17949,367.0
2026-02-26 16:50:00,PEPPERSTONE:EURUSD,1.17948,1.17974,1.17946,1.17965,320.0
2026-02-26 16:55:00,PEPPERSTONE:EURUSD,1.17966,1.1798,1.17965,1.17966,712.0
2026-02-26 17:00:00,PEPPERSTONE:EURUSD,1.17968,1.17979,1.17957,1.17967,489.0
2026-02-26 17:05:00,PEPPERSTONE:EURUSD,1.17969,1.1799,1.17969,1.17978,445.0
2026-02-26 17:10:00,PEPPERSTONE:EURUSD,1.17977,1.17994,1.17972,1.17974,432.0
2026-02-26 17:15:00,PEPPERSTONE:EURUSD,1.17975,1.17979,1.17959,1.17971,461.0
2026-02-26 17:20:00,PEPPERSTONE:EURUSD,1.1797,1.17996,1.1797,1.17995,360.0
2026-02-26 17:25:00,PEPPERSTONE:EURUSD,1.17994,1.18,1.17989,1.17994,318.0
2026-02-26 17:30:00,PEPPERSTONE:EURUSD,1.17997,1.17998,1.17987,1.17993,175.0
2026-02-26 17:35:00,PEPPERSTONE:EURUSD,1.17992,1.18008,1.1799,1.18007,260.0
2026-02-26 17:40:00,PEPPERSTONE:EURUSD,1.18006,1.18028,1.18,1.1802,288.0
2026-02-26 17:45:00,PEPPERSTONE:EURUSD,1.18018,1.18032,1.18007,1.18024,332.0
2026-02-26 17:50:00,PEPPERSTONE:EURUSD,1.18026,1.18026,1.18007,1.18014,315.0
2026-02-26 17:55:00,PEPPERSTONE:EURUSD,1.18018,1.18034,1.18012,1.18014,448.0
2026-02-26 18:00:00,PEPPERSTONE:EURUSD,1.18014,1.18038,1.18009,1.18021,373.0
2026-02-26 18:05:00,PEPPERSTONE:EURUSD,1.1802,1.18024,1.18012,1.18015,287.0
2026-02-26 18:10:00,PEPPERSTONE:EURUSD,1.1801,1.18017,1.17994,1.18013,306.0
2026-02-26 18:15:00,PEPPERSTONE:EURUSD,1.18013,1.18019,1.18002,1.18004,262.0
2026-02-26 18:20:00,PEPPERSTONE:EURUSD,1.18004,1.18008,1.17992,1.17992,225.0
2026-02-26 18:25:00,PEPPERSTONE:EURUSD,1.1799,1.17998,1.17984,1.17995,245.0
2026-02-26 18:30:00,PEPPERSTONE:EURUSD,1.17996,1.18004,1.17993,1.18003,124.0
2026-02-26 18:35:00,PEPPERSTONE:EURUSD,1.18002,1.18017,1.17999,1.1801,166.0
2026-02-26 18:40:00,PEPPERSTONE:EURUSD,1.18007,1.18012,1.17991,1.17993,160.0
2026-02-26 18:45:00,PEPPERSTONE:EURUSD,1.17992,1.17994,1.17972,1.1798,224.0
2026-02-26 18:50:00,PEPPERSTONE:EURUSD,1.17979,1.18,1.17978,1.17997,175.0
2026-02-26 18:55:00,PEPPERSTONE:EURUSD,1.17997,1.18,1.17974,1.17977,383.0
2026-02-26 19:00:00,PEPPERSTONE:EURUSD,1.17934,1.17934,1.17923,1.17924,21.0
2026-02-26 19:05:00,PEPPERSTONE:EURUSD,1.17923,1.17935,1.17913,1.17927,370.0
2026-02-26 19:10:00,PEPPERSTONE:EURUSD,1.17928,1.17942,1.17924,1.17941,220.0
2026-02-26 19:15:00,PEPPERSTONE:EURUSD,1.17941,1.17953,1.17932,1.17942,100.0
2026-02-26 19:20:00,PEPPERSTONE:EURUSD,1.17937,1.17955,1.17933,1.17935,114.0
2026-02-26 19:25:00,PEPPERSTONE:EURUSD,1.17936,1.17969,1.17936,1.17967,190.0
2026-02-26 19:30:00,PEPPERSTONE:EURUSD,1.1797,1.17982,1.17967,1.17974,163.0
2026-02-26 19:35:00,PEPPERSTONE:EURUSD,1.17975,1.17976,1.17968,1.17972,168.0
2026-02-26 19:40:00,PEPPERSTONE:EURUSD,1.17973,1.17977,1.17972,1.17972,135.0
2026-02-26 19:45:00,PEPPERSTONE:EURUSD,1.17976,1.17977,1.17964,1.17974,91.0
2026-02-26 19:50:00,PEPPERSTONE:EURUSD,1.17971,1.17976,1.17967,1.17974,93.0
2026-02-26 19:55:00,PEPPERSTONE:EURUSD,1.17973,1.17974,1.17963,1.17969,171.0
2026-02-26 20:00:00,PEPPERSTONE:EURUSD,1.17967,1.17984,1.17959,1.17977,480.0
2026-02-26 20:05:00,PEPPERSTONE:EURUSD,1.17976,1.17982,1.17973,1.17981,350.0
2026-02-26 20:10:00,PEPPERSTONE:EURUSD,1.1798,1.17993,1.17977,1.17985,443.0
2026-02-26 20:15:00,PEPPERSTONE:EURUSD,1.17986,1.17993,1.17982,1.17985,226.0
2026-02-26 20:20:00,PEPPERSTONE:EURUSD,1.17984,1.17994,1.17982,1.17988,148.0
2026-02-26 20:25:00,PEPPERSTONE:EURUSD,1.17987,1.17998,1.17985,1.17998,230.0
2026-02-26 20:30:00,PEPPERSTONE:EURUSD,1.17997,1.18017,1.17997,1.18014,272.0
2026-02-26 20:35:00,PEPPERSTONE:EURUSD,1.18014,1.18021,1.18005,1.1802,221.0
2026-02-26 20:40:00,PEPPERSTONE:EURUSD,1.18019,1.18021,1.18013,1.18013,177.0
2026-02-26 20:45:00,PEPPERSTONE:EURUSD,1.18013,1.18019,1.18002,1.18004,240.0
2026-02-26 20:50:00,PEPPERSTONE:EURUSD,1.18003,1.18015,1.18002,1.18012,203.0
2026-02-26 20:55:00,PEPPERSTONE:EURUSD,1.18013,1.18034,1.18013,1.18032,141.0
2026-02-26 21:00:00,PEPPERSTONE:EURUSD,1.18031,1.1804,1.18016,1.18028,408.0
2026-02-26 21:05:00,PEPPERSTONE:EURUSD,1.18027,1.18035,1.18007,1.18007,277.0
2026-02-26 21:10:00,PEPPERSTONE:EURUSD,1.18008,1.18023,1.18007,1.18022,300.0
2026-02-26 21:15:00,PEPPERSTONE:EURUSD,1.18021,1.18039,1.18016,1.18035,384.0
2026-02-26 21:20:00,PEPPERSTONE:EURUSD,1.18036,1.18058,1.18029,1.18054,410.0
2026-02-26 21:25:00,PEPPERSTONE:EURUSD,1.18056,1.18056,1.18033,1.18039,404.0
2026-02-26 21:30:00,PEPPERSTONE:EURUSD,1.18039,1.1805,1.17992,1.18013,441.0
2026-02-26 21:35:00,PEPPERSTONE:EURUSD,1.18014,1.18016,1.17976,1.17996,639.0
2026-02-26 21:40:00,PEPPERSTONE:EURUSD,1.17998,1.18007,1.1798,1.1798,594.0
2026-02-26 21:45:00,PEPPERSTONE:EURUSD,1.17978,1.17995,1.1797,1.17992,595.0
2026-02-26 21:50:00,PEPPERSTONE:EURUSD,1.17993,1.17993,1.17961,1.17983,645.0
2026-02-26 21:55:00,PEPPERSTONE:EURUSD,1.17982,1.17994,1.17961,1.17964,642.0
2026-02-26 22:00:00,PEPPERSTONE:EURUSD,1.17965,1.18002,1.17964,1.18002,617.0
2026-02-26 22:05:00,PEPPERSTONE:EURUSD,1.18001,1.18024,1.17997,1.18009,564.0
2026-02-26 22:10:00,PEPPERSTONE:EURUSD,1.18007,1.18015,1.1799,1.18,660.0
2026-02-26 22:15:00,PEPPERSTONE:EURUSD,1.18,1.18006,1.17971,1.1798,817.0
2026-02-26 22:20:00,PEPPERSTONE:EURUSD,1.17979,1.1798,1.17943,1.17962,878.0
2026-02-26 22:25:00,PEPPERSTONE:EURUSD,1.17961,1.17971,1.17946,1.17959,706.0
2026-02-26 22:30:00,PEPPERSTONE:EURUSD,1.17957,1.17998,1.17946,1.17995,595.0
2026-02-26 22:35:00,PEPPERSTONE:EURUSD,1.17994,1.18002,1.17986,1.17995,600.0
2026-02-26 22:40:00,PEPPERSTONE:EURUSD,1.17994,1.17994,1.17964,1.17967,415.0
2026-02-26 22:45:00,PEPPERSTONE:EURUSD,1.17966,1.17973,1.1794,1.17952,542.0
2026-02-26 22:50:00,PEPPERSTONE:EURUSD,1.17952,1.17963,1.17924,1.17928,578.0
2026-02-26 22:55:00,PEPPERSTONE:EURUSD,1.17927,1.17929,1.1789,1.17901,716.0
2026-02-26 23:00:00,PEPPERSTONE:EURUSD,1.17906,1.17949,1.17906,1.17926,540.0
2026-02-26 23:05:00,PEPPERSTONE:EURUSD,1.17927,1.17953,1.17926,1.17943,453.0
2026-02-26 23:10:00,PEPPERSTONE:EURUSD,1.17942,1.17964,1.17938,1.17958,291.0
2026-02-26 23:15:00,PEPPERSTONE:EURUSD,1.17959,1.17982,1.17957,1.17957,383.0
2026-02-26 23:20:00,PEPPERSTONE:EURUSD,1.17958,1.1797,1.17946,1.17949,383.0
2026-02-26 23:25:00,PEPPERSTONE:EURUSD,1.1795,1.1796,1.1794,1.17958,355.0
2026-02-26 23:30:00,PEPPERSTONE:EURUSD,1.17959,1.17983,1.17958,1.17983,443.0
2026-02-26 23:35:00,PEPPERSTONE:EURUSD,1.17982,1.17982,1.17959,1.17961,420.0
2026-02-26 23:40:00,PEPPERSTONE:EURUSD,1.17962,1.17971,1.1796,1.17969,374.0
2026-02-26 23:45:00,PEPPERSTONE:EURUSD,1.17968,1.17986,1.17959,1.17986,303.0
2026-02-26 23:50:00,PEPPERSTONE:EURUSD,1.17985,1.17989,1.17977,1.17988,333.0
2026-02-26 23:55:00,PEPPERSTONE:EURUSD,1.17986,1.18012,1.17985,1.18005,347.0
2026-02-27 00:00:00,PEPPERSTONE:EURUSD,1.18006,1.18019,1.18004,1.18008,386.0
2026-02-27 00:05:00,PEPPERSTONE:EURUSD,1.18011,1.18022,1.18001,1.18004,250.0
2026-02-27 00:10:00,PEPPERSTONE:EURUSD,1.18003,1.18013,1.18002,1.18011,296.0
2026-02-27 00:15:00,PEPPERSTONE:EURUSD,1.18013,1.18032,1.18007,1.18027,358.0
2026-02-27 00:20:00,PEPPERSTONE:EURUSD,1.18025,1.18048,1.18019,1.18043,293.0
2026-02-27 00:25:00,PEPPERSTONE:EURUSD,1.18044,1.18059,1.1804,1.18052,468.0
2026-02-27 00:30:00,PEPPERSTONE:EURUSD,1.1805,1.18056,1.18042,1.18047,271.0
2026-02-27 00:35:00,PEPPERSTONE:EURUSD,1.18046,1.1805,1.18031,1.18037,358.0
2026-02-27 00:40:00,PEPPERSTONE:EURUSD,1.18036,1.18045,1.18033,1.1804,268.0
2026-02-27 00:45:00,PEPPERSTONE:EURUSD,1.18039,1.18046,1.18029,1.18036,276.0
2026-02-27 00:50:00,PEPPERSTONE:EURUSD,1.18037,1.18058,1.18033,1.1804,375.0
2026-02-27 00:55:00,PEPPERSTONE:EURUSD,1.18039,1.1805,1.18036,1.18037,361.0
2026-02-27 01:00:00,PEPPERSTONE:EURUSD,1.18038,1.18046,1.18034,1.18037,383.0
2026-02-27 01:05:00,PEPPERSTONE:EURUSD,1.18038,1.18051,1.18032,1.18035,431.0
2026-02-27 01:10:00,PEPPERSTONE:EURUSD,1.18034,1.18056,1.18034,1.18053,338.0
2026-02-27 01:15:00,PEPPERSTONE:EURUSD,1.18054,1.1806,1.18037,1.18038,233.0
2026-02-27 01:20:00,PEPPERSTONE:EURUSD,1.18037,1.18078,1.18021,1.18078,334.0
2026-02-27 01:25:00,PEPPERSTONE:EURUSD,1.18076,1.18088,1.18062,1.18088,385.0
2026-02-27 01:30:00,PEPPERSTONE:EURUSD,1.18086,1.18099,1.18084,1.18098,254.0
2026-02-27 01:35:00,PEPPERSTONE:EURUSD,1.18096,1.18126,1.18096,1.18124,415.0
2026-02-27 01:40:00,PEPPERSTONE:EURUSD,1.18125,1.18133,1.18119,1.18121,323.0
2026-02-27 01:45:00,PEPPERSTONE:EURUSD,1.18118,1.18123,1.18107,1.18119,202.0
2026-02-27 01:50:00,PEPPERSTONE:EURUSD,1.18124,1.18126,1.18105,1.18107,285.0
2026-02-27 01:55:00,PEPPERSTONE:EURUSD,1.18106,1.18117,1.18099,1.1811,360.0
2026-02-27 02:00:00,PEPPERSTONE:EURUSD,1.18108,1.18117,1.18089,1.18091,352.0
2026-02-27 02:05:00,PEPPERSTONE:EURUSD,1.1809,1.18101,1.18081,1.1809,312.0
2026-02-27 02:10:00,PEPPERSTONE:EURUSD,1.18089,1.18101,1.18087,1.18099,447.0
2026-02-27 02:15:00,PEPPERSTONE:EURUSD,1.18098,1.18106,1.18082,1.18084,360.0
2026-02-27 02:20:00,PEPPERSTONE:EURUSD,1.18083,1.18098,1.18082,1.18096,343.0
2026-02-27 02:25:00,PEPPERSTONE:EURUSD,1.18094,1.18118,1.18094,1.18115,254.0
2026-02-27 02:30:00,PEPPERSTONE:EURUSD,1.18114,1.1812,1.18102,1.18105,309.0
2026-02-27 02:35:00,PEPPERSTONE:EURUSD,1.18106,1.18106,1.18077,1.18082,415.0
2026-02-27 02:40:00,PEPPERSTONE:EURUSD,1.1808,1.18083,1.18065,1.18072,543.0
2026-02-27 02:45:00,PEPPERSTONE:EURUSD,1.18074,1.18079,1.18064,1.18073,464.0
2026-02-27 02:50:00,PEPPERSTONE:EURUSD,1.18074,1.18103,1.18073,1.18103,344.0
2026-02-27 02:55:00,PEPPERSTONE:EURUSD,1.18104,1.18105,1.18078,1.18085,533.0
2026-02-27 03:00:00,PEPPERSTONE:EURUSD,1.18084,1.18095,1.18076,1.18084,470.0
2026-02-27 03:05:00,PEPPERSTONE:EURUSD,1.18082,1.18105,1.18076,1.18082,338.0
2026-02-27 03:10:00,PEPPERSTONE:EURUSD,1.1808,1.18109,1.1808,1.18106,407.0
2026-02-27 03:15:00,PEPPERSTONE:EURUSD,1.18107,1.1811,1.18073,1.18078,347.0
2026-02-27 03:20:00,PEPPERSTONE:EURUSD,1.18079,1.18083,1.18062,1.18064,423.0
2026-02-27 03:25:00,PEPPERSTONE:EURUSD,1.18063,1.18066,1.18045,1.18053,557.0
2026-02-27 03:30:00,PEPPERSTONE:EURUSD,1.18055,1.18063,1.18031,1.18045,679.0
2026-02-27 03:35:00,PEPPERSTONE:EURUSD,1.18046,1.1805,1.1802,1.18025,626.0
2026-02-27 03:40:00,PEPPERSTONE:EURUSD,1.18025,1.18056,1.18025,1.18049,375.0
2026-02-27 03:45:00,PEPPERSTONE:EURUSD,1.18053,1.18069,1.18049,1.18057,406.0
2026-02-27 03:50:00,PEPPERSTONE:EURUSD,1.18052,1.18063,1.18041,1.18048,435.0
2026-02-27 03:55:00,PEPPERSTONE:EURUSD,1.18047,1.18055,1.18036,1.18045,608.0
2026-02-27 04:00:00,PEPPERSTONE:EURUSD,1.18043,1.18043,1.18017,1.18026,701.0
2026-02-27 04:05:00,PEPPERSTONE:EURUSD,1.18025,1.18038,1.18007,1.18009,511.0
2026-02-27 04:10:00,PEPPERSTONE:EURUSD,1.18008,1.18014,1.17985,1.17988,582.0
2026-02-27 04:15:00,PEPPERSTONE:EURUSD,1.17988,1.18005,1.17971,1.17999,454.0
2026-02-27 04:20:00,PEPPERSTONE:EURUSD,1.17998,1.18031,1.17997,1.18029,367.0
2026-02-27 04:25:00,PEPPERSTONE:EURUSD,1.18026,1.18058,1.18022,1.18034,717.0
2026-02-27 04:30:00,PEPPERSTONE:EURUSD,1.18036,1.18062,1.1803,1.18056,557.0
2026-02-27 04:35:00,PEPPERSTONE:EURUSD,1.18057,1.18069,1.18036,1.18065,552.0
2026-02-27 04:40:00,PEPPERSTONE:EURUSD,1.18066,1.18117,1.18061,1.18115,628.0
2026-02-27 04:45:00,PEPPERSTONE:EURUSD,1.18135,1.18195,1.18134,1.1816,939.0
2026-02-27 04:50:00,PEPPERSTONE:EURUSD,1.18159,1.1818,1.18151,1.18178,669.0
2026-02-27 04:55:00,PEPPERSTONE:EURUSD,1.18179,1.18195,1.18151,1.18153,730.0
2026-02-27 05:00:00,PEPPERSTONE:EURUSD,1.18152,1.18198,1.18149,1.18177,766.0
2026-02-27 05:05:00,PEPPERSTONE:EURUSD,1.18176,1.18217,1.18164,1.18202,813.0
2026-02-27 05:10:00,PEPPERSTONE:EURUSD,1.18199,1.18205,1.1814,1.18144,691.0
2026-02-27 05:15:00,PEPPERSTONE:EURUSD,1.18143,1.18171,1.1814,1.1816,565.0
2026-02-27 05:20:00,PEPPERSTONE:EURUSD,1.18161,1.18173,1.18159,1.18168,392.0
2026-02-27 05:25:00,PEPPERSTONE:EURUSD,1.18174,1.18187,1.18148,1.18149,541.0
2026-02-27 05:30:00,PEPPERSTONE:EURUSD,1.18147,1.18152,1.18128,1.18137,480.0
2026-02-27 05:35:00,PEPPERSTONE:EURUSD,1.18132,1.1814,1.18116,1.18138,448.0
2026-02-27 05:40:00,PEPPERSTONE:EURUSD,1.18137,1.18139,1.18115,1.18127,509.0
2026-02-27 05:45:00,PEPPERSTONE:EURUSD,1.18128,1.18129,1.18099,1.18102,578.0
2026-02-27 05:50:00,PEPPERSTONE:EURUSD,1.18104,1.18126,1.18102,1.18108,413.0
2026-02-27 05:55:00,PEPPERSTONE:EURUSD,1.18107,1.18117,1.18083,1.18097,505.0
2026-02-27 06:00:00,PEPPERSTONE:EURUSD,1.1808,1.18117,1.18057,1.1808,800.0
2026-02-27 06:05:00,PEPPERSTONE:EURUSD,1.18079,1.1808,1.18042,1.18063,558.0
2026-02-27 06:10:00,PEPPERSTONE:EURUSD,1.18062,1.18074,1.1804,1.18042,406.0
2026-02-27 06:15:00,PEPPERSTONE:EURUSD,1.18041,1.1808,1.18038,1.18077,459.0
2026-02-27 06:20:00,PEPPERSTONE:EURUSD,1.1808,1.18085,1.18046,1.18048,468.0
2026-02-27 06:25:00,PEPPERSTONE:EURUSD,1.18046,1.18081,1.1804,1.18073,445.0
2026-02-27 06:30:00,PEPPERSTONE:EURUSD,1.18074,1.18095,1.18055,1.18058,369.0
2026-02-27 06:35:00,PEPPERSTONE:EURUSD,1.18056,1.18067,1.18047,1.18049,501.0
2026-02-27 06:40:00,PEPPERSTONE:EURUSD,1.18048,1.18051,1.18017,1.18038,529.0
2026-02-27 06:45:00,PEPPERSTONE:EURUSD,1.18039,1.18045,1.18013,1.18013,477.0
2026-02-27 06:50:00,PEPPERSTONE:EURUSD,1.18012,1.18048,1.18002,1.18008,645.0
2026-02-27 06:55:00,PEPPERSTONE:EURUSD,1.18007,1.18009,1.1793,1.17953,845.0
2026-02-27 07:00:00,PEPPERSTONE:EURUSD,1.17951,1.17977,1.17949,1.17963,563.0
2026-02-27 07:05:00,PEPPERSTONE:EURUSD,1.17964,1.17978,1.17951,1.17976,442.0
2026-02-27 07:10:00,PEPPERSTONE:EURUSD,1.17974,1.17977,1.17947,1.17968,402.0
2026-02-27 07:15:00,PEPPERSTONE:EURUSD,1.17961,1.18013,1.17961,1.18006,409.0
2026-02-27 07:20:00,PEPPERSTONE:EURUSD,1.18007,1.18016,1.17993,1.18015,371.0
2026-02-27 07:25:00,PEPPERSTONE:EURUSD,1.18016,1.18039,1.18013,1.18029,480.0
2026-02-27 07:30:00,PEPPERSTONE:EURUSD,1.18028,1.18037,1.18012,1.18012,387.0
2026-02-27 07:35:00,PEPPERSTONE:EURUSD,1.18013,1.18032,1.17998,1.18027,453.0
2026-02-27 07:40:00,PEPPERSTONE:EURUSD,1.18026,1.18029,1.18008,1.18025,424.0
2026-02-27 07:45:00,PEPPERSTONE:EURUSD,1.18024,1.18028,1.18004,1.18009,314.0
2026-02-27 07:50:00,PEPPERSTONE:EURUSD,1.18008,1.18014,1.17977,1.17983,323.0
2026-02-27 07:55:00,PEPPERSTONE:EURUSD,1.17984,1.17999,1.17981,1.17987,461.0
2026-02-27 08:00:00,PEPPERSTONE:EURUSD,1.17988,1.17991,1.17962,1.17963,450.0
2026-02-27 08:05:00,PEPPERSTONE:EURUSD,1.17962,1.18014,1.1796,1.18012,491.0
2026-02-27 08:10:00,PEPPERSTONE:EURUSD,1.18011,1.18032,1.18007,1.18021,413.0
2026-02-27 08:15:00,PEPPERSTONE:EURUSD,1.1802,1.18041,1.18013,1.1802,563.0
2026-02-27 08:20:00,PEPPERSTONE:EURUSD,1.18019,1.18028,1.18012,1.18018,363.0
2026-02-27 08:25:00,PEPPERSTONE:EURUSD,1.18017,1.18035,1.18006,1.18034,416.0
2026-02-27 08:30:00,PEPPERSTONE:EURUSD,1.1803,1.1804,1.18021,1.18023,262.0
2026-02-27 08:35:00,PEPPERSTONE:EURUSD,1.18024,1.1803,1.17991,1.18008,385.0
2026-02-27 08:40:00,PEPPERSTONE:EURUSD,1.18009,1.18014,1.17984,1.17989,434.0
2026-02-27 08:45:00,PEPPERSTONE:EURUSD,1.17988,1.18015,1.17972,1.1801,419.0
2026-02-27 08:50:00,PEPPERSTONE:EURUSD,1.18009,1.18032,1.18006,1.18019,401.0
2026-02-27 08:55:00,PEPPERSTONE:EURUSD,1.18018,1.18026,1.17999,1.18001,556.0
2026-02-27 09:00:00,PEPPERSTONE:EURUSD,1.18002,1.18044,1.18002,1.18027,578.0
2026-02-27 09:05:00,PEPPERSTONE:EURUSD,1.18029,1.18051,1.18022,1.18046,538.0
2026-02-27 09:10:00,PEPPERSTONE:EURUSD,1.18046,1.18054,1.18038,1.18052,425.0
2026-02-27 09:15:00,PEPPERSTONE:EURUSD,1.18053,1.18062,1.18048,1.18058,540.0
2026-02-27 09:20:00,PEPPERSTONE:EURUSD,1.18059,1.1808,1.18057,1.18072,500.0
2026-02-27 09:25:00,PEPPERSTONE:EURUSD,1.18073,1.18075,1.18036,1.18062,547.0
2026-02-27 09:30:00,PEPPERSTONE:EURUSD,1.18065,1.18075,1.18042,1.18075,425.0
2026-02-27 09:35:00,PEPPERSTONE:EURUSD,1.18073,1.18082,1.1806,1.18067,400.0
2026-02-27 09:40:00,PEPPERSTONE:EURUSD,1.18065,1.18076,1.18027,1.18029,425.0
2026-02-27 09:45:00,PEPPERSTONE:EURUSD,1.1803,1.1803,1.17986,1.18006,595.0
2026-02-27 09:50:00,PEPPERSTONE:EURUSD,1.18008,1.18029,1.18002,1.18028,548.0
2026-02-27 09:55:00,PEPPERSTONE:EURUSD,1.18028,1.1803,1.18016,1.18024,457.0
2026-02-27 10:00:00,PEPPERSTONE:EURUSD,1.18023,1.18031,1.17994,1.1802,583.0
2026-02-27 10:05:00,PEPPERSTONE:EURUSD,1.18019,1.1806,1.17997,1.18053,638.0
2026-02-27 10:10:00,PEPPERSTONE:EURUSD,1.18054,1.18067,1.18028,1.18033,715.0
2026-02-27 10:15:00,PEPPERSTONE:EURUSD,1.18034,1.18051,1.18018,1.18031,914.0
2026-02-27 10:20:00,PEPPERSTONE:EURUSD,1.18034,1.18056,1.18017,1.18046,921.0
2026-02-27 10:25:00,PEPPERSTONE:EURUSD,1.1804,1.18047,1.18009,1.18028,788.0
2026-02-27 10:30:00,PEPPERSTONE:EURUSD,1.18024,1.18027,1.17932,1.17985,1409.0
2026-02-27 10:35:00,PEPPERSTONE:EURUSD,1.17988,1.18009,1.17925,1.1796,1138.0
2026-02-27 10:40:00,PEPPERSTONE:EURUSD,1.17959,1.17959,1.17911,1.17953,1029.0
2026-02-27 10:45:00,PEPPERSTONE:EURUSD,1.17952,1.17977,1.17906,1.17926,982.0
2026-02-27 10:50:00,PEPPERSTONE:EURUSD,1.17927,1.1794,1.17907,1.17918,997.0
2026-02-27 10:55:00,PEPPERSTONE:EURUSD,1.1792,1.17952,1.17907,1.17926,933.0
2026-02-27 11:00:00,PEPPERSTONE:EURUSD,1.17928,1.17973,1.1791,1.17953,973.0
2026-02-27 11:05:00,PEPPERSTONE:EURUSD,1.17952,1.1797,1.17941,1.17964,888.0
2026-02-27 11:10:00,PEPPERSTONE:EURUSD,1.17965,1.18008,1.17958,1.17997,690.0
2026-02-27 11:15:00,PEPPERSTONE:EURUSD,1.17998,1.18045,1.17988,1.1802,804.0
2026-02-27 11:20:00,PEPPERSTONE:EURUSD,1.18019,1.1803,1.18006,1.18012,768.0
2026-02-27 11:25:00,PEPPERSTONE:EURUSD,1.18011,1.18043,1.18001,1.18019,781.0
2026-02-27 11:30:00,PEPPERSTONE:EURUSD,1.1802,1.18094,1.18006,1.18089,1144.0
2026-02-27 11:35:00,PEPPERSTONE:EURUSD,1.18095,1.18154,1.18095,1.18123,1051.0
2026-02-27 11:40:00,PEPPERSTONE:EURUSD,1.18121,1.18146,1.18102,1.18135,809.0
2026-02-27 11:45:00,PEPPERSTONE:EURUSD,1.18133,1.18135,1.18064,1.18072,1053.0
2026-02-27 11:50:00,PEPPERSTONE:EURUSD,1.18074,1.18093,1.18011,1.18013,905.0
2026-02-27 11:55:00,PEPPERSTONE:EURUSD,1.18015,1.18016,1.17957,1.17969,985.0
2026-02-27 12:00:00,PEPPERSTONE:EURUSD,1.1797,1.18044,1.17964,1.18013,1264.0
2026-02-27 12:05:00,PEPPERSTONE:EURUSD,1.18012,1.18067,1.18008,1.18021,1068.0
2026-02-27 12:10:00,PEPPERSTONE:EURUSD,1.18022,1.18062,1.18006,1.1801,1001.0
2026-02-27 12:15:00,PEPPERSTONE:EURUSD,1.18011,1.18029,1.17979,1.18028,900.0
2026-02-27 12:20:00,PEPPERSTONE:EURUSD,1.18026,1.18069,1.18025,1.18056,897.0
2026-02-27 12:25:00,PEPPERSTONE:EURUSD,1.18057,1.18085,1.18037,1.18079,814.0
2026-02-27 12:30:00,PEPPERSTONE:EURUSD,1.18079,1.18123,1.18068,1.18109,940.0
2026-02-27 12:35:00,PEPPERSTONE:EURUSD,1.1811,1.18173,1.18104,1.18133,840.0
2026-02-27 12:40:00,PEPPERSTONE:EURUSD,1.18134,1.18149,1.18098,1.18124,945.0
2026-02-27 12:45:00,PEPPERSTONE:EURUSD,1.18126,1.18133,1.18041,1.18066,836.0
2026-02-27 12:50:00,PEPPERSTONE:EURUSD,1.18067,1.18086,1.18003,1.18065,1149.0
2026-02-27 12:55:00,PEPPERSTONE:EURUSD,1.18064,1.18089,1.18059,1.18071,952.0
2026-02-27 13:00:00,PEPPERSTONE:EURUSD,1.18072,1.18143,1.18057,1.18137,1008.0
2026-02-27 13:05:00,PEPPERSTONE:EURUSD,1.18138,1.1818,1.18138,1.18154,992.0
2026-02-27 13:10:00,PEPPERSTONE:EURUSD,1.18153,1.18174,1.18137,1.18167,1002.0
2026-02-27 13:15:00,PEPPERSTONE:EURUSD,1.18164,1.18214,1.1816,1.18182,930.0
2026-02-27 13:20:00,PEPPERSTONE:EURUSD,1.18183,1.1819,1.18152,1.18161,786.0
2026-02-27 13:25:00,PEPPERSTONE:EURUSD,1.18162,1.18198,1.18158,1.18162,729.0
2026-02-27 13:30:00,PEPPERSTONE:EURUSD,1.18168,1.18229,1.18168,1.1822,917.0
2026-02-27 13:35:00,PEPPERSTONE:EURUSD,1.18221,1.18251,1.182,1.18234,855.0
2026-02-27 13:40:00,PEPPERSTONE:EURUSD,1.18233,1.18235,1.18168,1.18172,861.0
2026-02-27 13:45:00,PEPPERSTONE:EURUSD,1.18173,1.18209,1.18171,1.18178,661.0
2026-02-27 13:50:00,PEPPERSTONE:EURUSD,1.18181,1.18216,1.18181,1.18214,732.0
2026-02-27 13:55:00,PEPPERSTONE:EURUSD,1.18219,1.18225,1.18201,1.18221,527.0
2026-02-27 14:00:00,PEPPERSTONE:EURUSD,1.18219,1.18229,1.18198,1.18212,693.0
2026-02-27 14:05:00,PEPPERSTONE:EURUSD,1.18213,1.1827,1.18202,1.18262,644.0
2026-02-27 14:10:00,PEPPERSTONE:EURUSD,1.18261,1.18266,1.18195,1.18203,652.0
2026-02-27 14:15:00,PEPPERSTONE:EURUSD,1.18203,1.18213,1.18192,1.18208,526.0
2026-02-27 14:20:00,PEPPERSTONE:EURUSD,1.18209,1.1821,1.18171,1.18186,651.0
2026-02-27 14:25:00,PEPPERSTONE:EURUSD,1.18185,1.18203,1.1818,1.18194,490.0
2026-02-27 14:30:00,PEPPERSTONE:EURUSD,1.18193,1.18235,1.18181,1.18233,687.0
2026-02-27 14:35:00,PEPPERSTONE:EURUSD,1.18232,1.18243,1.18218,1.18221,650.0
2026-02-27 14:40:00,PEPPERSTONE:EURUSD,1.18221,1.18228,1.18201,1.18219,522.0
2026-02-27 14:45:00,PEPPERSTONE:EURUSD,1.18219,1.18219,1.18185,1.18189,530.0
2026-02-27 14:50:00,PEPPERSTONE:EURUSD,1.18188,1.18191,1.1817,1.18172,421.0
2026-02-27 14:55:00,PEPPERSTONE:EURUSD,1.18171,1.1818,1.18157,1.18165,527.0
2026-02-27 15:00:00,PEPPERSTONE:EURUSD,1.18167,1.18179,1.18156,1.18157,454.0
2026-02-27 15:05:00,PEPPERSTONE:EURUSD,1.18156,1.18167,1.18141,1.18149,392.0
2026-02-27 15:10:00,PEPPERSTONE:EURUSD,1.18147,1.1816,1.18133,1.18134,457.0
2026-02-27 15:15:00,PEPPERSTONE:EURUSD,1.18134,1.18174,1.18134,1.18174,487.0
2026-02-27 15:20:00,PEPPERSTONE:EURUSD,1.18172,1.18176,1.18146,1.18162,353.0
2026-02-27 15:25:00,PEPPERSTONE:EURUSD,1.18161,1.18162,1.18121,1.18142,631.0
2026-02-27 15:30:00,PEPPERSTONE:EURUSD,1.18154,1.18156,1.18114,1.18146,714.0
2026-02-27 15:35:00,PEPPERSTONE:EURUSD,1.18147,1.18159,1.18133,1.1814,398.0
2026-02-27 15:40:00,PEPPERSTONE:EURUSD,1.18141,1.18158,1.18137,1.18158,425.0
2026-02-27 15:45:00,PEPPERSTONE:EURUSD,1.18157,1.18164,1.18147,1.18157,477.0
2026-02-27 15:50:00,PEPPERSTONE:EURUSD,1.18155,1.18173,1.18137,1.18172,361.0
2026-02-27 15:55:00,PEPPERSTONE:EURUSD,1.1817,1.18192,1.18167,1.18179,376.0
2026-02-27 16:00:00,PEPPERSTONE:EURUSD,1.18178,1.18201,1.18176,1.18185,406.0
2026-02-27 16:05:00,PEPPERSTONE:EURUSD,1.18183,1.18198,1.1817,1.18184,283.0
2026-02-27 16:10:00,PEPPERSTONE:EURUSD,1.18183,1.1819,1.18167,1.18177,346.0
2026-02-27 16:15:00,PEPPERSTONE:EURUSD,1.18178,1.18197,1.18177,1.18195,337.0
2026-02-27 16:20:00,PEPPERSTONE:EURUSD,1.18196,1.18223,1.18196,1.18212,469.0
2026-02-27 16:25:00,PEPPERSTONE:EURUSD,1.18213,1.18228,1.18209,1.18221,418.0
2026-02-27 16:30:00,PEPPERSTONE:EURUSD,1.18221,1.18224,1.18203,1.18219,365.0
2026-02-27 16:35:00,PEPPERSTONE:EURUSD,1.18221,1.18221,1.1821,1.1821,215.0
2026-02-27 16:40:00,PEPPERSTONE:EURUSD,1.18211,1.18213,1.18187,1.18199,360.0
2026-02-27 16:45:00,PEPPERSTONE:EURUSD,1.18201,1.18208,1.18192,1.18207,368.0
2026-02-27 16:50:00,PEPPERSTONE:EURUSD,1.18207,1.18216,1.18197,1.18209,237.0
2026-02-27 16:55:00,PEPPERSTONE:EURUSD,1.18208,1.18214,1.18188,1.18193,608.0
2026-02-27 17:00:00,PEPPERSTONE:EURUSD,1.18192,1.1823,1.18192,1.18229,476.0
2026-02-27 17:05:00,PEPPERSTONE:EURUSD,1.1823,1.18238,1.18218,1.18219,255.0
2026-02-27 17:10:00,PEPPERSTONE:EURUSD,1.1822,1.1823,1.18212,1.18227,313.0
2026-02-27 17:15:00,PEPPERSTONE:EURUSD,1.18229,1.18242,1.18225,1.18238,347.0
2026-02-27 17:20:00,PEPPERSTONE:EURUSD,1.18239,1.18239,1.18223,1.18223,347.0
2026-02-27 17:25:00,PEPPERSTONE:EURUSD,1.18222,1.1824,1.18221,1.18235,313.0
2026-02-27 17:30:00,PEPPERSTONE:EURUSD,1.18232,1.18259,1.18232,1.18257,332.0
2026-02-27 17:35:00,PEPPERSTONE:EURUSD,1.18257,1.1826,1.18242,1.18248,287.0
2026-02-27 17:40:00,PEPPERSTONE:EURUSD,1.18248,1.18257,1.18237,1.18243,260.0
2026-02-27 17:45:00,PEPPERSTONE:EURUSD,1.18244,1.18254,1.18237,1.1824,386.0
2026-02-27 17:50:00,PEPPERSTONE:EURUSD,1.18238,1.18247,1.18217,1.18225,600.0
2026-02-27 17:55:00,PEPPERSTONE:EURUSD,1.18223,1.18226,1.1815,1.18159,858.0
2026-02-27 18:00:00,PEPPERSTONE:EURUSD,1.18163,1.18163,1.18125,1.1814,550.0
2026-02-27 18:05:00,PEPPERSTONE:EURUSD,1.1814,1.18144,1.18131,1.18136,294.0
2026-02-27 18:10:00,PEPPERSTONE:EURUSD,1.18136,1.18153,1.18136,1.18142,281.0
2026-02-27 18:15:00,PEPPERSTONE:EURUSD,1.18142,1.18164,1.18133,1.1816,249.0
2026-02-27 18:20:00,PEPPERSTONE:EURUSD,1.1816,1.18183,1.1816,1.18178,270.0
2026-02-27 18:25:00,PEPPERSTONE:EURUSD,1.18177,1.18184,1.18152,1.18153,256.0
2026-02-27 18:30:00,PEPPERSTONE:EURUSD,1.18152,1.18174,1.18146,1.18147,269.0
2026-02-27 18:35:00,PEPPERSTONE:EURUSD,1.18148,1.18149,1.18128,1.1813,209.0
2026-02-27 18:40:00,PEPPERSTONE:EURUSD,1.1813,1.18132,1.18112,1.18116,237.0
2026-02-27 18:45:00,PEPPERSTONE:EURUSD,1.18116,1.18128,1.18114,1.18123,326.0
2026-02-27 18:50:00,PEPPERSTONE:EURUSD,1.18124,1.18146,1.18113,1.18124,647.0
2026-03-01 19:00:00,PEPPERSTONE:EURUSD,1.1765,1.17665,1.17648,1.17653,31.0
2026-03-01 19:05:00,PEPPERSTONE:EURUSD,1.17645,1.17653,1.17639,1.17645,88.0
2026-03-01 19:10:00,PEPPERSTONE:EURUSD,1.17644,1.17659,1.17636,1.17637,157.0
2026-03-01 19:15:00,PEPPERSTONE:EURUSD,1.17638,1.17638,1.17564,1.17564,300.0
2026-03-01 19:20:00,PEPPERSTONE:EURUSD,1.17565,1.17617,1.17565,1.1761,149.0
2026-03-01 19:25:00,PEPPERSTONE:EURUSD,1.17615,1.17625,1.17594,1.17607,128.0
2026-03-01 19:30:00,PEPPERSTONE:EURUSD,1.17606,1.17696,1.17605,1.17638,331.0
2026-03-01 19:35:00,PEPPERSTONE:EURUSD,1.17639,1.1765,1.17621,1.17621,208.0
2026-03-01 19:40:00,PEPPERSTONE:EURUSD,1.17622,1.17715,1.17621,1.17712,401.0
2026-03-01 19:45:00,PEPPERSTONE:EURUSD,1.17713,1.1773,1.1771,1.17725,285.0
2026-03-01 19:50:00,PEPPERSTONE:EURUSD,1.17726,1.17768,1.17713,1.17765,257.0
2026-03-01 19:55:00,PEPPERSTONE:EURUSD,1.17767,1.17767,1.17725,1.17739,193.0
2026-03-01 20:00:00,PEPPERSTONE:EURUSD,1.1775,1.17791,1.17653,1.17787,1107.0
2026-03-01 20:05:00,PEPPERSTONE:EURUSD,1.17788,1.17877,1.17779,1.17855,873.0
2026-03-01 20:10:00,PEPPERSTONE:EURUSD,1.17853,1.17871,1.17756,1.17779,968.0
2026-03-01 20:15:00,PEPPERSTONE:EURUSD,1.17779,1.17789,1.1772,1.17731,998.0
2026-03-01 20:20:00,PEPPERSTONE:EURUSD,1.17732,1.1774,1.17674,1.17687,1029.0
2026-03-01 20:25:00,PEPPERSTONE:EURUSD,1.17688,1.17723,1.17607,1.17629,1041.0
2026-03-01 20:30:00,PEPPERSTONE:EURUSD,1.17628,1.17663,1.17577,1.17632,1201.0
2026-03-01 20:35:00,PEPPERSTONE:EURUSD,1.17631,1.17649,1.17588,1.17615,1047.0
2026-03-01 20:40:00,PEPPERSTONE:EURUSD,1.17616,1.17665,1.17609,1.17665,1029.0
2026-03-01 20:45:00,PEPPERSTONE:EURUSD,1.17666,1.17675,1.1759,1.17591,1052.0
2026-03-01 20:50:00,PEPPERSTONE:EURUSD,1.17593,1.17617,1.1757,1.17599,805.0
2026-03-01 20:55:00,PEPPERSTONE:EURUSD,1.17599,1.17609,1.17583,1.17594,621.0
2026-03-01 21:00:00,PEPPERSTONE:EURUSD,1.17593,1.1762,1.17561,1.17594,901.0
2026-03-01 21:05:00,PEPPERSTONE:EURUSD,1.17595,1.17675,1.17578,1.17663,946.0
2026-03-01 21:10:00,PEPPERSTONE:EURUSD,1.17664,1.17706,1.17663,1.17701,763.0
2026-03-01 21:15:00,PEPPERSTONE:EURUSD,1.17702,1.17758,1.17692,1.17723,905.0
2026-03-01 21:20:00,PEPPERSTONE:EURUSD,1.17726,1.17751,1.17715,1.17737,790.0
2026-03-01 21:25:00,PEPPERSTONE:EURUSD,1.17739,1.1775,1.17678,1.17704,806.0
2026-03-01 21:30:00,PEPPERSTONE:EURUSD,1.17705,1.17716,1.17656,1.17657,748.0
2026-03-01 21:35:00,PEPPERSTONE:EURUSD,1.17658,1.17693,1.17636,1.17692,791.0
2026-03-01 21:40:00,PEPPERSTONE:EURUSD,1.17693,1.17716,1.17686,1.1771,549.0
2026-03-01 21:45:00,PEPPERSTONE:EURUSD,1.17711,1.17723,1.17681,1.17686,815.0
2026-03-01 21:50:00,PEPPERSTONE:EURUSD,1.17688,1.17699,1.1767,1.1769,750.0
2026-03-01 21:55:00,PEPPERSTONE:EURUSD,1.1769,1.17783,1.17676,1.17776,879.0
2026-03-01 22:00:00,PEPPERSTONE:EURUSD,1.1777,1.17819,1.17754,1.17782,1213.0
2026-03-01 22:05:00,PEPPERSTONE:EURUSD,1.17781,1.17816,1.17763,1.1781,962.0
2026-03-01 22:10:00,PEPPERSTONE:EURUSD,1.17812,1.17896,1.1781,1.17875,907.0
2026-03-01 22:15:00,PEPPERSTONE:EURUSD,1.17874,1.17889,1.17826,1.1783,821.0
2026-03-01 22:20:00,PEPPERSTONE:EURUSD,1.17829,1.17854,1.17807,1.17818,752.0
2026-03-01 22:25:00,PEPPERSTONE:EURUSD,1.17818,1.17851,1.1781,1.17851,900.0
2026-03-01 22:30:00,PEPPERSTONE:EURUSD,1.17852,1.17928,1.17834,1.17924,927.0
2026-03-01 22:35:00,PEPPERSTONE:EURUSD,1.17923,1.17941,1.17916,1.17931,715.0
2026-03-01 22:40:00,PEPPERSTONE:EURUSD,1.1793,1.1794,1.17893,1.1791,821.0
2026-03-01 22:45:00,PEPPERSTONE:EURUSD,1.17912,1.17923,1.17882,1.17905,736.0
2026-03-01 22:50:00,PEPPERSTONE:EURUSD,1.17906,1.17925,1.17879,1.179,797.0
2026-03-01 22:55:00,PEPPERSTONE:EURUSD,1.17899,1.17927,1.17898,1.17919,692.0
2026-03-01 23:00:00,PEPPERSTONE:EURUSD,1.1792,1.17935,1.17884,1.17907,817.0
2026-03-01 23:05:00,PEPPERSTONE:EURUSD,1.17906,1.17911,1.17854,1.17868,755.0
2026-03-01 23:10:00,PEPPERSTONE:EURUSD,1.17867,1.17868,1.17843,1.17855,679.0
2026-03-01 23:15:00,PEPPERSTONE:EURUSD,1.17853,1.17858,1.17817,1.17817,524.0
2026-03-01 23:20:00,PEPPERSTONE:EURUSD,1.17818,1.17846,1.17809,1.1783,580.0
2026-03-01 23:25:00,PEPPERSTONE:EURUSD,1.17824,1.17842,1.17822,1.17835,513.0
2026-03-01 23:30:00,PEPPERSTONE:EURUSD,1.17834,1.17858,1.17832,1.17854,722.0
2026-03-01 23:35:00,PEPPERSTONE:EURUSD,1.17854,1.17879,1.17841,1.17876,744.0
2026-03-01 23:40:00,PEPPERSTONE:EURUSD,1.17875,1.1789,1.17859,1.1786,657.0
2026-03-01 23:45:00,PEPPERSTONE:EURUSD,1.17863,1.17878,1.17848,1.17849,459.0
2026-03-01 23:50:00,PEPPERSTONE:EURUSD,1.17848,1.1788,1.17848,1.17879,442.0
2026-03-01 23:55:00,PEPPERSTONE:EURUSD,1.17882,1.17894,1.17864,1.17886,536.0
2026-03-02 00:00:00,PEPPERSTONE:EURUSD,1.17887,1.17916,1.17883,1.17916,656.0
2026-03-02 00:05:00,PEPPERSTONE:EURUSD,1.17915,1.17941,1.17905,1.17908,434.0
2026-03-02 00:10:00,PEPPERSTONE:EURUSD,1.17907,1.17917,1.17897,1.1791,462.0
2026-03-02 00:15:00,PEPPERSTONE:EURUSD,1.17909,1.1792,1.17903,1.17919,394.0
2026-03-02 00:20:00,PEPPERSTONE:EURUSD,1.17918,1.17939,1.17918,1.17924,536.0
2026-03-02 00:25:00,PEPPERSTONE:EURUSD,1.17924,1.17958,1.17922,1.17942,522.0
2026-03-02 00:30:00,PEPPERSTONE:EURUSD,1.17943,1.17955,1.17917,1.17917,519.0
2026-03-02 00:35:00,PEPPERSTONE:EURUSD,1.17918,1.1793,1.17907,1.17916,525.0
2026-03-02 00:40:00,PEPPERSTONE:EURUSD,1.17915,1.17939,1.17907,1.17928,567.0
2026-03-02 00:45:00,PEPPERSTONE:EURUSD,1.17927,1.17935,1.17905,1.1792,419.0
2026-03-02 00:50:00,PEPPERSTONE:EURUSD,1.17918,1.17925,1.17905,1.17907,475.0
2026-03-02 00:55:00,PEPPERSTONE:EURUSD,1.17909,1.1791,1.17882,1.17888,417.0
2026-03-02 01:00:00,PEPPERSTONE:EURUSD,1.17889,1.17905,1.17885,1.17899,662.0
2026-03-02 01:05:00,PEPPERSTONE:EURUSD,1.17896,1.179,1.1787,1.17873,283.0
2026-03-02 01:10:00,PEPPERSTONE:EURUSD,1.17875,1.1788,1.17871,1.17878,261.0
2026-03-02 01:15:00,PEPPERSTONE:EURUSD,1.1788,1.17889,1.17852,1.17852,334.0
2026-03-02 01:20:00,PEPPERSTONE:EURUSD,1.17851,1.17868,1.17835,1.17854,648.0
2026-03-02 01:25:00,PEPPERSTONE:EURUSD,1.17855,1.17872,1.1785,1.17869,302.0
2026-03-02 01:30:00,PEPPERSTONE:EURUSD,1.1787,1.17877,1.17858,1.17869,326.0
2026-03-02 01:35:00,PEPPERSTONE:EURUSD,1.17868,1.17878,1.17841,1.17847,406.0
2026-03-02 01:40:00,PEPPERSTONE:EURUSD,1.17845,1.1786,1.17828,1.17835,416.0
2026-03-02 01:45:00,PEPPERSTONE:EURUSD,1.17837,1.1784,1.17817,1.17836,400.0
2026-03-02 01:50:00,PEPPERSTONE:EURUSD,1.17835,1.17846,1.17826,1.17844,281.0
2026-03-02 01:55:00,PEPPERSTONE:EURUSD,1.17842,1.17864,1.17833,1.17863,298.0
2026-03-02 02:00:00,PEPPERSTONE:EURUSD,1.17864,1.17864,1.17816,1.17816,526.0
2026-03-02 02:05:00,PEPPERSTONE:EURUSD,1.17815,1.17819,1.17784,1.1779,516.0
2026-03-02 02:10:00,PEPPERSTONE:EURUSD,1.1779,1.17794,1.17757,1.17758,643.0
2026-03-02 02:15:00,PEPPERSTONE:EURUSD,1.17757,1.17766,1.17747,1.17764,499.0
2026-03-02 02:20:00,PEPPERSTONE:EURUSD,1.17763,1.17767,1.17742,1.17766,500.0
2026-03-02 02:25:00,PEPPERSTONE:EURUSD,1.17765,1.17774,1.17747,1.17755,652.0
2026-03-02 02:30:00,PEPPERSTONE:EURUSD,1.17756,1.1779,1.17756,1.17788,457.0
2026-03-02 02:35:00,PEPPERSTONE:EURUSD,1.17789,1.17794,1.17767,1.17771,433.0
2026-03-02 02:40:00,PEPPERSTONE:EURUSD,1.1777,1.1777,1.17736,1.17738,663.0
2026-03-02 02:45:00,PEPPERSTONE:EURUSD,1.17739,1.17741,1.17705,1.17708,725.0
2026-03-02 02:50:00,PEPPERSTONE:EURUSD,1.17709,1.17736,1.17706,1.17714,578.0
2026-03-02 02:55:00,PEPPERSTONE:EURUSD,1.17715,1.17719,1.17661,1.17664,655.0
2026-03-02 03:00:00,PEPPERSTONE:EURUSD,1.17665,1.17667,1.17565,1.17582,949.0
2026-03-02 03:05:00,PEPPERSTONE:EURUSD,1.17582,1.17614,1.1758,1.17599,930.0
2026-03-02 03:10:00,PEPPERSTONE:EURUSD,1.17598,1.17599,1.17531,1.17534,925.0
2026-03-02 03:15:00,PEPPERSTONE:EURUSD,1.17535,1.17549,1.17504,1.17529,821.0
2026-03-02 03:20:00,PEPPERSTONE:EURUSD,1.17529,1.17535,1.1741,1.17411,916.0
2026-03-02 03:25:00,PEPPERSTONE:EURUSD,1.17412,1.17445,1.17366,1.17411,910.0
2026-03-02 03:30:00,PEPPERSTONE:EURUSD,1.17413,1.17429,1.17378,1.17388,777.0
2026-03-02 03:35:00,PEPPERSTONE:EURUSD,1.17387,1.17431,1.17367,1.17372,922.0
2026-03-02 03:40:00,PEPPERSTONE:EURUSD,1.17371,1.17372,1.17313,1.17326,1054.0
2026-03-02 03:45:00,PEPPERSTONE:EURUSD,1.17332,1.17391,1.17314,1.17391,840.0
2026-03-02 03:50:00,PEPPERSTONE:EURUSD,1.1739,1.1739,1.17313,1.17318,978.0
2026-03-02 03:55:00,PEPPERSTONE:EURUSD,1.17315,1.17336,1.17302,1.17324,789.0
2026-03-02 04:00:00,PEPPERSTONE:EURUSD,1.17322,1.17342,1.17249,1.17263,1185.0
2026-03-02 04:05:00,PEPPERSTONE:EURUSD,1.17263,1.17274,1.17225,1.17235,1199.0
2026-03-02 04:10:00,PEPPERSTONE:EURUSD,1.17239,1.17287,1.17227,1.17249,1074.0
2026-03-02 04:15:00,PEPPERSTONE:EURUSD,1.17247,1.17278,1.17175,1.17195,1156.0
2026-03-02 04:20:00,PEPPERSTONE:EURUSD,1.17194,1.17262,1.17159,1.17259,1011.0
2026-03-02 04:25:00,PEPPERSTONE:EURUSD,1.17261,1.17272,1.17219,1.17229,735.0
2026-03-02 04:30:00,PEPPERSTONE:EURUSD,1.1723,1.17276,1.17198,1.17202,897.0
2026-03-02 04:35:00,PEPPERSTONE:EURUSD,1.17203,1.17246,1.17123,1.17168,1066.0
2026-03-02 04:40:00,PEPPERSTONE:EURUSD,1.17169,1.17182,1.17123,1.17153,1003.0
2026-03-02 04:45:00,PEPPERSTONE:EURUSD,1.17155,1.17156,1.17078,1.17082,1054.0
2026-03-02 04:50:00,PEPPERSTONE:EURUSD,1.17078,1.17117,1.17035,1.17109,1095.0
2026-03-02 04:55:00,PEPPERSTONE:EURUSD,1.17109,1.1717,1.17099,1.17161,1014.0
2026-03-02 05:00:00,PEPPERSTONE:EURUSD,1.17165,1.17232,1.17154,1.17158,1230.0
2026-03-02 05:05:00,PEPPERSTONE:EURUSD,1.17161,1.17167,1.17105,1.17147,1265.0
2026-03-02 05:10:00,PEPPERSTONE:EURUSD,1.17146,1.17174,1.17114,1.17151,1051.0
2026-03-02 05:15:00,PEPPERSTONE:EURUSD,1.17152,1.17162,1.17092,1.17106,1131.0
2026-03-02 05:20:00,PEPPERSTONE:EURUSD,1.17105,1.17111,1.17035,1.17042,1022.0
2026-03-02 05:25:00,PEPPERSTONE:EURUSD,1.17041,1.17066,1.17017,1.17024,886.0
2026-03-02 05:30:00,PEPPERSTONE:EURUSD,1.17025,1.1704,1.16981,1.17036,976.0
2026-03-02 05:35:00,PEPPERSTONE:EURUSD,1.17037,1.17046,1.16984,1.17013,923.0
2026-03-02 05:40:00,PEPPERSTONE:EURUSD,1.17014,1.17137,1.16993,1.17113,1004.0
2026-03-02 05:45:00,PEPPERSTONE:EURUSD,1.17116,1.17191,1.17105,1.17173,1046.0
2026-03-02 05:50:00,PEPPERSTONE:EURUSD,1.17177,1.17239,1.17173,1.17235,904.0
2026-03-02 05:55:00,PEPPERSTONE:EURUSD,1.17236,1.17238,1.17212,1.17226,985.0
2026-03-02 06:00:00,PEPPERSTONE:EURUSD,1.17224,1.17315,1.17211,1.17308,1025.0
2026-03-02 06:05:00,PEPPERSTONE:EURUSD,1.17309,1.17375,1.17306,1.17344,1133.0
2026-03-02 06:10:00,PEPPERSTONE:EURUSD,1.17347,1.17399,1.17346,1.17399,1044.0
2026-03-02 06:15:00,PEPPERSTONE:EURUSD,1.17405,1.17437,1.17371,1.17414,941.0
2026-03-02 06:20:00,PEPPERSTONE:EURUSD,1.17415,1.17419,1.17364,1.17364,882.0
2026-03-02 06:25:00,PEPPERSTONE:EURUSD,1.17366,1.1739,1.17332,1.17372,779.0
2026-03-02 06:30:00,PEPPERSTONE:EURUSD,1.1737,1.17425,1.17365,1.17394,666.0
2026-03-02 06:35:00,PEPPERSTONE:EURUSD,1.17395,1.17413,1.17369,1.17372,818.0
2026-03-02 06:40:00,PEPPERSTONE:EURUSD,1.17373,1.17394,1.17339,1.1739,741.0
2026-03-02 06:45:00,PEPPERSTONE:EURUSD,1.17388,1.17397,1.1735,1.17388,827.0
2026-03-02 06:50:00,PEPPERSTONE:EURUSD,1.17389,1.17395,1.17313,1.17327,970.0
2026-03-02 06:55:00,PEPPERSTONE:EURUSD,1.17328,1.17355,1.17322,1.1733,624.0
2026-03-02 07:00:00,PEPPERSTONE:EURUSD,1.17329,1.17398,1.17329,1.17369,878.0
2026-03-02 07:05:00,PEPPERSTONE:EURUSD,1.17371,1.17373,1.17329,1.17356,692.0
2026-03-02 07:10:00,PEPPERSTONE:EURUSD,1.17357,1.17373,1.17329,1.17352,651.0
2026-03-02 07:15:00,PEPPERSTONE:EURUSD,1.17351,1.17439,1.17346,1.17433,624.0
2026-03-02 07:20:00,PEPPERSTONE:EURUSD,1.17434,1.17473,1.17426,1.17456,806.0
2026-03-02 07:25:00,PEPPERSTONE:EURUSD,1.17455,1.17468,1.17439,1.17457,683.0
2026-03-02 07:30:00,PEPPERSTONE:EURUSD,1.17455,1.17469,1.17436,1.17439,636.0
2026-03-02 07:35:00,PEPPERSTONE:EURUSD,1.17438,1.17455,1.174,1.17433,639.0
2026-03-02 07:40:00,PEPPERSTONE:EURUSD,1.17431,1.17459,1.17415,1.17454,615.0
2026-03-02 07:45:00,PEPPERSTONE:EURUSD,1.17455,1.17462,1.17393,1.17403,778.0
2026-03-02 07:50:00,PEPPERSTONE:EURUSD,1.17401,1.17401,1.17361,1.17374,657.0
2026-03-02 07:55:00,PEPPERSTONE:EURUSD,1.1738,1.17389,1.1735,1.17387,721.0
2026-03-02 08:00:00,PEPPERSTONE:EURUSD,1.17389,1.17398,1.17343,1.17354,719.0
2026-03-02 08:05:00,PEPPERSTONE:EURUSD,1.17357,1.17373,1.17321,1.17345,678.0
2026-03-02 08:10:00,PEPPERSTONE:EURUSD,1.17343,1.17344,1.17321,1.17339,594.0
2026-03-02 08:15:00,PEPPERSTONE:EURUSD,1.17341,1.17344,1.17287,1.17299,615.0
2026-03-02 08:20:00,PEPPERSTONE:EURUSD,1.173,1.17302,1.17273,1.173,565.0
2026-03-02 08:25:00,PEPPERSTONE:EURUSD,1.17299,1.17334,1.17272,1.17274,716.0
2026-03-02 08:30:00,PEPPERSTONE:EURUSD,1.17273,1.17304,1.17263,1.17303,650.0
2026-03-02 08:35:00,PEPPERSTONE:EURUSD,1.17302,1.17345,1.17298,1.17337,706.0
2026-03-02 08:40:00,PEPPERSTONE:EURUSD,1.17338,1.17344,1.17317,1.17339,508.0
2026-03-02 08:45:00,PEPPERSTONE:EURUSD,1.17338,1.17412,1.17326,1.17403,695.0
2026-03-02 08:50:00,PEPPERSTONE:EURUSD,1.17402,1.17406,1.17355,1.17355,648.0
2026-03-02 08:55:00,PEPPERSTONE:EURUSD,1.17356,1.17365,1.1732,1.17332,744.0
2026-03-02 09:00:00,PEPPERSTONE:EURUSD,1.17334,1.17339,1.17301,1.17329,891.0
2026-03-02 09:05:00,PEPPERSTONE:EURUSD,1.17328,1.17334,1.17266,1.1727,803.0
2026-03-02 09:10:00,PEPPERSTONE:EURUSD,1.17269,1.17284,1.17248,1.17254,841.0
2026-03-02 09:15:00,PEPPERSTONE:EURUSD,1.17252,1.17265,1.17191,1.17195,998.0
2026-03-02 09:20:00,PEPPERSTONE:EURUSD,1.17192,1.17225,1.17177,1.17207,981.0
2026-03-02 09:25:00,PEPPERSTONE:EURUSD,1.17208,1.17237,1.17192,1.17197,665.0
2026-03-02 09:30:00,PEPPERSTONE:EURUSD,1.17196,1.17204,1.17177,1.17197,752.0
2026-03-02 09:35:00,PEPPERSTONE:EURUSD,1.17201,1.17216,1.17163,1.17198,812.0
2026-03-02 09:40:00,PEPPERSTONE:EURUSD,1.172,1.17209,1.1713,1.17139,811.0
2026-03-02 09:45:00,PEPPERSTONE:EURUSD,1.17138,1.17147,1.17049,1.17086,980.0
2026-03-02 09:50:00,PEPPERSTONE:EURUSD,1.17085,1.17091,1.1706,1.17063,858.0
2026-03-02 09:55:00,PEPPERSTONE:EURUSD,1.17058,1.17058,1.17021,1.17039,979.0
2026-03-02 10:00:00,PEPPERSTONE:EURUSD,1.17041,1.17101,1.17033,1.17035,1124.0
2026-03-02 10:05:00,PEPPERSTONE:EURUSD,1.17039,1.17042,1.16968,1.16976,1063.0
2026-03-02 10:10:00,PEPPERSTONE:EURUSD,1.16978,1.17067,1.16971,1.17057,1110.0
2026-03-02 10:15:00,PEPPERSTONE:EURUSD,1.17058,1.17121,1.17053,1.17112,1000.0
2026-03-02 10:20:00,PEPPERSTONE:EURUSD,1.1711,1.17135,1.17085,1.17125,1152.0
2026-03-02 10:25:00,PEPPERSTONE:EURUSD,1.17118,1.17185,1.17117,1.17158,1108.0
2026-03-02 10:30:00,PEPPERSTONE:EURUSD,1.17157,1.17161,1.17086,1.17092,1005.0
2026-03-02 10:35:00,PEPPERSTONE:EURUSD,1.17094,1.17104,1.17019,1.1704,957.0
2026-03-02 10:40:00,PEPPERSTONE:EURUSD,1.17041,1.17066,1.17006,1.17025,920.0
2026-03-02 10:45:00,PEPPERSTONE:EURUSD,1.17024,1.17089,1.17019,1.17042,1002.0
2026-03-02 10:50:00,PEPPERSTONE:EURUSD,1.17044,1.17048,1.16993,1.16999,909.0
2026-03-02 10:55:00,PEPPERSTONE:EURUSD,1.17,1.17008,1.16953,1.16984,929.0
2026-03-02 11:00:00,PEPPERSTONE:EURUSD,1.16984,1.16997,1.16951,1.16972,1078.0
2026-03-02 11:05:00,PEPPERSTONE:EURUSD,1.16971,1.17114,1.16971,1.17085,1222.0
2026-03-02 11:10:00,PEPPERSTONE:EURUSD,1.17079,1.1708,1.17029,1.17033,1119.0
2026-03-02 11:15:00,PEPPERSTONE:EURUSD,1.17034,1.17076,1.16985,1.17072,957.0
2026-03-02 11:20:00,PEPPERSTONE:EURUSD,1.17071,1.171,1.17022,1.17049,931.0
2026-03-02 11:25:00,PEPPERSTONE:EURUSD,1.17046,1.17071,1.1703,1.17047,1053.0
2026-03-02 11:30:00,PEPPERSTONE:EURUSD,1.17045,1.17157,1.17022,1.17153,1326.0
2026-03-02 11:35:00,PEPPERSTONE:EURUSD,1.17153,1.17194,1.17141,1.17148,1325.0
2026-03-02 11:40:00,PEPPERSTONE:EURUSD,1.17149,1.17196,1.17141,1.17174,1155.0
2026-03-02 11:45:00,PEPPERSTONE:EURUSD,1.17174,1.17196,1.17152,1.17188,1238.0
2026-03-02 11:50:00,PEPPERSTONE:EURUSD,1.17187,1.17238,1.17169,1.17198,1349.0
2026-03-02 11:55:00,PEPPERSTONE:EURUSD,1.17198,1.17221,1.1714,1.17175,1192.0
2026-03-02 12:00:00,PEPPERSTONE:EURUSD,1.17126,1.17161,1.17102,1.17161,1463.0
2026-03-02 12:05:00,PEPPERSTONE:EURUSD,1.17162,1.17163,1.17083,1.17094,1341.0
2026-03-02 12:10:00,PEPPERSTONE:EURUSD,1.17095,1.17119,1.17062,1.17064,1244.0
2026-03-02 12:15:00,PEPPERSTONE:EURUSD,1.17062,1.17071,1.17031,1.17041,1217.0
2026-03-02 12:20:00,PEPPERSTONE:EURUSD,1.17041,1.17057,1.1701,1.17039,1209.0
2026-03-02 12:25:00,PEPPERSTONE:EURUSD,1.17038,1.17063,1.17019,1.17021,1016.0
2026-03-02 12:30:00,PEPPERSTONE:EURUSD,1.17021,1.17055,1.17016,1.17042,1007.0
2026-03-02 12:35:00,PEPPERSTONE:EURUSD,1.1704,1.17042,1.16924,1.1693,1159.0
2026-03-02 12:40:00,PEPPERSTONE:EURUSD,1.16931,1.16987,1.16927,1.16963,1042.0
2026-03-02 12:45:00,PEPPERSTONE:EURUSD,1.1696,1.16962,1.16881,1.16932,1043.0
2026-03-02 12:50:00,PEPPERSTONE:EURUSD,1.16931,1.16933,1.16858,1.16881,1111.0
2026-03-02 12:55:00,PEPPERSTONE:EURUSD,1.16875,1.16887,1.16797,1.16803,1384.0
2026-03-02 13:00:00,PEPPERSTONE:EURUSD,1.16802,1.16811,1.16764,1.16791,1195.0
2026-03-02 13:05:00,PEPPERSTONE:EURUSD,1.16792,1.168,1.16753,1.16762,999.0
2026-03-02 13:10:00,PEPPERSTONE:EURUSD,1.16763,1.16799,1.16754,1.16788,852.0
2026-03-02 13:15:00,PEPPERSTONE:EURUSD,1.16787,1.16797,1.16726,1.16733,1005.0
2026-03-02 13:20:00,PEPPERSTONE:EURUSD,1.16732,1.16793,1.16717,1.16791,1019.0
2026-03-02 13:25:00,PEPPERSTONE:EURUSD,1.16793,1.16833,1.16793,1.16819,918.0
2026-03-02 13:30:00,PEPPERSTONE:EURUSD,1.16822,1.16833,1.16746,1.16801,1071.0
2026-03-02 13:35:00,PEPPERSTONE:EURUSD,1.16802,1.16834,1.16773,1.16793,1199.0
2026-03-02 13:40:00,PEPPERSTONE:EURUSD,1.16794,1.16874,1.16793,1.16853,937.0
2026-03-02 13:45:00,PEPPERSTONE:EURUSD,1.16857,1.16879,1.16846,1.16869,913.0
2026-03-02 13:50:00,PEPPERSTONE:EURUSD,1.16868,1.16908,1.16868,1.16878,829.0
2026-03-02 13:55:00,PEPPERSTONE:EURUSD,1.16879,1.16942,1.16871,1.16895,915.0
2026-03-02 14:00:00,PEPPERSTONE:EURUSD,1.16894,1.16916,1.16869,1.16914,830.0
2026-03-02 14:05:00,PEPPERSTONE:EURUSD,1.16913,1.16959,1.1691,1.16951,820.0
2026-03-02 14:10:00,PEPPERSTONE:EURUSD,1.16949,1.16992,1.1694,1.16982,817.0
2026-03-02 14:15:00,PEPPERSTONE:EURUSD,1.16983,1.17002,1.1696,1.16981,728.0
2026-03-02 14:20:00,PEPPERSTONE:EURUSD,1.16982,1.17044,1.16981,1.17023,989.0
2026-03-02 14:25:00,PEPPERSTONE:EURUSD,1.17021,1.17026,1.16967,1.16992,1023.0
2026-03-02 14:30:00,PEPPERSTONE:EURUSD,1.16988,1.16998,1.16956,1.16965,858.0
2026-03-02 14:35:00,PEPPERSTONE:EURUSD,1.16962,1.16978,1.16943,1.16958,953.0
2026-03-02 14:40:00,PEPPERSTONE:EURUSD,1.1696,1.17,1.16959,1.16984,940.0
2026-03-02 14:45:00,PEPPERSTONE:EURUSD,1.16983,1.16984,1.16946,1.16973,687.0
2026-03-02 14:50:00,PEPPERSTONE:EURUSD,1.16972,1.17048,1.16972,1.17043,671.0
2026-03-02 14:55:00,PEPPERSTONE:EURUSD,1.17044,1.17078,1.17031,1.17071,689.0
2026-03-02 15:00:00,PEPPERSTONE:EURUSD,1.1707,1.17074,1.16986,1.16994,826.0
2026-03-02 15:05:00,PEPPERSTONE:EURUSD,1.16993,1.17003,1.16972,1.16995,568.0
2026-03-02 15:10:00,PEPPERSTONE:EURUSD,1.16996,1.17033,1.1698,1.1702,639.0
2026-03-02 15:15:00,PEPPERSTONE:EURUSD,1.17021,1.17031,1.16957,1.16975,635.0
2026-03-02 15:20:00,PEPPERSTONE:EURUSD,1.16977,1.16977,1.16936,1.1694,582.0
2026-03-02 15:25:00,PEPPERSTONE:EURUSD,1.16937,1.16949,1.16921,1.16933,524.0
2026-03-02 15:30:00,PEPPERSTONE:EURUSD,1.16934,1.16958,1.16917,1.16919,615.0
2026-03-02 15:35:00,PEPPERSTONE:EURUSD,1.16916,1.16924,1.16873,1.1688,656.0
2026-03-02 15:40:00,PEPPERSTONE:EURUSD,1.16881,1.16887,1.16868,1.16875,468.0
2026-03-02 15:45:00,PEPPERSTONE:EURUSD,1.16874,1.1694,1.16873,1.16939,462.0
2026-03-02 15:50:00,PEPPERSTONE:EURUSD,1.16937,1.16946,1.16916,1.16946,479.0
2026-03-02 15:55:00,PEPPERSTONE:EURUSD,1.16944,1.1696,1.16932,1.16946,582.0
2026-03-02 16:00:00,PEPPERSTONE:EURUSD,1.16944,1.16986,1.16941,1.16978,722.0
2026-03-02 16:05:00,PEPPERSTONE:EURUSD,1.16975,1.17009,1.16966,1.17008,604.0
2026-03-02 16:10:00,PEPPERSTONE:EURUSD,1.17013,1.17027,1.17006,1.17022,644.0
2026-03-02 16:15:00,PEPPERSTONE:EURUSD,1.1702,1.17032,1.17012,1.17027,612.0
2026-03-02 16:20:00,PEPPERSTONE:EURUSD,1.17028,1.17049,1.17023,1.17045,559.0
2026-03-02 16:25:00,PEPPERSTONE:EURUSD,1.17047,1.17087,1.17044,1.17084,645.0
2026-03-02 16:30:00,PEPPERSTONE:EURUSD,1.17084,1.17113,1.17065,1.1711,585.0
2026-03-02 16:35:00,PEPPERSTONE:EURUSD,1.17111,1.17126,1.17093,1.17097,464.0
2026-03-02 16:40:00,PEPPERSTONE:EURUSD,1.17098,1.17127,1.17085,1.17109,616.0
2026-03-02 16:45:00,PEPPERSTONE:EURUSD,1.17108,1.17132,1.17095,1.17124,543.0
2026-03-02 16:50:00,PEPPERSTONE:EURUSD,1.17125,1.17134,1.17101,1.17122,464.0
2026-03-02 16:55:00,PEPPERSTONE:EURUSD,1.17118,1.17134,1.17109,1.17112,462.0
2026-03-02 17:00:00,PEPPERSTONE:EURUSD,1.17113,1.17131,1.17074,1.1708,607.0
2026-03-02 17:05:00,PEPPERSTONE:EURUSD,1.17079,1.17083,1.16883,1.16909,1159.0
2026-03-02 17:10:00,PEPPERSTONE:EURUSD,1.16903,1.16917,1.16798,1.16803,1428.0
2026-03-02 17:15:00,PEPPERSTONE:EURUSD,1.16802,1.16898,1.16786,1.16863,1410.0
2026-03-02 17:20:00,PEPPERSTONE:EURUSD,1.16867,1.16883,1.16807,1.16855,1176.0
2026-03-02 17:25:00,PEPPERSTONE:EURUSD,1.16852,1.1687,1.16805,1.16814,980.0
2026-03-02 17:30:00,PEPPERSTONE:EURUSD,1.16813,1.16856,1.1679,1.16836,945.0
2026-03-02 17:35:00,PEPPERSTONE:EURUSD,1.16837,1.16912,1.16828,1.16905,1053.0
2026-03-02 17:40:00,PEPPERSTONE:EURUSD,1.16905,1.16922,1.16894,1.16919,643.0
2026-03-02 17:45:00,PEPPERSTONE:EURUSD,1.16917,1.16928,1.1686,1.16872,756.0
2026-03-02 17:50:00,PEPPERSTONE:EURUSD,1.16876,1.16913,1.16866,1.16909,755.0
2026-03-02 17:55:00,PEPPERSTONE:EURUSD,1.169,1.16927,1.16893,1.16901,812.0
2026-03-02 18:00:00,PEPPERSTONE:EURUSD,1.16903,1.16926,1.1689,1.16916,473.0
2026-03-02 18:05:00,PEPPERSTONE:EURUSD,1.16916,1.16946,1.16916,1.1692,355.0
2026-03-02 18:10:00,PEPPERSTONE:EURUSD,1.16917,1.16926,1.16904,1.16922,261.0
2026-03-02 18:15:00,PEPPERSTONE:EURUSD,1.16922,1.1694,1.16922,1.16924,308.0
2026-03-02 18:20:00,PEPPERSTONE:EURUSD,1.16923,1.1695,1.16914,1.16948,409.0
2026-03-02 18:25:00,PEPPERSTONE:EURUSD,1.16947,1.16954,1.16936,1.1694,271.0
2026-03-02 18:30:00,PEPPERSTONE:EURUSD,1.16939,1.16939,1.16906,1.16908,400.0
2026-03-02 18:35:00,PEPPERSTONE:EURUSD,1.16908,1.16929,1.16908,1.16914,254.0
2026-03-02 18:40:00,PEPPERSTONE:EURUSD,1.16914,1.16923,1.16907,1.16923,201.0
2026-03-02 18:45:00,PEPPERSTONE:EURUSD,1.16923,1.16925,1.16897,1.16906,289.0
2026-03-02 18:50:00,PEPPERSTONE:EURUSD,1.16905,1.16912,1.16902,1.16907,236.0
2026-03-02 18:55:00,PEPPERSTONE:EURUSD,1.16906,1.16908,1.16898,1.16902,192.0
2026-03-02 19:00:00,PEPPERSTONE:EURUSD,1.1684,1.1686,1.16817,1.16859,149.0
2026-03-02 19:05:00,PEPPERSTONE:EURUSD,1.16856,1.16859,1.16852,1.16857,83.0
2026-03-02 19:10:00,PEPPERSTONE:EURUSD,1.16861,1.16863,1.16839,1.1686,150.0
2026-03-02 19:15:00,PEPPERSTONE:EURUSD,1.16864,1.16869,1.16852,1.16869,94.0
2026-03-02 19:20:00,PEPPERSTONE:EURUSD,1.1687,1.16885,1.1687,1.16874,101.0
2026-03-02 19:25:00,PEPPERSTONE:EURUSD,1.16875,1.16883,1.16859,1.16874,170.0
2026-03-02 19:30:00,PEPPERSTONE:EURUSD,1.16872,1.16883,1.16849,1.16865,265.0
2026-03-02 19:35:00,PEPPERSTONE:EURUSD,1.16866,1.16895,1.16855,1.16894,144.0
2026-03-02 19:40:00,PEPPERSTONE:EURUSD,1.16893,1.16908,1.16877,1.16878,114.0
2026-03-02 19:45:00,PEPPERSTONE:EURUSD,1.16877,1.16882,1.16859,1.16862,157.0
2026-03-02 19:50:00,PEPPERSTONE:EURUSD,1.16861,1.16868,1.16857,1.1686,92.0
2026-03-02 19:55:00,PEPPERSTONE:EURUSD,1.16859,1.16864,1.16852,1.16858,90.0
2026-03-02 20:00:00,PEPPERSTONE:EURUSD,1.16865,1.16919,1.16865,1.16909,594.0
2026-03-02 20:05:00,PEPPERSTONE:EURUSD,1.16911,1.16938,1.16909,1.16936,396.0
2026-03-02 20:10:00,PEPPERSTONE:EURUSD,1.16934,1.16953,1.1693,1.16948,361.0
2026-03-02 20:15:00,PEPPERSTONE:EURUSD,1.16946,1.16971,1.16946,1.1697,318.0
2026-03-02 20:20:00,PEPPERSTONE:EURUSD,1.16968,1.16978,1.16966,1.16978,346.0
2026-03-02 20:25:00,PEPPERSTONE:EURUSD,1.16977,1.16981,1.16967,1.16968,236.0
2026-03-02 20:30:00,PEPPERSTONE:EURUSD,1.16969,1.16974,1.16958,1.16969,513.0
2026-03-02 20:35:00,PEPPERSTONE:EURUSD,1.1697,1.16979,1.1696,1.1696,313.0
2026-03-02 20:40:00,PEPPERSTONE:EURUSD,1.1696,1.16974,1.16959,1.16968,247.0
2026-03-02 20:45:00,PEPPERSTONE:EURUSD,1.16968,1.16974,1.16958,1.16973,268.0
2026-03-02 20:50:00,PEPPERSTONE:EURUSD,1.16974,1.16983,1.16962,1.16968,368.0
2026-03-02 20:55:00,PEPPERSTONE:EURUSD,1.16967,1.16967,1.16944,1.16947,356.0
2026-03-02 21:00:00,PEPPERSTONE:EURUSD,1.16948,1.16949,1.16892,1.16906,756.0
2026-03-02 21:05:00,PEPPERSTONE:EURUSD,1.16907,1.16915,1.16889,1.16915,439.0
2026-03-02 21:10:00,PEPPERSTONE:EURUSD,1.16913,1.16936,1.16898,1.16901,481.0
2026-03-02 21:15:00,PEPPERSTONE:EURUSD,1.16902,1.16906,1.16881,1.16905,560.0
2026-03-02 21:20:00,PEPPERSTONE:EURUSD,1.16905,1.16928,1.16901,1.16924,387.0
2026-03-02 21:25:00,PEPPERSTONE:EURUSD,1.16925,1.16925,1.16905,1.16915,462.0
2026-03-02 21:30:00,PEPPERSTONE:EURUSD,1.16916,1.16919,1.16902,1.16904,318.0
2026-03-02 21:35:00,PEPPERSTONE:EURUSD,1.16905,1.16905,1.16864,1.16867,463.0
2026-03-02 21:40:00,PEPPERSTONE:EURUSD,1.16868,1.16905,1.16868,1.16905,489.0
2026-03-02 21:45:00,PEPPERSTONE:EURUSD,1.16905,1.16945,1.16905,1.16941,339.0
2026-03-02 21:50:00,PEPPERSTONE:EURUSD,1.16943,1.16946,1.16921,1.16925,622.0
2026-03-02 21:55:00,PEPPERSTONE:EURUSD,1.16926,1.16958,1.16911,1.16953,701.0
2026-03-02 22:00:00,PEPPERSTONE:EURUSD,1.16954,1.16969,1.16923,1.16969,857.0
2026-03-02 22:05:00,PEPPERSTONE:EURUSD,1.16968,1.16975,1.16945,1.16964,685.0
2026-03-02 22:10:00,PEPPERSTONE:EURUSD,1.16962,1.16971,1.16952,1.1697,670.0
2026-03-02 22:15:00,PEPPERSTONE:EURUSD,1.16971,1.17001,1.16958,1.16997,812.0
2026-03-02 22:20:00,PEPPERSTONE:EURUSD,1.16996,1.17067,1.16993,1.17059,866.0
2026-03-02 22:25:00,PEPPERSTONE:EURUSD,1.17061,1.17069,1.17026,1.17027,728.0
2026-03-02 22:30:00,PEPPERSTONE:EURUSD,1.17028,1.17057,1.17014,1.17044,757.0
2026-03-02 22:35:00,PEPPERSTONE:EURUSD,1.17045,1.17066,1.17037,1.17047,880.0
2026-03-02 22:40:00,PEPPERSTONE:EURUSD,1.17046,1.17047,1.17002,1.17003,643.0
2026-03-02 22:45:00,PEPPERSTONE:EURUSD,1.17002,1.17029,1.16996,1.17001,641.0
2026-03-02 22:50:00,PEPPERSTONE:EURUSD,1.17,1.17017,1.16991,1.16994,714.0
2026-03-02 22:55:00,PEPPERSTONE:EURUSD,1.16993,1.16995,1.16966,1.16969,759.0
2026-03-02 23:00:00,PEPPERSTONE:EURUSD,1.16966,1.16966,1.16904,1.16958,1113.0
2026-03-02 23:05:00,PEPPERSTONE:EURUSD,1.16958,1.1696,1.16929,1.16936,765.0
2026-03-02 23:10:00,PEPPERSTONE:EURUSD,1.16932,1.16943,1.16899,1.16916,839.0
2026-03-02 23:15:00,PEPPERSTONE:EURUSD,1.16915,1.16925,1.16869,1.1688,733.0
2026-03-02 23:20:00,PEPPERSTONE:EURUSD,1.16881,1.1691,1.16861,1.1691,710.0
2026-03-02 23:25:00,PEPPERSTONE:EURUSD,1.16911,1.16955,1.16905,1.16943,624.0
2026-03-02 23:30:00,PEPPERSTONE:EURUSD,1.1694,1.16978,1.16923,1.16971,694.0
2026-03-02 23:35:00,PEPPERSTONE:EURUSD,1.1697,1.16986,1.16954,1.16972,575.0
2026-03-02 23:40:00,PEPPERSTONE:EURUSD,1.1697,1.16991,1.16951,1.16951,734.0
2026-03-02 23:45:00,PEPPERSTONE:EURUSD,1.16952,1.16969,1.16941,1.16954,984.0
2026-03-02 23:50:00,PEPPERSTONE:EURUSD,1.16951,1.16964,1.1694,1.1696,741.0
2026-03-02 23:55:00,PEPPERSTONE:EURUSD,1.16961,1.16968,1.16936,1.16944,631.0
2026-03-03 00:00:00,PEPPERSTONE:EURUSD,1.16947,1.16977,1.16945,1.16959,661.0
2026-03-03 00:05:00,PEPPERSTONE:EURUSD,1.1696,1.16961,1.16926,1.16929,467.0
2026-03-03 00:10:00,PEPPERSTONE:EURUSD,1.16928,1.16939,1.169,1.16908,523.0
2026-03-03 00:15:00,PEPPERSTONE:EURUSD,1.16909,1.16932,1.16906,1.16918,465.0
2026-03-03 00:20:00,PEPPERSTONE:EURUSD,1.16918,1.16919,1.16881,1.16888,538.0
2026-03-03 00:25:00,PEPPERSTONE:EURUSD,1.16889,1.16891,1.16867,1.1687,574.0
2026-03-03 00:30:00,PEPPERSTONE:EURUSD,1.16871,1.16906,1.16862,1.16901,640.0
2026-03-03 00:35:00,PEPPERSTONE:EURUSD,1.16903,1.1693,1.16898,1.16927,497.0
2026-03-03 00:40:00,PEPPERSTONE:EURUSD,1.16926,1.1694,1.16919,1.16933,613.0
2026-03-03 00:45:00,PEPPERSTONE:EURUSD,1.16934,1.16941,1.16911,1.16913,623.0
2026-03-03 00:50:00,PEPPERSTONE:EURUSD,1.16914,1.16915,1.16895,1.16909,457.0
2026-03-03 00:55:00,PEPPERSTONE:EURUSD,1.16908,1.16923,1.16901,1.16904,546.0
2026-03-03 01:00:00,PEPPERSTONE:EURUSD,1.16909,1.16924,1.16902,1.16923,362.0
2026-03-03 01:05:00,PEPPERSTONE:EURUSD,1.16915,1.16935,1.16912,1.1692,462.0
2026-03-03 01:10:00,PEPPERSTONE:EURUSD,1.16921,1.16923,1.16882,1.16891,541.0
2026-03-03 01:15:00,PEPPERSTONE:EURUSD,1.16892,1.16906,1.16877,1.16903,410.0
2026-03-03 01:20:00,PEPPERSTONE:EURUSD,1.16906,1.16933,1.16905,1.16916,436.0
2026-03-03 01:25:00,PEPPERSTONE:EURUSD,1.16917,1.16927,1.16901,1.16904,440.0
2026-03-03 01:30:00,PEPPERSTONE:EURUSD,1.16904,1.16915,1.1689,1.16891,449.0
2026-03-03 01:35:00,PEPPERSTONE:EURUSD,1.16892,1.169,1.16867,1.16872,464.0
2026-03-03 01:40:00,PEPPERSTONE:EURUSD,1.16871,1.16881,1.16861,1.16863,506.0
2026-03-03 01:45:00,PEPPERSTONE:EURUSD,1.16864,1.1687,1.16817,1.16818,712.0
2026-03-03 01:50:00,PEPPERSTONE:EURUSD,1.1682,1.16824,1.16802,1.16817,578.0
2026-03-03 01:55:00,PEPPERSTONE:EURUSD,1.16819,1.1683,1.16794,1.16811,628.0
2026-03-03 02:00:00,PEPPERSTONE:EURUSD,1.16812,1.16851,1.16796,1.16817,678.0
2026-03-03 02:05:00,PEPPERSTONE:EURUSD,1.16818,1.16849,1.16803,1.16843,550.0
2026-03-03 02:10:00,PEPPERSTONE:EURUSD,1.16844,1.16849,1.1679,1.16794,656.0
2026-03-03 02:15:00,PEPPERSTONE:EURUSD,1.16798,1.16806,1.16757,1.16799,796.0
2026-03-03 02:20:00,PEPPERSTONE:EURUSD,1.16797,1.16822,1.16797,1.16806,542.0
2026-03-03 02:25:00,PEPPERSTONE:EURUSD,1.16809,1.16818,1.1678,1.16803,625.0
2026-03-03 02:30:00,PEPPERSTONE:EURUSD,1.16805,1.16817,1.16745,1.1675,723.0
2026-03-03 02:35:00,PEPPERSTONE:EURUSD,1.16749,1.16753,1.16702,1.16706,889.0
2026-03-03 02:40:00,PEPPERSTONE:EURUSD,1.16705,1.16706,1.16669,1.16694,879.0
2026-03-03 02:45:00,PEPPERSTONE:EURUSD,1.16695,1.16704,1.16652,1.16676,839.0
2026-03-03 02:50:00,PEPPERSTONE:EURUSD,1.16675,1.16702,1.16657,1.16667,881.0
2026-03-03 02:55:00,PEPPERSTONE:EURUSD,1.16666,1.16688,1.16649,1.16667,862.0
2026-03-03 03:00:00,PEPPERSTONE:EURUSD,1.16673,1.16678,1.16627,1.16635,768.0
2026-03-03 03:05:00,PEPPERSTONE:EURUSD,1.16633,1.16673,1.16622,1.16673,909.0
2026-03-03 03:10:00,PEPPERSTONE:EURUSD,1.16675,1.16675,1.16636,1.16651,828.0
2026-03-03 03:15:00,PEPPERSTONE:EURUSD,1.16653,1.16669,1.16646,1.16653,703.0
2026-03-03 03:20:00,PEPPERSTONE:EURUSD,1.16655,1.16684,1.16651,1.16676,702.0
2026-03-03 03:25:00,PEPPERSTONE:EURUSD,1.16676,1.16707,1.16659,1.16686,752.0
2026-03-03 03:30:00,PEPPERSTONE:EURUSD,1.16685,1.16694,1.1664,1.16644,744.0
2026-03-03 03:35:00,PEPPERSTONE:EURUSD,1.16643,1.16662,1.16621,1.16662,909.0
2026-03-03 03:40:00,PEPPERSTONE:EURUSD,1.16661,1.16681,1.16654,1.16659,540.0
2026-03-03 03:45:00,PEPPERSTONE:EURUSD,1.1666,1.16667,1.16641,1.16658,713.0
2026-03-03 03:50:00,PEPPERSTONE:EURUSD,1.16657,1.16706,1.16657,1.16699,656.0
2026-03-03 03:55:00,PEPPERSTONE:EURUSD,1.167,1.16718,1.16688,1.16693,661.0
2026-03-03 04:00:00,PEPPERSTONE:EURUSD,1.16692,1.16692,1.16612,1.1665,885.0
2026-03-03 04:05:00,PEPPERSTONE:EURUSD,1.16648,1.16663,1.16591,1.16603,971.0
2026-03-03 04:10:00,PEPPERSTONE:EURUSD,1.16601,1.16635,1.16582,1.16624,831.0
2026-03-03 04:15:00,PEPPERSTONE:EURUSD,1.16626,1.16681,1.16615,1.16673,749.0
2026-03-03 04:20:00,PEPPERSTONE:EURUSD,1.16674,1.16685,1.16617,1.16624,656.0
2026-03-03 04:25:00,PEPPERSTONE:EURUSD,1.16622,1.16632,1.16552,1.16574,906.0
2026-03-03 04:30:00,PEPPERSTONE:EURUSD,1.16575,1.16575,1.1653,1.16537,1045.0
2026-03-03 04:35:00,PEPPERSTONE:EURUSD,1.16536,1.16549,1.16508,1.16518,889.0
2026-03-03 04:40:00,PEPPERSTONE:EURUSD,1.16519,1.1653,1.16454,1.16528,1054.0
2026-03-03 04:45:00,PEPPERSTONE:EURUSD,1.16533,1.16575,1.16487,1.16488,874.0
2026-03-03 04:50:00,PEPPERSTONE:EURUSD,1.1649,1.16507,1.1645,1.16496,1011.0
2026-03-03 04:55:00,PEPPERSTONE:EURUSD,1.16498,1.16513,1.16428,1.16438,1108.0
2026-03-03 05:00:00,PEPPERSTONE:EURUSD,1.16442,1.16459,1.16409,1.1641,1123.0
2026-03-03 05:05:00,PEPPERSTONE:EURUSD,1.16412,1.16463,1.16378,1.16443,1192.0
2026-03-03 05:10:00,PEPPERSTONE:EURUSD,1.16449,1.16451,1.16319,1.1633,1188.0
2026-03-03 05:15:00,PEPPERSTONE:EURUSD,1.16338,1.16366,1.16299,1.16346,1163.0
2026-03-03 05:20:00,PEPPERSTONE:EURUSD,1.16348,1.16374,1.16308,1.16308,1141.0
2026-03-03 05:25:00,PEPPERSTONE:EURUSD,1.1631,1.16349,1.16293,1.16295,1148.0
2026-03-03 05:30:00,PEPPERSTONE:EURUSD,1.16291,1.16383,1.16291,1.16305,1185.0
2026-03-03 05:35:00,PEPPERSTONE:EURUSD,1.16306,1.16332,1.16259,1.16271,1069.0
2026-03-03 05:40:00,PEPPERSTONE:EURUSD,1.16272,1.16289,1.16213,1.16236,1154.0
2026-03-03 05:45:00,PEPPERSTONE:EURUSD,1.16238,1.16279,1.16184,1.16186,1049.0
2026-03-03 05:50:00,PEPPERSTONE:EURUSD,1.16184,1.16253,1.16178,1.16241,1133.0
2026-03-03 05:55:00,PEPPERSTONE:EURUSD,1.1624,1.16245,1.16206,1.1623,1062.0
2026-03-03 06:00:00,PEPPERSTONE:EURUSD,1.16231,1.1629,1.16225,1.16249,1087.0
2026-03-03 06:05:00,PEPPERSTONE:EURUSD,1.16244,1.16286,1.16201,1.1628,1166.0
2026-03-03 06:10:00,PEPPERSTONE:EURUSD,1.16277,1.16291,1.16232,1.16284,1168.0
2026-03-03 06:15:00,PEPPERSTONE:EURUSD,1.16285,1.16286,1.16211,1.1624,996.0
2026-03-03 06:20:00,PEPPERSTONE:EURUSD,1.16236,1.16251,1.16119,1.16177,1229.0
2026-03-03 06:25:00,PEPPERSTONE:EURUSD,1.16179,1.16185,1.16129,1.16159,1131.0
2026-03-03 06:30:00,PEPPERSTONE:EURUSD,1.1616,1.16171,1.16101,1.16102,1079.0
2026-03-03 06:35:00,PEPPERSTONE:EURUSD,1.16105,1.16145,1.16067,1.16136,1039.0
2026-03-03 06:40:00,PEPPERSTONE:EURUSD,1.16138,1.16149,1.16059,1.16062,1030.0
2026-03-03 06:45:00,PEPPERSTONE:EURUSD,1.16064,1.16074,1.16002,1.16009,1088.0
2026-03-03 06:50:00,PEPPERSTONE:EURUSD,1.1601,1.16036,1.15986,1.16032,1117.0
2026-03-03 06:55:00,PEPPERSTONE:EURUSD,1.16035,1.16085,1.16012,1.16056,1083.0
2026-03-03 07:00:00,PEPPERSTONE:EURUSD,1.16058,1.16128,1.1604,1.16119,1032.0
2026-03-03 07:05:00,PEPPERSTONE:EURUSD,1.16117,1.16125,1.16028,1.1603,926.0
2026-03-03 07:10:00,PEPPERSTONE:EURUSD,1.16032,1.16042,1.16,1.16019,901.0
2026-03-03 07:15:00,PEPPERSTONE:EURUSD,1.16018,1.16042,1.15995,1.16009,1169.0
2026-03-03 07:20:00,PEPPERSTONE:EURUSD,1.1601,1.16091,1.1601,1.16048,827.0
2026-03-03 07:25:00,PEPPERSTONE:EURUSD,1.16053,1.16064,1.16014,1.16024,952.0
2026-03-03 07:30:00,PEPPERSTONE:EURUSD,1.16025,1.16046,1.16008,1.16028,868.0
2026-03-03 07:35:00,PEPPERSTONE:EURUSD,1.16027,1.16034,1.15893,1.1593,1126.0
2026-03-03 07:40:00,PEPPERSTONE:EURUSD,1.15929,1.16,1.15929,1.1599,1096.0
2026-03-03 07:45:00,PEPPERSTONE:EURUSD,1.15989,1.16048,1.15965,1.16044,956.0
2026-03-03 07:50:00,PEPPERSTONE:EURUSD,1.16043,1.16043,1.15988,1.1602,1066.0
2026-03-03 07:55:00,PEPPERSTONE:EURUSD,1.16018,1.16018,1.1591,1.15921,1049.0
2026-03-03 08:00:00,PEPPERSTONE:EURUSD,1.1592,1.15956,1.15891,1.15944,1166.0
2026-03-03 08:05:00,PEPPERSTONE:EURUSD,1.15943,1.16002,1.15864,1.1588,1183.0
2026-03-03 08:10:00,PEPPERSTONE:EURUSD,1.15879,1.15885,1.15851,1.15869,1035.0
2026-03-03 08:15:00,PEPPERSTONE:EURUSD,1.15867,1.15883,1.15823,1.15826,1116.0
2026-03-03 08:20:00,PEPPERSTONE:EURUSD,1.15825,1.15901,1.15822,1.15883,1062.0
2026-03-03 08:25:00,PEPPERSTONE:EURUSD,1.15889,1.15919,1.15828,1.15835,1330.0
2026-03-03 08:30:00,PEPPERSTONE:EURUSD,1.15836,1.15868,1.1583,1.15833,1243.0
2026-03-03 08:35:00,PEPPERSTONE:EURUSD,1.15834,1.15938,1.15828,1.15934,1286.0
2026-03-03 08:40:00,PEPPERSTONE:EURUSD,1.15938,1.15965,1.15919,1.15945,1179.0
2026-03-03 08:45:00,PEPPERSTONE:EURUSD,1.15946,1.16018,1.15942,1.16005,1276.0
2026-03-03 08:50:00,PEPPERSTONE:EURUSD,1.16003,1.16036,1.16001,1.16017,1166.0
2026-03-03 08:55:00,PEPPERSTONE:EURUSD,1.16018,1.1602,1.15944,1.15974,1125.0
2026-03-03 09:00:00,PEPPERSTONE:EURUSD,1.1597,1.15975,1.15901,1.15914,1158.0
2026-03-03 09:05:00,PEPPERSTONE:EURUSD,1.15915,1.16004,1.15902,1.15996,1196.0
2026-03-03 09:10:00,PEPPERSTONE:EURUSD,1.15996,1.16034,1.15987,1.15994,1093.0
2026-03-03 09:15:00,PEPPERSTONE:EURUSD,1.15993,1.1604,1.15954,1.16033,1022.0
2026-03-03 09:20:00,PEPPERSTONE:EURUSD,1.16032,1.16123,1.16028,1.16066,1230.0
2026-03-03 09:25:00,PEPPERSTONE:EURUSD,1.16065,1.16103,1.16033,1.16033,1030.0
2026-03-03 09:30:00,PEPPERSTONE:EURUSD,1.16034,1.16091,1.16028,1.16052,869.0
2026-03-03 09:35:00,PEPPERSTONE:EURUSD,1.1605,1.16105,1.1603,1.16088,778.0
2026-03-03 09:40:00,PEPPERSTONE:EURUSD,1.16089,1.16096,1.16053,1.16074,888.0
2026-03-03 09:45:00,PEPPERSTONE:EURUSD,1.16073,1.16111,1.16058,1.16094,919.0
2026-03-03 09:50:00,PEPPERSTONE:EURUSD,1.16093,1.16113,1.16056,1.16092,959.0
2026-03-03 09:55:00,PEPPERSTONE:EURUSD,1.16093,1.16153,1.16074,1.16128,1064.0
2026-03-03 10:00:00,PEPPERSTONE:EURUSD,1.16129,1.16152,1.16048,1.16048,1311.0
2026-03-03 10:05:00,PEPPERSTONE:EURUSD,1.16047,1.16106,1.16039,1.16064,994.0
2026-03-03 10:10:00,PEPPERSTONE:EURUSD,1.16066,1.16088,1.16034,1.16041,1056.0
2026-03-03 10:15:00,PEPPERSTONE:EURUSD,1.16043,1.16043,1.15996,1.16018,1208.0
2026-03-03 10:20:00,PEPPERSTONE:EURUSD,1.16021,1.16029,1.1599,1.16023,966.0
2026-03-03 10:25:00,PEPPERSTONE:EURUSD,1.16022,1.16031,1.15991,1.16004,960.0
2026-03-03 10:30:00,PEPPERSTONE:EURUSD,1.16,1.16053,1.15987,1.16002,1145.0
2026-03-03 10:35:00,PEPPERSTONE:EURUSD,1.16001,1.16015,1.15972,1.16011,1060.0
2026-03-03 10:40:00,PEPPERSTONE:EURUSD,1.1601,1.16021,1.15951,1.15995,984.0
2026-03-03 10:45:00,PEPPERSTONE:EURUSD,1.15994,1.16024,1.15974,1.16019,936.0
2026-03-03 10:50:00,PEPPERSTONE:EURUSD,1.16018,1.16044,1.1593,1.15944,1077.0
2026-03-03 10:55:00,PEPPERSTONE:EURUSD,1.15945,1.15973,1.15902,1.15906,1012.0
2026-03-03 11:00:00,PEPPERSTONE:EURUSD,1.15907,1.15981,1.15905,1.15955,1252.0
2026-03-03 11:05:00,PEPPERSTONE:EURUSD,1.15957,1.15997,1.15914,1.15914,1031.0
2026-03-03 11:10:00,PEPPERSTONE:EURUSD,1.15913,1.15921,1.1584,1.1585,1165.0
2026-03-03 11:15:00,PEPPERSTONE:EURUSD,1.15852,1.1586,1.15807,1.15831,1250.0
2026-03-03 11:20:00,PEPPERSTONE:EURUSD,1.1583,1.15849,1.15743,1.15743,1080.0
2026-03-03 11:25:00,PEPPERSTONE:EURUSD,1.15744,1.1578,1.15674,1.15755,1537.0
2026-03-03 11:30:00,PEPPERSTONE:EURUSD,1.15754,1.15856,1.15749,1.15801,1411.0
2026-03-03 11:35:00,PEPPERSTONE:EURUSD,1.15799,1.1583,1.1576,1.15812,1430.0
2026-03-03 11:40:00,PEPPERSTONE:EURUSD,1.15811,1.15815,1.15697,1.15715,1481.0
2026-03-03 11:45:00,PEPPERSTONE:EURUSD,1.15715,1.15782,1.15691,1.15742,1403.0
2026-03-03 11:50:00,PEPPERSTONE:EURUSD,1.1574,1.15792,1.15714,1.15757,1467.0
2026-03-03 11:55:00,PEPPERSTONE:EURUSD,1.15758,1.15759,1.15649,1.15676,1393.0
2026-03-03 12:00:00,PEPPERSTONE:EURUSD,1.15677,1.15729,1.1563,1.15634,1651.0
2026-03-03 12:05:00,PEPPERSTONE:EURUSD,1.15632,1.15673,1.1553,1.15532,1560.0
2026-03-03 12:10:00,PEPPERSTONE:EURUSD,1.15534,1.15574,1.15433,1.15489,1657.0
2026-03-03 12:15:00,PEPPERSTONE:EURUSD,1.1549,1.15499,1.15324,1.15339,1654.0
2026-03-03 12:20:00,PEPPERSTONE:EURUSD,1.15336,1.15495,1.15302,1.1549,1646.0
2026-03-03 12:25:00,PEPPERSTONE:EURUSD,1.15489,1.1556,1.15477,1.15525,1581.0
2026-03-03 12:30:00,PEPPERSTONE:EURUSD,1.15516,1.15687,1.15516,1.15665,1628.0
2026-03-03 12:35:00,PEPPERSTONE:EURUSD,1.15673,1.15759,1.15647,1.1575,1507.0
2026-03-03 12:40:00,PEPPERSTONE:EURUSD,1.15746,1.1585,1.15715,1.15748,1678.0
2026-03-03 12:45:00,PEPPERSTONE:EURUSD,1.15746,1.15804,1.15733,1.15769,1587.0
2026-03-03 12:50:00,PEPPERSTONE:EURUSD,1.15772,1.15778,1.15706,1.15773,1565.0
2026-03-03 12:55:00,PEPPERSTONE:EURUSD,1.15772,1.15781,1.15724,1.1573,1427.0
2026-03-03 13:00:00,PEPPERSTONE:EURUSD,1.15731,1.15807,1.15694,1.15798,1367.0
2026-03-03 13:05:00,PEPPERSTONE:EURUSD,1.15796,1.15861,1.15787,1.1581,1403.0
2026-03-03 13:10:00,PEPPERSTONE:EURUSD,1.15808,1.15905,1.15795,1.15893,1406.0
2026-03-03 13:15:00,PEPPERSTONE:EURUSD,1.15894,1.1593,1.15876,1.15878,1360.0
2026-03-03 13:20:00,PEPPERSTONE:EURUSD,1.15881,1.15958,1.1585,1.15955,1398.0
2026-03-03 13:25:00,PEPPERSTONE:EURUSD,1.1596,1.1596,1.15872,1.15872,1318.0
2026-03-03 13:30:00,PEPPERSTONE:EURUSD,1.15866,1.15886,1.15791,1.15817,1457.0
2026-03-03 13:35:00,PEPPERSTONE:EURUSD,1.15816,1.15901,1.15816,1.15881,1364.0
2026-03-03 13:40:00,PEPPERSTONE:EURUSD,1.1588,1.1593,1.15791,1.15918,1511.0
2026-03-03 13:45:00,PEPPERSTONE:EURUSD,1.15917,1.16043,1.15911,1.16009,1718.0
2026-03-03 13:50:00,PEPPERSTONE:EURUSD,1.1601,1.16028,1.15981,1.16024,1407.0
2026-03-03 13:55:00,PEPPERSTONE:EURUSD,1.16032,1.16059,1.16006,1.16031,1394.0
2026-03-03 14:00:00,PEPPERSTONE:EURUSD,1.16031,1.16034,1.15942,1.15956,1605.0
2026-03-03 14:05:00,PEPPERSTONE:EURUSD,1.15957,1.15984,1.15931,1.15934,1198.0
2026-03-03 14:10:00,PEPPERSTONE:EURUSD,1.15932,1.15933,1.15887,1.15911,1122.0
2026-03-03 14:15:00,PEPPERSTONE:EURUSD,1.15912,1.15928,1.15868,1.15907,1113.0
2026-03-03 14:20:00,PEPPERSTONE:EURUSD,1.15905,1.15962,1.1588,1.15895,1273.0
2026-03-03 14:25:00,PEPPERSTONE:EURUSD,1.15897,1.15992,1.15894,1.15975,1101.0
2026-03-03 14:30:00,PEPPERSTONE:EURUSD,1.15976,1.15987,1.15884,1.15915,1156.0
2026-03-03 14:35:00,PEPPERSTONE:EURUSD,1.15914,1.15926,1.1589,1.15911,1130.0
2026-03-03 14:40:00,PEPPERSTONE:EURUSD,1.15909,1.15941,1.15886,1.15938,1025.0
2026-03-03 14:45:00,PEPPERSTONE:EURUSD,1.15939,1.16025,1.15938,1.16024,1119.0
2026-03-03 14:50:00,PEPPERSTONE:EURUSD,1.16023,1.16029,1.1592,1.15926,1142.0
2026-03-03 14:55:00,PEPPERSTONE:EURUSD,1.15925,1.15926,1.15886,1.15906,945.0
2026-03-03 15:00:00,PEPPERSTONE:EURUSD,1.15906,1.15987,1.15901,1.15977,1040.0
2026-03-03 15:05:00,PEPPERSTONE:EURUSD,1.15978,1.16064,1.15969,1.16048,1059.0
2026-03-03 15:10:00,PEPPERSTONE:EURUSD,1.16049,1.16062,1.16006,1.1603,1020.0
2026-03-03 15:15:00,PEPPERSTONE:EURUSD,1.16033,1.16054,1.16023,1.16049,701.0
2026-03-03 15:20:00,PEPPERSTONE:EURUSD,1.16047,1.16064,1.16009,1.16056,814.0
2026-03-03 15:25:00,PEPPERSTONE:EURUSD,1.16055,1.16078,1.16029,1.16046,896.0
2026-03-03 15:30:00,PEPPERSTONE:EURUSD,1.16045,1.16124,1.16034,1.16079,949.0
2026-03-03 15:35:00,PEPPERSTONE:EURUSD,1.1608,1.16185,1.1607,1.16178,1281.0
2026-03-03 15:40:00,PEPPERSTONE:EURUSD,1.1618,1.1622,1.16154,1.16174,1224.0
2026-03-03 15:45:00,PEPPERSTONE:EURUSD,1.16173,1.16206,1.16155,1.16202,1050.0
2026-03-03 15:50:00,PEPPERSTONE:EURUSD,1.16203,1.16209,1.1614,1.16155,870.0
2026-03-03 15:55:00,PEPPERSTONE:EURUSD,1.16151,1.16177,1.16128,1.16157,901.0
2026-03-03 16:00:00,PEPPERSTONE:EURUSD,1.16156,1.16189,1.16141,1.16146,1252.0
2026-03-03 16:05:00,PEPPERSTONE:EURUSD,1.16144,1.16147,1.16066,1.16075,1092.0
2026-03-03 16:10:00,PEPPERSTONE:EURUSD,1.16076,1.16102,1.16054,1.16091,1156.0
2026-03-03 16:15:00,PEPPERSTONE:EURUSD,1.16093,1.16105,1.1604,1.16071,809.0
2026-03-03 16:20:00,PEPPERSTONE:EURUSD,1.1607,1.16095,1.16057,1.16062,765.0
2026-03-03 16:25:00,PEPPERSTONE:EURUSD,1.16062,1.16069,1.16022,1.1603,841.0
2026-03-03 16:30:00,PEPPERSTONE:EURUSD,1.1603,1.16042,1.16012,1.16019,798.0
2026-03-03 16:35:00,PEPPERSTONE:EURUSD,1.16022,1.16175,1.15997,1.16157,1418.0
2026-03-03 16:40:00,PEPPERSTONE:EURUSD,1.16158,1.16257,1.16158,1.1622,1679.0
2026-03-03 16:45:00,PEPPERSTONE:EURUSD,1.16221,1.16245,1.16152,1.16187,1304.0
2026-03-03 16:50:00,PEPPERSTONE:EURUSD,1.16186,1.16233,1.16169,1.16183,1220.0
2026-03-03 16:55:00,PEPPERSTONE:EURUSD,1.16184,1.16192,1.16116,1.16125,1129.0
2026-03-03 17:00:00,PEPPERSTONE:EURUSD,1.16124,1.16162,1.16112,1.16138,1087.0
2026-03-03 17:05:00,PEPPERSTONE:EURUSD,1.16136,1.16191,1.16132,1.1618,881.0
2026-03-03 17:10:00,PEPPERSTONE:EURUSD,1.16175,1.16221,1.16175,1.162,935.0
2026-03-03 17:15:00,PEPPERSTONE:EURUSD,1.16199,1.16214,1.16158,1.1621,910.0
2026-03-03 17:20:00,PEPPERSTONE:EURUSD,1.16212,1.16233,1.16208,1.1623,864.0
2026-03-03 17:25:00,PEPPERSTONE:EURUSD,1.16228,1.16241,1.1621,1.16217,744.0
2026-03-03 17:30:00,PEPPERSTONE:EURUSD,1.16216,1.16245,1.16203,1.16207,708.0
2026-03-03 17:35:00,PEPPERSTONE:EURUSD,1.16206,1.16231,1.162,1.16204,685.0
2026-03-03 17:40:00,PEPPERSTONE:EURUSD,1.16205,1.16213,1.1617,1.16194,749.0
2026-03-03 17:45:00,PEPPERSTONE:EURUSD,1.16195,1.16202,1.16139,1.16148,733.0
2026-03-03 17:50:00,PEPPERSTONE:EURUSD,1.16149,1.16185,1.16134,1.1618,867.0
2026-03-03 17:55:00,PEPPERSTONE:EURUSD,1.16177,1.16185,1.16164,1.16175,794.0
2026-03-03 18:00:00,PEPPERSTONE:EURUSD,1.16176,1.16177,1.16148,1.16165,627.0
2026-03-03 18:05:00,PEPPERSTONE:EURUSD,1.16165,1.16183,1.16157,1.16161,354.0
2026-03-03 18:10:00,PEPPERSTONE:EURUSD,1.1616,1.16166,1.16138,1.16142,385.0
2026-03-03 18:15:00,PEPPERSTONE:EURUSD,1.16143,1.16146,1.16122,1.16125,394.0
2026-03-03 18:20:00,PEPPERSTONE:EURUSD,1.16125,1.16141,1.16124,1.16141,242.0
2026-03-03 18:25:00,PEPPERSTONE:EURUSD,1.1614,1.16157,1.16134,1.16144,250.0
2026-03-03 18:30:00,PEPPERSTONE:EURUSD,1.16143,1.16154,1.16139,1.16146,265.0
2026-03-03 18:35:00,PEPPERSTONE:EURUSD,1.16145,1.16146,1.16127,1.16132,269.0
2026-03-03 18:40:00,PEPPERSTONE:EURUSD,1.16131,1.16143,1.16125,1.16131,280.0
2026-03-03 18:45:00,PEPPERSTONE:EURUSD,1.16131,1.16136,1.16099,1.16105,550.0
2026-03-03 18:50:00,PEPPERSTONE:EURUSD,1.16105,1.16118,1.16101,1.1611,399.0
2026-03-03 18:55:00,PEPPERSTONE:EURUSD,1.1611,1.16142,1.1611,1.16122,618.0
2026-03-03 19:00:00,PEPPERSTONE:EURUSD,1.16096,1.16096,1.16052,1.16058,44.0
2026-03-03 19:05:00,PEPPERSTONE:EURUSD,1.16058,1.16148,1.16052,1.16148,159.0
2026-03-03 19:10:00,PEPPERSTONE:EURUSD,1.16148,1.16152,1.16076,1.16088,121.0
2026-03-03 19:15:00,PEPPERSTONE:EURUSD,1.16087,1.16127,1.16083,1.16127,177.0
2026-03-03 19:20:00,PEPPERSTONE:EURUSD,1.16128,1.16152,1.16093,1.16145,182.0
2026-03-03 19:25:00,PEPPERSTONE:EURUSD,1.16144,1.16149,1.16115,1.1612,221.0
2026-03-03 19:30:00,PEPPERSTONE:EURUSD,1.16119,1.16119,1.161,1.16103,193.0
2026-03-03 19:35:00,PEPPERSTONE:EURUSD,1.16107,1.1611,1.16098,1.16107,528.0
2026-03-03 19:40:00,PEPPERSTONE:EURUSD,1.16107,1.16116,1.16102,1.16107,427.0
2026-03-03 19:45:00,PEPPERSTONE:EURUSD,1.16106,1.16111,1.16101,1.16104,305.0
2026-03-03 19:50:00,PEPPERSTONE:EURUSD,1.16105,1.16118,1.16099,1.16114,517.0
2026-03-03 19:55:00,PEPPERSTONE:EURUSD,1.16111,1.16119,1.16101,1.16115,162.0
2026-03-03 20:00:00,PEPPERSTONE:EURUSD,1.16119,1.16133,1.16104,1.16106,697.0
2026-03-03 20:05:00,PEPPERSTONE:EURUSD,1.16109,1.16154,1.16108,1.16152,431.0
2026-03-03 20:10:00,PEPPERSTONE:EURUSD,1.1615,1.16193,1.16149,1.16193,527.0
2026-03-03 20:15:00,PEPPERSTONE:EURUSD,1.16194,1.16203,1.16187,1.16189,456.0
2026-03-03 20:20:00,PEPPERSTONE:EURUSD,1.16193,1.16193,1.16158,1.16162,459.0
2026-03-03 20:25:00,PEPPERSTONE:EURUSD,1.16161,1.16174,1.16155,1.16167,514.0
2026-03-03 20:30:00,PEPPERSTONE:EURUSD,1.16168,1.16172,1.16151,1.16151,383.0
2026-03-03 20:35:00,PEPPERSTONE:EURUSD,1.1615,1.16162,1.1614,1.16142,289.0
2026-03-03 20:40:00,PEPPERSTONE:EURUSD,1.16143,1.16143,1.16124,1.16126,320.0
2026-03-03 20:45:00,PEPPERSTONE:EURUSD,1.16127,1.16127,1.16097,1.16109,441.0
2026-03-03 20:50:00,PEPPERSTONE:EURUSD,1.1611,1.16118,1.16088,1.16117,492.0
2026-03-03 20:55:00,PEPPERSTONE:EURUSD,1.16118,1.16128,1.16105,1.16106,332.0
2026-03-03 21:00:00,PEPPERSTONE:EURUSD,1.16107,1.16111,1.16048,1.16059,893.0
2026-03-03 21:05:00,PEPPERSTONE:EURUSD,1.1606,1.16072,1.16029,1.16042,851.0
2026-03-03 21:10:00,PEPPERSTONE:EURUSD,1.16041,1.1608,1.16029,1.16062,940.0
2026-03-03 21:15:00,PEPPERSTONE:EURUSD,1.16061,1.16104,1.16017,1.16096,929.0
2026-03-03 21:20:00,PEPPERSTONE:EURUSD,1.16097,1.16101,1.16027,1.16049,906.0
2026-03-03 21:25:00,PEPPERSTONE:EURUSD,1.16051,1.16085,1.16024,1.16043,745.0
2026-03-03 21:30:00,PEPPERSTONE:EURUSD,1.16044,1.16079,1.16015,1.16016,1022.0
2026-03-03 21:35:00,PEPPERSTONE:EURUSD,1.16015,1.16019,1.15971,1.15974,901.0
2026-03-03 21:40:00,PEPPERSTONE:EURUSD,1.15974,1.15979,1.15943,1.15944,846.0
2026-03-03 21:45:00,PEPPERSTONE:EURUSD,1.15944,1.15958,1.1593,1.15945,794.0
2026-03-03 21:50:00,PEPPERSTONE:EURUSD,1.15943,1.15968,1.15928,1.15938,709.0
2026-03-03 21:55:00,PEPPERSTONE:EURUSD,1.15939,1.15946,1.15923,1.15931,732.0
2026-03-03 22:00:00,PEPPERSTONE:EURUSD,1.15932,1.15977,1.15925,1.15939,963.0
2026-03-03 22:05:00,PEPPERSTONE:EURUSD,1.15938,1.15941,1.15902,1.15905,749.0
2026-03-03 22:10:00,PEPPERSTONE:EURUSD,1.15908,1.15943,1.15902,1.15935,731.0
2026-03-03 22:15:00,PEPPERSTONE:EURUSD,1.15934,1.15934,1.15853,1.15856,928.0
2026-03-03 22:20:00,PEPPERSTONE:EURUSD,1.15855,1.15861,1.15784,1.15788,1035.0
2026-03-03 22:25:00,PEPPERSTONE:EURUSD,1.15787,1.15817,1.15747,1.15805,965.0
2026-03-03 22:30:00,PEPPERSTONE:EURUSD,1.15807,1.1582,1.15767,1.15775,1157.0
2026-03-03 22:35:00,PEPPERSTONE:EURUSD,1.15775,1.15898,1.15775,1.15881,1057.0
2026-03-03 22:40:00,PEPPERSTONE:EURUSD,1.15879,1.15943,1.15875,1.15941,955.0
2026-03-03 22:45:00,PEPPERSTONE:EURUSD,1.1594,1.15947,1.15911,1.1593,825.0
2026-03-03 22:50:00,PEPPERSTONE:EURUSD,1.15933,1.15958,1.15921,1.15936,1010.0
2026-03-03 22:55:00,PEPPERSTONE:EURUSD,1.15936,1.1595,1.15929,1.15938,791.0
2026-03-03 23:00:00,PEPPERSTONE:EURUSD,1.15939,1.1596,1.15912,1.15945,917.0
2026-03-03 23:05:00,PEPPERSTONE:EURUSD,1.15943,1.15967,1.15935,1.15947,883.0
2026-03-03 23:10:00,PEPPERSTONE:EURUSD,1.15948,1.15996,1.15937,1.1597,805.0
2026-03-03 23:15:00,PEPPERSTONE:EURUSD,1.15969,1.15987,1.15947,1.15985,847.0
2026-03-03 23:20:00,PEPPERSTONE:EURUSD,1.15987,1.16003,1.15979,1.15993,854.0
2026-03-03 23:25:00,PEPPERSTONE:EURUSD,1.1599,1.15998,1.15972,1.15978,745.0
2026-03-03 23:30:00,PEPPERSTONE:EURUSD,1.15981,1.15996,1.15963,1.15981,862.0
2026-03-03 23:35:00,PEPPERSTONE:EURUSD,1.15979,1.15983,1.15938,1.15965,949.0
2026-03-03 23:40:00,PEPPERSTONE:EURUSD,1.15965,1.16013,1.15964,1.16003,842.0
2026-03-03 23:45:00,PEPPERSTONE:EURUSD,1.16004,1.16016,1.15988,1.16007,684.0
2026-03-03 23:50:00,PEPPERSTONE:EURUSD,1.16008,1.16043,1.15989,1.15992,651.0
2026-03-03 23:55:00,PEPPERSTONE:EURUSD,1.15991,1.16002,1.15977,1.15982,684.0
2026-03-04 00:00:00,PEPPERSTONE:EURUSD,1.1598,1.15998,1.15953,1.15964,715.0
2026-03-04 00:05:00,PEPPERSTONE:EURUSD,1.15965,1.15996,1.15957,1.15994,634.0
2026-03-04 00:10:00,PEPPERSTONE:EURUSD,1.15992,1.16,1.15968,1.15998,577.0
2026-03-04 00:15:00,PEPPERSTONE:EURUSD,1.15997,1.16004,1.15988,1.15993,497.0
2026-03-04 00:20:00,PEPPERSTONE:EURUSD,1.15994,1.16031,1.15987,1.16024,569.0
2026-03-04 00:25:00,PEPPERSTONE:EURUSD,1.16022,1.16029,1.15995,1.15997,551.0
2026-03-04 00:30:00,PEPPERSTONE:EURUSD,1.16,1.16024,1.15984,1.16001,667.0
2026-03-04 00:35:00,PEPPERSTONE:EURUSD,1.16002,1.1604,1.15988,1.16035,852.0
2026-03-04 00:40:00,PEPPERSTONE:EURUSD,1.16036,1.16042,1.16017,1.16023,676.0
2026-03-04 00:45:00,PEPPERSTONE:EURUSD,1.16024,1.16066,1.16018,1.16065,720.0
2026-03-04 00:50:00,PEPPERSTONE:EURUSD,1.16066,1.16087,1.16059,1.16075,719.0
2026-03-04 00:55:00,PEPPERSTONE:EURUSD,1.16074,1.16094,1.16074,1.16085,568.0
2026-03-04 01:00:00,PEPPERSTONE:EURUSD,1.16084,1.16101,1.16083,1.1609,679.0
2026-03-04 01:05:00,PEPPERSTONE:EURUSD,1.16089,1.16104,1.16074,1.16076,629.0
2026-03-04 01:10:00,PEPPERSTONE:EURUSD,1.16075,1.16092,1.16067,1.16087,609.0
2026-03-04 01:15:00,PEPPERSTONE:EURUSD,1.16088,1.161,1.16074,1.16084,577.0
2026-03-04 01:20:00,PEPPERSTONE:EURUSD,1.16083,1.16084,1.16052,1.16054,678.0
2026-03-04 01:25:00,PEPPERSTONE:EURUSD,1.16055,1.16061,1.16038,1.1604,509.0
2026-03-04 01:30:00,PEPPERSTONE:EURUSD,1.16041,1.16044,1.16002,1.1601,707.0
2026-03-04 01:35:00,PEPPERSTONE:EURUSD,1.16011,1.16016,1.15974,1.15992,647.0
2026-03-04 01:40:00,PEPPERSTONE:EURUSD,1.15991,1.15993,1.15955,1.15972,647.0
2026-03-04 01:45:00,PEPPERSTONE:EURUSD,1.15971,1.15981,1.15947,1.15951,507.0
2026-03-04 01:50:00,PEPPERSTONE:EURUSD,1.15952,1.15953,1.15904,1.15928,658.0
2026-03-04 01:55:00,PEPPERSTONE:EURUSD,1.15929,1.15949,1.15928,1.1593,528.0
2026-03-04 02:00:00,PEPPERSTONE:EURUSD,1.15927,1.15945,1.15918,1.15926,657.0
2026-03-04 02:05:00,PEPPERSTONE:EURUSD,1.15925,1.15962,1.15923,1.15962,714.0
2026-03-04 02:10:00,PEPPERSTONE:EURUSD,1.15963,1.15991,1.15957,1.15967,706.0
2026-03-04 02:15:00,PEPPERSTONE:EURUSD,1.15966,1.15988,1.15941,1.15944,701.0
2026-03-04 02:20:00,PEPPERSTONE:EURUSD,1.15945,1.15952,1.15918,1.15925,610.0
2026-03-04 02:25:00,PEPPERSTONE:EURUSD,1.15924,1.15925,1.15898,1.15919,628.0
2026-03-04 02:30:00,PEPPERSTONE:EURUSD,1.15921,1.15922,1.15904,1.15907,633.0
2026-03-04 02:35:00,PEPPERSTONE:EURUSD,1.15908,1.15922,1.15896,1.159,704.0
2026-03-04 02:40:00,PEPPERSTONE:EURUSD,1.15901,1.15923,1.15879,1.15886,757.0
2026-03-04 02:45:00,PEPPERSTONE:EURUSD,1.15885,1.15942,1.15872,1.15942,654.0
2026-03-04 02:50:00,PEPPERSTONE:EURUSD,1.15947,1.15971,1.15938,1.15963,528.0
2026-03-04 02:55:00,PEPPERSTONE:EURUSD,1.15959,1.15963,1.15915,1.15952,794.0
2026-03-04 03:00:00,PEPPERSTONE:EURUSD,1.15946,1.15948,1.15899,1.15907,897.0
2026-03-04 03:05:00,PEPPERSTONE:EURUSD,1.15907,1.15943,1.159,1.15937,780.0
2026-03-04 03:10:00,PEPPERSTONE:EURUSD,1.15937,1.15971,1.15934,1.15949,814.0
2026-03-04 03:15:00,PEPPERSTONE:EURUSD,1.15948,1.15985,1.15942,1.15969,656.0
2026-03-04 03:20:00,PEPPERSTONE:EURUSD,1.1597,1.16015,1.15967,1.15996,748.0
2026-03-04 03:25:00,PEPPERSTONE:EURUSD,1.15998,1.16075,1.15997,1.16057,803.0
2026-03-04 03:30:00,PEPPERSTONE:EURUSD,1.16059,1.16141,1.16057,1.16141,767.0
2026-03-04 03:35:00,PEPPERSTONE:EURUSD,1.1614,1.16157,1.16115,1.16145,773.0
2026-03-04 03:40:00,PEPPERSTONE:EURUSD,1.16145,1.16178,1.16143,1.16152,610.0
2026-03-04 03:45:00,PEPPERSTONE:EURUSD,1.16152,1.16162,1.16117,1.16157,721.0
2026-03-04 03:50:00,PEPPERSTONE:EURUSD,1.16156,1.16157,1.16129,1.16135,628.0
2026-03-04 03:55:00,PEPPERSTONE:EURUSD,1.16136,1.16147,1.16105,1.16108,688.0
2026-03-04 04:00:00,PEPPERSTONE:EURUSD,1.16107,1.16152,1.16107,1.16147,896.0
2026-03-04 04:05:00,PEPPERSTONE:EURUSD,1.16151,1.162,1.16148,1.16179,1050.0
2026-03-04 04:10:00,PEPPERSTONE:EURUSD,1.16179,1.16182,1.16139,1.16166,735.0
2026-03-04 04:15:00,PEPPERSTONE:EURUSD,1.16165,1.16221,1.16127,1.16141,910.0
2026-03-04 04:20:00,PEPPERSTONE:EURUSD,1.16142,1.16178,1.16129,1.16165,688.0
2026-03-04 04:25:00,PEPPERSTONE:EURUSD,1.16164,1.16232,1.16164,1.16208,708.0
2026-03-04 04:30:00,PEPPERSTONE:EURUSD,1.16219,1.1628,1.16207,1.16244,969.0
2026-03-04 04:35:00,PEPPERSTONE:EURUSD,1.1624,1.16264,1.16214,1.16225,733.0
2026-03-04 04:40:00,PEPPERSTONE:EURUSD,1.16222,1.16252,1.16222,1.16241,600.0
2026-03-04 04:45:00,PEPPERSTONE:EURUSD,1.1624,1.16255,1.16225,1.1624,679.0
2026-03-04 04:50:00,PEPPERSTONE:EURUSD,1.16237,1.16237,1.16187,1.16207,810.0
2026-03-04 04:55:00,PEPPERSTONE:EURUSD,1.16208,1.1621,1.16158,1.16158,1012.0
2026-03-04 05:00:00,PEPPERSTONE:EURUSD,1.16163,1.16171,1.16069,1.16082,1200.0
2026-03-04 05:05:00,PEPPERSTONE:EURUSD,1.1608,1.16134,1.1607,1.16122,993.0
2026-03-04 05:10:00,PEPPERSTONE:EURUSD,1.16123,1.1613,1.16035,1.16091,1053.0
2026-03-04 05:15:00,PEPPERSTONE:EURUSD,1.16089,1.16095,1.16042,1.16051,941.0
2026-03-04 05:20:00,PEPPERSTONE:EURUSD,1.16046,1.16072,1.16015,1.16045,984.0
2026-03-04 05:25:00,PEPPERSTONE:EURUSD,1.16044,1.1605,1.15988,1.1599,894.0
2026-03-04 05:30:00,PEPPERSTONE:EURUSD,1.15988,1.16062,1.15972,1.16018,985.0
2026-03-04 05:35:00,PEPPERSTONE:EURUSD,1.16018,1.16037,1.15985,1.1599,789.0
2026-03-04 05:40:00,PEPPERSTONE:EURUSD,1.15986,1.16027,1.15961,1.15994,1013.0
2026-03-04 05:45:00,PEPPERSTONE:EURUSD,1.15995,1.16063,1.15984,1.16046,761.0
2026-03-04 05:50:00,PEPPERSTONE:EURUSD,1.16044,1.1605,1.16008,1.1602,867.0
2026-03-04 05:55:00,PEPPERSTONE:EURUSD,1.16023,1.16034,1.15952,1.15996,955.0
2026-03-04 06:00:00,PEPPERSTONE:EURUSD,1.15995,1.16003,1.15924,1.15967,1230.0
2026-03-04 06:05:00,PEPPERSTONE:EURUSD,1.15971,1.16002,1.15945,1.15977,1054.0
2026-03-04 06:10:00,PEPPERSTONE:EURUSD,1.15978,1.16085,1.15969,1.16071,932.0
2026-03-04 06:15:00,PEPPERSTONE:EURUSD,1.1607,1.16176,1.16069,1.16147,1067.0
2026-03-04 06:20:00,PEPPERSTONE:EURUSD,1.16145,1.16185,1.16129,1.16173,1040.0
2026-03-04 06:25:00,PEPPERSTONE:EURUSD,1.16172,1.16177,1.1613,1.16142,944.0
2026-03-04 06:30:00,PEPPERSTONE:EURUSD,1.16143,1.16174,1.16125,1.16142,891.0
2026-03-04 06:35:00,PEPPERSTONE:EURUSD,1.16141,1.16163,1.1613,1.16146,761.0
2026-03-04 06:40:00,PEPPERSTONE:EURUSD,1.16147,1.16171,1.16118,1.16145,803.0
2026-03-04 06:45:00,PEPPERSTONE:EURUSD,1.16147,1.16186,1.16139,1.16176,951.0
2026-03-04 06:50:00,PEPPERSTONE:EURUSD,1.16175,1.16199,1.1609,1.16095,973.0
2026-03-04 06:55:00,PEPPERSTONE:EURUSD,1.16096,1.16104,1.16065,1.16087,859.0
2026-03-04 07:00:00,PEPPERSTONE:EURUSD,1.16086,1.16168,1.16086,1.16161,833.0
2026-03-04 07:05:00,PEPPERSTONE:EURUSD,1.1616,1.1647,1.16144,1.16433,1224.0
2026-03-04 07:10:00,PEPPERSTONE:EURUSD,1.16432,1.16471,1.16316,1.16392,1977.0
2026-03-04 07:15:00,PEPPERSTONE:EURUSD,1.16393,1.16414,1.16291,1.16335,1595.0
2026-03-04 07:20:00,PEPPERSTONE:EURUSD,1.16335,1.16411,1.16309,1.16396,1390.0
2026-03-04 07:25:00,PEPPERSTONE:EURUSD,1.16394,1.16397,1.16333,1.1636,1116.0
2026-03-04 07:30:00,PEPPERSTONE:EURUSD,1.16359,1.16385,1.16258,1.16269,1182.0
2026-03-04 07:35:00,PEPPERSTONE:EURUSD,1.16267,1.16319,1.16267,1.16312,1404.0
2026-03-04 07:40:00,PEPPERSTONE:EURUSD,1.16311,1.16361,1.1628,1.16345,861.0
2026-03-04 07:45:00,PEPPERSTONE:EURUSD,1.16342,1.16406,1.1633,1.16354,894.0
2026-03-04 07:50:00,PEPPERSTONE:EURUSD,1.16354,1.16368,1.16303,1.16342,806.0
2026-03-04 07:55:00,PEPPERSTONE:EURUSD,1.16341,1.16353,1.16314,1.16342,739.0
2026-03-04 08:00:00,PEPPERSTONE:EURUSD,1.16334,1.16382,1.16326,1.16348,803.0
2026-03-04 08:05:00,PEPPERSTONE:EURUSD,1.16346,1.16359,1.16327,1.16348,657.0
2026-03-04 08:10:00,PEPPERSTONE:EURUSD,1.16347,1.16453,1.16346,1.16451,826.0
2026-03-04 08:15:00,PEPPERSTONE:EURUSD,1.1645,1.16496,1.16447,1.16489,877.0
2026-03-04 08:20:00,PEPPERSTONE:EURUSD,1.1649,1.16545,1.16476,1.16543,800.0
2026-03-04 08:25:00,PEPPERSTONE:EURUSD,1.16541,1.16549,1.16435,1.16445,961.0
2026-03-04 08:30:00,PEPPERSTONE:EURUSD,1.16444,1.16457,1.16382,1.1639,886.0
2026-03-04 08:35:00,PEPPERSTONE:EURUSD,1.16388,1.16417,1.16369,1.16395,976.0
2026-03-04 08:40:00,PEPPERSTONE:EURUSD,1.16393,1.16398,1.16347,1.16351,746.0
2026-03-04 08:45:00,PEPPERSTONE:EURUSD,1.1635,1.16388,1.16343,1.16361,687.0
2026-03-04 08:50:00,PEPPERSTONE:EURUSD,1.1636,1.16365,1.16322,1.16332,642.0
2026-03-04 08:55:00,PEPPERSTONE:EURUSD,1.16333,1.1637,1.16308,1.16352,821.0
2026-03-04 09:00:00,PEPPERSTONE:EURUSD,1.16353,1.1645,1.1634,1.16437,991.0
2026-03-04 09:05:00,PEPPERSTONE:EURUSD,1.16434,1.16478,1.16405,1.16457,878.0
2026-03-04 09:10:00,PEPPERSTONE:EURUSD,1.16458,1.16479,1.16448,1.16477,662.0
2026-03-04 09:15:00,PEPPERSTONE:EURUSD,1.16478,1.16488,1.16443,1.16462,874.0
2026-03-04 09:20:00,PEPPERSTONE:EURUSD,1.16465,1.16466,1.16378,1.16378,1062.0
2026-03-04 09:25:00,PEPPERSTONE:EURUSD,1.16376,1.16377,1.16317,1.16319,1231.0
2026-03-04 09:30:00,PEPPERSTONE:EURUSD,1.16324,1.16338,1.16306,1.16328,1062.0
2026-03-04 09:35:00,PEPPERSTONE:EURUSD,1.16326,1.16371,1.16323,1.16338,816.0
2026-03-04 09:40:00,PEPPERSTONE:EURUSD,1.16337,1.16375,1.16323,1.16366,825.0
2026-03-04 09:45:00,PEPPERSTONE:EURUSD,1.16362,1.16377,1.16334,1.16375,856.0
2026-03-04 09:50:00,PEPPERSTONE:EURUSD,1.16376,1.16386,1.16324,1.16332,791.0
2026-03-04 09:55:00,PEPPERSTONE:EURUSD,1.16333,1.16333,1.16262,1.16306,1165.0
2026-03-04 10:00:00,PEPPERSTONE:EURUSD,1.16305,1.16432,1.16302,1.16424,1254.0
2026-03-04 10:05:00,PEPPERSTONE:EURUSD,1.16423,1.16521,1.16405,1.16484,979.0
2026-03-04 10:10:00,PEPPERSTONE:EURUSD,1.16487,1.16491,1.16459,1.16474,895.0
2026-03-04 10:15:00,PEPPERSTONE:EURUSD,1.16472,1.16486,1.16417,1.16441,1053.0
2026-03-04 10:20:00,PEPPERSTONE:EURUSD,1.16435,1.16436,1.16368,1.16386,1161.0
2026-03-04 10:25:00,PEPPERSTONE:EURUSD,1.16389,1.1645,1.16387,1.16411,885.0
2026-03-04 10:30:00,PEPPERSTONE:EURUSD,1.16412,1.16454,1.16395,1.16435,1081.0
2026-03-04 10:35:00,PEPPERSTONE:EURUSD,1.16436,1.16447,1.1639,1.16425,951.0
2026-03-04 10:40:00,PEPPERSTONE:EURUSD,1.16429,1.16438,1.16375,1.16387,1172.0
2026-03-04 10:45:00,PEPPERSTONE:EURUSD,1.16386,1.16403,1.1636,1.16397,917.0
2026-03-04 10:50:00,PEPPERSTONE:EURUSD,1.16398,1.16412,1.16342,1.16356,1061.0
2026-03-04 10:55:00,PEPPERSTONE:EURUSD,1.16357,1.16357,1.16304,1.16312,1364.0
2026-03-04 11:00:00,PEPPERSTONE:EURUSD,1.16309,1.16331,1.16269,1.16291,1111.0
2026-03-04 11:05:00,PEPPERSTONE:EURUSD,1.16284,1.1638,1.16283,1.16296,1182.0
2026-03-04 11:10:00,PEPPERSTONE:EURUSD,1.16297,1.16328,1.1628,1.16286,911.0
2026-03-04 11:15:00,PEPPERSTONE:EURUSD,1.16285,1.16399,1.16282,1.16396,1019.0
2026-03-04 11:20:00,PEPPERSTONE:EURUSD,1.16394,1.16413,1.1632,1.16349,1061.0
2026-03-04 11:25:00,PEPPERSTONE:EURUSD,1.16337,1.16389,1.16326,1.16346,847.0
2026-03-04 11:30:00,PEPPERSTONE:EURUSD,1.16341,1.16374,1.16316,1.16369,1257.0
2026-03-04 11:35:00,PEPPERSTONE:EURUSD,1.16367,1.16384,1.16212,1.16313,1860.0
2026-03-04 11:40:00,PEPPERSTONE:EURUSD,1.16315,1.16329,1.16243,1.16275,1443.0
2026-03-04 11:45:00,PEPPERSTONE:EURUSD,1.16273,1.16295,1.16203,1.16242,1667.0
2026-03-04 11:50:00,PEPPERSTONE:EURUSD,1.1624,1.16289,1.16223,1.16257,1384.0
2026-03-04 11:55:00,PEPPERSTONE:EURUSD,1.16254,1.16257,1.16219,1.16249,1056.0
2026-03-04 12:00:00,PEPPERSTONE:EURUSD,1.1623,1.16268,1.16189,1.16196,1618.0
2026-03-04 12:05:00,PEPPERSTONE:EURUSD,1.16198,1.16253,1.16167,1.16234,1473.0
2026-03-04 12:10:00,PEPPERSTONE:EURUSD,1.16234,1.16284,1.16185,1.16221,1418.0
2026-03-04 12:15:00,PEPPERSTONE:EURUSD,1.16217,1.16314,1.16205,1.1631,1281.0
2026-03-04 12:20:00,PEPPERSTONE:EURUSD,1.16307,1.16338,1.16296,1.16338,1076.0
2026-03-04 12:25:00,PEPPERSTONE:EURUSD,1.16337,1.16398,1.16335,1.16385,1051.0
2026-03-04 12:30:00,PEPPERSTONE:EURUSD,1.16387,1.16396,1.16355,1.1637,1121.0
2026-03-04 12:35:00,PEPPERSTONE:EURUSD,1.16365,1.16389,1.16331,1.16343,1136.0
2026-03-04 12:40:00,PEPPERSTONE:EURUSD,1.16342,1.16377,1.16312,1.16348,1067.0
2026-03-04 12:45:00,PEPPERSTONE:EURUSD,1.1635,1.16351,1.16314,1.16343,1035.0
2026-03-04 12:50:00,PEPPERSTONE:EURUSD,1.16342,1.16405,1.16331,1.16392,1219.0
2026-03-04 12:55:00,PEPPERSTONE:EURUSD,1.16394,1.16406,1.16321,1.16404,1071.0
2026-03-04 13:00:00,PEPPERSTONE:EURUSD,1.16404,1.16453,1.1639,1.1642,1056.0
2026-03-04 13:05:00,PEPPERSTONE:EURUSD,1.16421,1.16463,1.16393,1.16442,969.0
2026-03-04 13:10:00,PEPPERSTONE:EURUSD,1.16441,1.16441,1.16387,1.16398,1013.0
2026-03-04 13:15:00,PEPPERSTONE:EURUSD,1.16399,1.16414,1.16348,1.1635,936.0
2026-03-04 13:20:00,PEPPERSTONE:EURUSD,1.16351,1.16356,1.16284,1.16291,1013.0
2026-03-04 13:25:00,PEPPERSTONE:EURUSD,1.1629,1.16323,1.16289,1.16321,878.0
2026-03-04 13:30:00,PEPPERSTONE:EURUSD,1.16334,1.16365,1.16299,1.16362,1014.0
2026-03-04 13:35:00,PEPPERSTONE:EURUSD,1.16364,1.164,1.16356,1.16386,951.0
2026-03-04 13:40:00,PEPPERSTONE:EURUSD,1.16387,1.16419,1.16376,1.16389,1025.0
2026-03-04 13:45:00,PEPPERSTONE:EURUSD,1.16387,1.16399,1.1637,1.16375,753.0
2026-03-04 13:50:00,PEPPERSTONE:EURUSD,1.16376,1.16389,1.16361,1.16386,687.0
2026-03-04 13:55:00,PEPPERSTONE:EURUSD,1.16388,1.16392,1.16352,1.16372,793.0
2026-03-04 14:00:00,PEPPERSTONE:EURUSD,1.16373,1.16423,1.16366,1.1642,662.0
2026-03-04 14:05:00,PEPPERSTONE:EURUSD,1.16422,1.16436,1.16371,1.16372,756.0
2026-03-04 14:10:00,PEPPERSTONE:EURUSD,1.16373,1.16386,1.16334,1.16344,655.0
2026-03-04 14:15:00,PEPPERSTONE:EURUSD,1.16347,1.1638,1.16328,1.16373,662.0
2026-03-04 14:20:00,PEPPERSTONE:EURUSD,1.16368,1.16368,1.163,1.16307,892.0
2026-03-04 14:25:00,PEPPERSTONE:EURUSD,1.16309,1.1632,1.1628,1.16286,997.0
2026-03-04 14:30:00,PEPPERSTONE:EURUSD,1.16287,1.163,1.16267,1.16282,887.0
2026-03-04 14:35:00,PEPPERSTONE:EURUSD,1.16281,1.16306,1.16264,1.16301,627.0
2026-03-04 14:40:00,PEPPERSTONE:EURUSD,1.16302,1.16305,1.16279,1.16281,652.0
2026-03-04 14:45:00,PEPPERSTONE:EURUSD,1.16279,1.16347,1.16279,1.16345,687.0
2026-03-04 14:50:00,PEPPERSTONE:EURUSD,1.16344,1.16349,1.1633,1.16335,582.0
2026-03-04 14:55:00,PEPPERSTONE:EURUSD,1.16336,1.16336,1.16303,1.16332,611.0
2026-03-04 15:00:00,PEPPERSTONE:EURUSD,1.16333,1.16336,1.16278,1.1628,726.0
2026-03-04 15:05:00,PEPPERSTONE:EURUSD,1.16278,1.16304,1.16272,1.16288,689.0
2026-03-04 15:10:00,PEPPERSTONE:EURUSD,1.16287,1.16301,1.16273,1.16286,629.0
2026-03-04 15:15:00,PEPPERSTONE:EURUSD,1.16286,1.16286,1.1626,1.16268,505.0
2026-03-04 15:20:00,PEPPERSTONE:EURUSD,1.16267,1.1627,1.16243,1.16263,652.0
2026-03-04 15:25:00,PEPPERSTONE:EURUSD,1.16264,1.16272,1.16237,1.16254,624.0
2026-03-04 15:30:00,PEPPERSTONE:EURUSD,1.16256,1.16283,1.16248,1.16256,772.0
2026-03-04 15:35:00,PEPPERSTONE:EURUSD,1.16257,1.16278,1.16245,1.16251,596.0
2026-03-04 15:40:00,PEPPERSTONE:EURUSD,1.1625,1.16266,1.16244,1.16264,528.0
2026-03-04 15:45:00,PEPPERSTONE:EURUSD,1.16266,1.16286,1.16249,1.16286,534.0
2026-03-04 15:50:00,PEPPERSTONE:EURUSD,1.16285,1.16291,1.1627,1.16276,528.0
2026-03-04 15:55:00,PEPPERSTONE:EURUSD,1.16277,1.1628,1.16234,1.16245,534.0
2026-03-04 16:00:00,PEPPERSTONE:EURUSD,1.16246,1.16298,1.16246,1.16295,544.0
2026-03-04 16:05:00,PEPPERSTONE:EURUSD,1.16294,1.16298,1.16262,1.16269,680.0
2026-03-04 16:10:00,PEPPERSTONE:EURUSD,1.16271,1.16281,1.16263,1.16275,427.0
2026-03-04 16:15:00,PEPPERSTONE:EURUSD,1.16274,1.16301,1.16274,1.16286,447.0
2026-03-04 16:20:00,PEPPERSTONE:EURUSD,1.16287,1.16292,1.16275,1.16287,356.0
2026-03-04 16:25:00,PEPPERSTONE:EURUSD,1.1629,1.16339,1.16287,1.16337,472.0
2026-03-04 16:30:00,PEPPERSTONE:EURUSD,1.1634,1.16347,1.16305,1.16306,580.0
2026-03-04 16:35:00,PEPPERSTONE:EURUSD,1.16308,1.16337,1.16304,1.16333,553.0
2026-03-04 16:40:00,PEPPERSTONE:EURUSD,1.16332,1.16345,1.16311,1.16318,377.0
2026-03-04 16:45:00,PEPPERSTONE:EURUSD,1.16317,1.16329,1.16305,1.1632,489.0
2026-03-04 16:50:00,PEPPERSTONE:EURUSD,1.16321,1.16358,1.1631,1.16358,505.0
2026-03-04 16:55:00,PEPPERSTONE:EURUSD,1.16356,1.16412,1.16353,1.16398,807.0
2026-03-04 17:00:00,PEPPERSTONE:EURUSD,1.16399,1.16413,1.16392,1.1641,577.0
2026-03-04 17:05:00,PEPPERSTONE:EURUSD,1.16411,1.16414,1.16386,1.16407,360.0
2026-03-04 17:10:00,PEPPERSTONE:EURUSD,1.16406,1.16408,1.16388,1.16405,410.0
2026-03-04 17:15:00,PEPPERSTONE:EURUSD,1.16404,1.16404,1.16383,1.1639,383.0
2026-03-04 17:20:00,PEPPERSTONE:EURUSD,1.16389,1.16412,1.16388,1.16409,394.0
2026-03-04 17:25:00,PEPPERSTONE:EURUSD,1.16413,1.16413,1.16395,1.16409,523.0
2026-03-04 17:30:00,PEPPERSTONE:EURUSD,1.16407,1.16418,1.16395,1.16416,427.0
2026-03-04 17:35:00,PEPPERSTONE:EURUSD,1.16415,1.16438,1.16414,1.16431,416.0
2026-03-04 17:40:00,PEPPERSTONE:EURUSD,1.16432,1.16438,1.16417,1.1643,495.0
2026-03-04 17:45:00,PEPPERSTONE:EURUSD,1.16431,1.16435,1.1641,1.16412,306.0
2026-03-04 17:50:00,PEPPERSTONE:EURUSD,1.16411,1.16425,1.164,1.16424,669.0
2026-03-04 17:55:00,PEPPERSTONE:EURUSD,1.16424,1.16425,1.16402,1.16405,722.0
2026-03-04 18:00:00,PEPPERSTONE:EURUSD,1.16404,1.16408,1.16381,1.16382,477.0
2026-03-04 18:05:00,PEPPERSTONE:EURUSD,1.16382,1.16386,1.16376,1.16383,350.0
2026-03-04 18:10:00,PEPPERSTONE:EURUSD,1.16383,1.16395,1.1637,1.16395,304.0
2026-03-04 18:15:00,PEPPERSTONE:EURUSD,1.16397,1.16415,1.16394,1.16412,280.0
2026-03-04 18:20:00,PEPPERSTONE:EURUSD,1.16413,1.16418,1.164,1.16402,244.0
2026-03-04 18:25:00,PEPPERSTONE:EURUSD,1.164,1.16403,1.16389,1.16403,233.0
2026-03-04 18:30:00,PEPPERSTONE:EURUSD,1.16402,1.16403,1.1638,1.16383,242.0
2026-03-04 18:35:00,PEPPERSTONE:EURUSD,1.16384,1.16385,1.16362,1.16369,311.0
2026-03-04 18:40:00,PEPPERSTONE:EURUSD,1.16369,1.16369,1.16354,1.16355,211.0
2026-03-04 18:45:00,PEPPERSTONE:EURUSD,1.16355,1.16365,1.16355,1.16356,207.0
2026-03-04 18:50:00,PEPPERSTONE:EURUSD,1.16356,1.16369,1.16356,1.16363,353.0
2026-03-04 18:55:00,PEPPERSTONE:EURUSD,1.16362,1.16372,1.16343,1.16355,448.0
2026-03-04 19:00:00,PEPPERSTONE:EURUSD,1.1628,1.16283,1.16239,1.16267,88.0
2026-03-04 19:05:00,PEPPERSTONE:EURUSD,1.16276,1.16293,1.16248,1.16278,251.0
2026-03-04 19:10:00,PEPPERSTONE:EURUSD,1.1628,1.16286,1.16265,1.16279,204.0
2026-03-04 19:15:00,PEPPERSTONE:EURUSD,1.16283,1.16319,1.1628,1.16313,124.0
2026-03-04 19:20:00,PEPPERSTONE:EURUSD,1.1631,1.16317,1.16307,1.16308,48.0
2026-03-04 19:25:00,PEPPERSTONE:EURUSD,1.16307,1.16329,1.16306,1.16326,89.0
2026-03-04 19:30:00,PEPPERSTONE:EURUSD,1.16327,1.16332,1.16325,1.16328,104.0
2026-03-04 19:35:00,PEPPERSTONE:EURUSD,1.1633,1.16333,1.16329,1.16332,41.0
2026-03-04 19:40:00,PEPPERSTONE:EURUSD,1.16333,1.16334,1.16327,1.16327,72.0
2026-03-04 19:45:00,PEPPERSTONE:EURUSD,1.16326,1.16328,1.16325,1.16326,43.0
2026-03-04 19:50:00,PEPPERSTONE:EURUSD,1.16326,1.16326,1.16325,1.16326,18.0
2026-03-04 19:55:00,PEPPERSTONE:EURUSD,1.16328,1.16338,1.16326,1.16334,104.0
2026-03-04 20:00:00,PEPPERSTONE:EURUSD,1.16342,1.16389,1.16341,1.16373,339.0
2026-03-04 20:05:00,PEPPERSTONE:EURUSD,1.16373,1.16377,1.1636,1.16375,191.0
2026-03-04 20:10:00,PEPPERSTONE:EURUSD,1.16376,1.16376,1.16345,1.16356,243.0
2026-03-04 20:15:00,PEPPERSTONE:EURUSD,1.16354,1.16363,1.16352,1.16358,311.0
2026-03-04 20:20:00,PEPPERSTONE:EURUSD,1.16357,1.16361,1.16352,1.16357,249.0
2026-03-04 20:25:00,PEPPERSTONE:EURUSD,1.16358,1.1637,1.16358,1.16365,377.0
2026-03-04 20:30:00,PEPPERSTONE:EURUSD,1.16366,1.1637,1.16349,1.16351,303.0
2026-03-04 20:35:00,PEPPERSTONE:EURUSD,1.16351,1.16352,1.16339,1.16342,219.0
2026-03-04 20:40:00,PEPPERSTONE:EURUSD,1.16343,1.16355,1.16337,1.16353,284.0
2026-03-04 20:45:00,PEPPERSTONE:EURUSD,1.16352,1.16363,1.16344,1.16356,354.0
2026-03-04 20:50:00,PEPPERSTONE:EURUSD,1.16357,1.16358,1.1634,1.1635,382.0
2026-03-04 20:55:00,PEPPERSTONE:EURUSD,1.16351,1.16359,1.16344,1.16349,402.0
2026-03-04 21:00:00,PEPPERSTONE:EURUSD,1.16347,1.16352,1.1632,1.16347,735.0
2026-03-04 21:05:00,PEPPERSTONE:EURUSD,1.16346,1.16367,1.16344,1.16366,569.0
2026-03-04 21:10:00,PEPPERSTONE:EURUSD,1.16367,1.16377,1.16365,1.16375,467.0
2026-03-04 21:15:00,PEPPERSTONE:EURUSD,1.16372,1.16415,1.16368,1.16413,681.0
2026-03-04 21:20:00,PEPPERSTONE:EURUSD,1.16415,1.16442,1.16414,1.16436,568.0
2026-03-04 21:25:00,PEPPERSTONE:EURUSD,1.16434,1.16438,1.16422,1.1643,313.0
2026-03-04 21:30:00,PEPPERSTONE:EURUSD,1.16428,1.16428,1.16396,1.16413,400.0
2026-03-04 21:35:00,PEPPERSTONE:EURUSD,1.16407,1.1644,1.16402,1.16439,376.0
2026-03-04 21:40:00,PEPPERSTONE:EURUSD,1.16438,1.16455,1.16437,1.16439,521.0
2026-03-04 21:45:00,PEPPERSTONE:EURUSD,1.1644,1.16442,1.16418,1.16439,380.0
2026-03-04 21:50:00,PEPPERSTONE:EURUSD,1.16438,1.1645,1.16424,1.16447,552.0
2026-03-04 21:55:00,PEPPERSTONE:EURUSD,1.16444,1.16455,1.16442,1.1645,501.0
2026-03-04 22:00:00,PEPPERSTONE:EURUSD,1.16451,1.16451,1.16382,1.16386,882.0
2026-03-04 22:05:00,PEPPERSTONE:EURUSD,1.16387,1.16403,1.16371,1.16391,663.0
2026-03-04 22:10:00,PEPPERSTONE:EURUSD,1.1639,1.16436,1.16389,1.16413,703.0
2026-03-04 22:15:00,PEPPERSTONE:EURUSD,1.16414,1.16454,1.16414,1.16443,766.0
2026-03-04 22:20:00,PEPPERSTONE:EURUSD,1.16439,1.16445,1.16424,1.16433,613.0
2026-03-04 22:25:00,PEPPERSTONE:EURUSD,1.16432,1.1647,1.16423,1.1647,662.0
2026-03-04 22:30:00,PEPPERSTONE:EURUSD,1.16471,1.16476,1.16418,1.16423,925.0
2026-03-04 22:35:00,PEPPERSTONE:EURUSD,1.16421,1.16421,1.16359,1.16363,845.0
2026-03-04 22:40:00,PEPPERSTONE:EURUSD,1.16365,1.16367,1.1631,1.16327,950.0
2026-03-04 22:45:00,PEPPERSTONE:EURUSD,1.16326,1.16328,1.16301,1.16318,853.0
2026-03-04 22:50:00,PEPPERSTONE:EURUSD,1.16316,1.16324,1.16289,1.16312,863.0
2026-03-04 22:55:00,PEPPERSTONE:EURUSD,1.16309,1.16316,1.16271,1.16282,832.0
2026-03-04 23:00:00,PEPPERSTONE:EURUSD,1.16284,1.1631,1.16271,1.16297,898.0
2026-03-04 23:05:00,PEPPERSTONE:EURUSD,1.16298,1.16314,1.16283,1.16298,585.0
2026-03-04 23:10:00,PEPPERSTONE:EURUSD,1.16297,1.16312,1.16292,1.16296,430.0
2026-03-04 23:15:00,PEPPERSTONE:EURUSD,1.16296,1.16319,1.16279,1.16315,670.0
2026-03-04 23:20:00,PEPPERSTONE:EURUSD,1.16314,1.16314,1.16224,1.16248,854.0
2026-03-04 23:25:00,PEPPERSTONE:EURUSD,1.1625,1.16273,1.1624,1.16268,632.0
2026-03-04 23:30:00,PEPPERSTONE:EURUSD,1.16267,1.16268,1.16226,1.16234,644.0
2026-03-04 23:35:00,PEPPERSTONE:EURUSD,1.16231,1.16247,1.16223,1.16247,611.0
2026-03-04 23:40:00,PEPPERSTONE:EURUSD,1.16249,1.16282,1.16248,1.16275,626.0
2026-03-04 23:45:00,PEPPERSTONE:EURUSD,1.16277,1.16295,1.16274,1.16295,458.0
2026-03-04 23:50:00,PEPPERSTONE:EURUSD,1.16294,1.16308,1.16264,1.16265,620.0
2026-03-04 23:55:00,PEPPERSTONE:EURUSD,1.16266,1.16269,1.16245,1.16258,752.0
2026-03-05 00:00:00,PEPPERSTONE:EURUSD,1.16256,1.16277,1.1624,1.16244,668.0
2026-03-05 00:05:00,PEPPERSTONE:EURUSD,1.16242,1.16262,1.16242,1.16251,748.0
2026-03-05 00:10:00,PEPPERSTONE:EURUSD,1.16252,1.16253,1.16198,1.16206,606.0
2026-03-05 00:15:00,PEPPERSTONE:EURUSD,1.16207,1.16213,1.1616,1.16171,678.0
2026-03-05 00:20:00,PEPPERSTONE:EURUSD,1.16173,1.16175,1.16142,1.16174,818.0
2026-03-05 00:25:00,PEPPERSTONE:EURUSD,1.16175,1.16175,1.16123,1.16143,692.0
2026-03-05 00:30:00,PEPPERSTONE:EURUSD,1.16144,1.16148,1.16099,1.16107,893.0
2026-03-05 00:35:00,PEPPERSTONE:EURUSD,1.16108,1.16146,1.16103,1.16139,632.0
2026-03-05 00:40:00,PEPPERSTONE:EURUSD,1.1614,1.1616,1.16138,1.1614,493.0
2026-03-05 00:45:00,PEPPERSTONE:EURUSD,1.16141,1.16157,1.16131,1.16133,490.0
2026-03-05 00:50:00,PEPPERSTONE:EURUSD,1.16132,1.1615,1.16122,1.16132,498.0
2026-03-05 00:55:00,PEPPERSTONE:EURUSD,1.16131,1.16138,1.16109,1.16134,587.0
2026-03-05 01:00:00,PEPPERSTONE:EURUSD,1.16131,1.16133,1.16096,1.16102,611.0
2026-03-05 01:05:00,PEPPERSTONE:EURUSD,1.16104,1.16144,1.16102,1.16136,441.0
2026-03-05 01:10:00,PEPPERSTONE:EURUSD,1.16135,1.16148,1.1613,1.16133,410.0
2026-03-05 01:15:00,PEPPERSTONE:EURUSD,1.16136,1.16138,1.16111,1.16114,504.0
2026-03-05 01:20:00,PEPPERSTONE:EURUSD,1.16113,1.16136,1.16112,1.16126,429.0
2026-03-05 01:25:00,PEPPERSTONE:EURUSD,1.16125,1.16126,1.16071,1.16072,546.0
2026-03-05 01:30:00,PEPPERSTONE:EURUSD,1.16071,1.16102,1.16064,1.16083,916.0
2026-03-05 01:35:00,PEPPERSTONE:EURUSD,1.16085,1.16096,1.16079,1.16094,790.0
2026-03-05 01:40:00,PEPPERSTONE:EURUSD,1.16093,1.16098,1.16074,1.16079,622.0
2026-03-05 01:45:00,PEPPERSTONE:EURUSD,1.16078,1.16084,1.16055,1.16065,614.0
2026-03-05 01:50:00,PEPPERSTONE:EURUSD,1.16063,1.16089,1.16063,1.16089,421.0
2026-03-05 01:55:00,PEPPERSTONE:EURUSD,1.16089,1.16101,1.16077,1.16085,578.0
2026-03-05 02:00:00,PEPPERSTONE:EURUSD,1.16082,1.16085,1.16069,1.16083,600.0
2026-03-05 02:05:00,PEPPERSTONE:EURUSD,1.16084,1.16104,1.16077,1.16098,399.0
2026-03-05 02:10:00,PEPPERSTONE:EURUSD,1.16097,1.16129,1.16091,1.16107,556.0
2026-03-05 02:15:00,PEPPERSTONE:EURUSD,1.16105,1.16114,1.16087,1.16093,410.0
2026-03-05 02:20:00,PEPPERSTONE:EURUSD,1.16089,1.16118,1.16085,1.16113,471.0
2026-03-05 02:25:00,PEPPERSTONE:EURUSD,1.16112,1.16141,1.16108,1.16114,476.0
2026-03-05 02:30:00,PEPPERSTONE:EURUSD,1.16116,1.16118,1.16067,1.16082,531.0
2026-03-05 02:35:00,PEPPERSTONE:EURUSD,1.16083,1.1609,1.1604,1.16051,752.0
2026-03-05 02:40:00,PEPPERSTONE:EURUSD,1.16054,1.16068,1.16039,1.16062,590.0
2026-03-05 02:45:00,PEPPERSTONE:EURUSD,1.16061,1.16063,1.16015,1.16021,721.0
2026-03-05 02:50:00,PEPPERSTONE:EURUSD,1.1602,1.16022,1.15976,1.15983,760.0
2026-03-05 02:55:00,PEPPERSTONE:EURUSD,1.15985,1.15991,1.1594,1.15945,797.0
2026-03-05 03:00:00,PEPPERSTONE:EURUSD,1.15943,1.15959,1.15919,1.15943,1053.0
2026-03-05 03:05:00,PEPPERSTONE:EURUSD,1.15942,1.15949,1.15892,1.15906,839.0
2026-03-05 03:10:00,PEPPERSTONE:EURUSD,1.15905,1.15927,1.15884,1.15897,936.0
2026-03-05 03:15:00,PEPPERSTONE:EURUSD,1.159,1.15936,1.15878,1.1593,939.0
2026-03-05 03:20:00,PEPPERSTONE:EURUSD,1.15929,1.15955,1.15905,1.15951,841.0
2026-03-05 03:25:00,PEPPERSTONE:EURUSD,1.1595,1.15958,1.15936,1.15946,757.0
2026-03-05 03:30:00,PEPPERSTONE:EURUSD,1.1595,1.1597,1.15926,1.15966,705.0
2026-03-05 03:35:00,PEPPERSTONE:EURUSD,1.15967,1.15998,1.15961,1.15993,726.0
2026-03-05 03:40:00,PEPPERSTONE:EURUSD,1.15994,1.16009,1.15978,1.15995,640.0
2026-03-05 03:45:00,PEPPERSTONE:EURUSD,1.15996,1.16102,1.15956,1.16102,786.0
2026-03-05 03:50:00,PEPPERSTONE:EURUSD,1.16103,1.1616,1.16024,1.16024,1604.0
2026-03-05 03:55:00,PEPPERSTONE:EURUSD,1.16025,1.16077,1.16016,1.16071,1003.0
2026-03-05 04:00:00,PEPPERSTONE:EURUSD,1.16068,1.16106,1.16048,1.16051,1014.0
2026-03-05 04:05:00,PEPPERSTONE:EURUSD,1.16052,1.1607,1.16034,1.16042,834.0
2026-03-05 04:10:00,PEPPERSTONE:EURUSD,1.16043,1.16118,1.16025,1.16038,978.0
2026-03-05 04:15:00,PEPPERSTONE:EURUSD,1.16037,1.16049,1.1599,1.16045,1347.0
2026-03-05 04:20:00,PEPPERSTONE:EURUSD,1.16045,1.16079,1.16036,1.1606,1078.0
2026-03-05 04:25:00,PEPPERSTONE:EURUSD,1.16059,1.16092,1.16056,1.16086,757.0
2026-03-05 04:30:00,PEPPERSTONE:EURUSD,1.16085,1.16109,1.16072,1.16104,833.0
2026-03-05 04:35:00,PEPPERSTONE:EURUSD,1.16105,1.1614,1.16104,1.16132,675.0
2026-03-05 04:40:00,PEPPERSTONE:EURUSD,1.16132,1.16163,1.16126,1.16131,673.0
2026-03-05 04:45:00,PEPPERSTONE:EURUSD,1.16127,1.16129,1.16089,1.16089,884.0
2026-03-05 04:50:00,PEPPERSTONE:EURUSD,1.1609,1.161,1.16015,1.16023,868.0
2026-03-05 04:55:00,PEPPERSTONE:EURUSD,1.16027,1.16089,1.16014,1.16049,1110.0
2026-03-05 05:00:00,PEPPERSTONE:EURUSD,1.1605,1.1605,1.15931,1.1594,1287.0
2026-03-05 05:05:00,PEPPERSTONE:EURUSD,1.15939,1.16016,1.15934,1.15954,1220.0
2026-03-05 05:10:00,PEPPERSTONE:EURUSD,1.15954,1.15957,1.15892,1.15914,1383.0
2026-03-05 05:15:00,PEPPERSTONE:EURUSD,1.15915,1.15978,1.15902,1.15924,1014.0
2026-03-05 05:20:00,PEPPERSTONE:EURUSD,1.15923,1.15934,1.15857,1.15888,1105.0
2026-03-05 05:25:00,PEPPERSTONE:EURUSD,1.15886,1.15896,1.15825,1.15834,1335.0
2026-03-05 05:30:00,PEPPERSTONE:EURUSD,1.15833,1.15881,1.15817,1.15869,1058.0
2026-03-05 05:35:00,PEPPERSTONE:EURUSD,1.15868,1.15926,1.15861,1.15904,870.0
2026-03-05 05:40:00,PEPPERSTONE:EURUSD,1.15905,1.15945,1.15892,1.15941,847.0
2026-03-05 05:45:00,PEPPERSTONE:EURUSD,1.15938,1.15981,1.15938,1.15968,726.0
2026-03-05 05:50:00,PEPPERSTONE:EURUSD,1.15966,1.15996,1.15934,1.15962,782.0
2026-03-05 05:55:00,PEPPERSTONE:EURUSD,1.15965,1.16007,1.15958,1.15988,882.0
2026-03-05 06:00:00,PEPPERSTONE:EURUSD,1.15989,1.16072,1.15966,1.16071,905.0
2026-03-05 06:05:00,PEPPERSTONE:EURUSD,1.16073,1.16445,1.16062,1.1634,1997.0
2026-03-05 06:10:00,PEPPERSTONE:EURUSD,1.16337,1.16413,1.16257,1.16411,2019.0
2026-03-05 06:15:00,PEPPERSTONE:EURUSD,1.16409,1.16424,1.16241,1.16267,1743.0
2026-03-05 06:20:00,PEPPERSTONE:EURUSD,1.16266,1.16361,1.16262,1.16346,1649.0
2026-03-05 06:25:00,PEPPERSTONE:EURUSD,1.16346,1.16378,1.16246,1.16271,1344.0
2026-03-05 06:30:00,PEPPERSTONE:EURUSD,1.16273,1.16273,1.162,1.16223,1306.0
2026-03-05 06:35:00,PEPPERSTONE:EURUSD,1.16225,1.16249,1.16161,1.16166,1400.0
2026-03-05 06:40:00,PEPPERSTONE:EURUSD,1.16167,1.16224,1.16146,1.16213,1297.0
2026-03-05 06:45:00,PEPPERSTONE:EURUSD,1.16219,1.16233,1.16166,1.16233,1213.0
2026-03-05 06:50:00,PEPPERSTONE:EURUSD,1.16241,1.16241,1.16156,1.16161,1165.0
2026-03-05 06:55:00,PEPPERSTONE:EURUSD,1.16164,1.16241,1.16152,1.16227,929.0
2026-03-05 07:00:00,PEPPERSTONE:EURUSD,1.16228,1.16287,1.16221,1.16264,1119.0
2026-03-05 07:05:00,PEPPERSTONE:EURUSD,1.16265,1.16316,1.16243,1.1625,1100.0
2026-03-05 07:10:00,PEPPERSTONE:EURUSD,1.16249,1.16272,1.16232,1.16238,763.0
2026-03-05 07:15:00,PEPPERSTONE:EURUSD,1.16242,1.16248,1.16202,1.16234,844.0
2026-03-05 07:20:00,PEPPERSTONE:EURUSD,1.16232,1.16239,1.16201,1.16202,696.0
2026-03-05 07:25:00,PEPPERSTONE:EURUSD,1.16203,1.16216,1.16189,1.16208,960.0
2026-03-05 07:30:00,PEPPERSTONE:EURUSD,1.1621,1.16215,1.16149,1.16163,808.0
2026-03-05 07:35:00,PEPPERSTONE:EURUSD,1.16164,1.16177,1.16114,1.16123,734.0
2026-03-05 07:40:00,PEPPERSTONE:EURUSD,1.16117,1.1612,1.16069,1.16094,744.0
2026-03-05 07:45:00,PEPPERSTONE:EURUSD,1.16095,1.16111,1.16067,1.16072,650.0
2026-03-05 07:50:00,PEPPERSTONE:EURUSD,1.16074,1.16121,1.16062,1.16108,974.0
2026-03-05 07:55:00,PEPPERSTONE:EURUSD,1.16111,1.16145,1.16097,1.1611,928.0
2026-03-05 08:00:00,PEPPERSTONE:EURUSD,1.16112,1.16174,1.16065,1.16142,1031.0
2026-03-05 08:05:00,PEPPERSTONE:EURUSD,1.16142,1.16155,1.16121,1.16145,596.0
2026-03-05 08:10:00,PEPPERSTONE:EURUSD,1.16144,1.16145,1.1611,1.16144,612.0
2026-03-05 08:15:00,PEPPERSTONE:EURUSD,1.16145,1.16167,1.16106,1.16109,549.0
2026-03-05 08:20:00,PEPPERSTONE:EURUSD,1.1611,1.16127,1.16073,1.16074,757.0
2026-03-05 08:25:00,PEPPERSTONE:EURUSD,1.16075,1.1612,1.16067,1.16087,680.0
2026-03-05 08:30:00,PEPPERSTONE:EURUSD,1.16086,1.16096,1.16059,1.16086,596.0
2026-03-05 08:35:00,PEPPERSTONE:EURUSD,1.16087,1.16109,1.16046,1.1605,899.0
2026-03-05 08:40:00,PEPPERSTONE:EURUSD,1.16048,1.1607,1.16037,1.16057,767.0
2026-03-05 08:45:00,PEPPERSTONE:EURUSD,1.16057,1.16088,1.16055,1.16073,890.0
2026-03-05 08:50:00,PEPPERSTONE:EURUSD,1.16074,1.1611,1.16065,1.16081,933.0
2026-03-05 08:55:00,PEPPERSTONE:EURUSD,1.1608,1.16124,1.16068,1.16113,762.0
2026-03-05 09:00:00,PEPPERSTONE:EURUSD,1.16114,1.16124,1.16074,1.16084,823.0
2026-03-05 09:05:00,PEPPERSTONE:EURUSD,1.16085,1.16126,1.16081,1.16088,539.0
2026-03-05 09:10:00,PEPPERSTONE:EURUSD,1.16085,1.16102,1.16074,1.1609,527.0
2026-03-05 09:15:00,PEPPERSTONE:EURUSD,1.16088,1.16166,1.16087,1.16166,594.0
2026-03-05 09:20:00,PEPPERSTONE:EURUSD,1.16165,1.1624,1.16164,1.16193,1011.0
2026-03-05 09:25:00,PEPPERSTONE:EURUSD,1.16188,1.16196,1.16144,1.16172,755.0
2026-03-05 09:30:00,PEPPERSTONE:EURUSD,1.16164,1.16228,1.16157,1.16219,782.0
2026-03-05 09:35:00,PEPPERSTONE:EURUSD,1.16218,1.1625,1.16197,1.16229,697.0
2026-03-05 09:40:00,PEPPERSTONE:EURUSD,1.1623,1.16249,1.16197,1.16199,689.0
2026-03-05 09:45:00,PEPPERSTONE:EURUSD,1.16193,1.1621,1.16145,1.16155,756.0
2026-03-05 09:50:00,PEPPERSTONE:EURUSD,1.16153,1.16162,1.16089,1.16144,1305.0
2026-03-05 09:55:00,PEPPERSTONE:EURUSD,1.16145,1.16222,1.16137,1.16205,917.0
2026-03-05 10:00:00,PEPPERSTONE:EURUSD,1.162,1.16207,1.16172,1.16195,925.0
2026-03-05 10:05:00,PEPPERSTONE:EURUSD,1.16186,1.16205,1.16163,1.16183,830.0
2026-03-05 10:10:00,PEPPERSTONE:EURUSD,1.16183,1.16246,1.16178,1.16227,709.0
2026-03-05 10:15:00,PEPPERSTONE:EURUSD,1.16226,1.16244,1.16186,1.16202,826.0
2026-03-05 10:20:00,PEPPERSTONE:EURUSD,1.16201,1.16224,1.16115,1.16146,1115.0
2026-03-05 10:25:00,PEPPERSTONE:EURUSD,1.16142,1.16155,1.16114,1.16133,957.0
2026-03-05 10:30:00,PEPPERSTONE:EURUSD,1.16131,1.16136,1.16071,1.1612,1176.0
2026-03-05 10:35:00,PEPPERSTONE:EURUSD,1.16121,1.16121,1.16025,1.16028,1179.0
2026-03-05 10:40:00,PEPPERSTONE:EURUSD,1.16024,1.16035,1.15981,1.15983,960.0
2026-03-05 10:45:00,PEPPERSTONE:EURUSD,1.15984,1.15989,1.15902,1.15922,1159.0
2026-03-05 10:50:00,PEPPERSTONE:EURUSD,1.15926,1.16003,1.15919,1.15966,1083.0
2026-03-05 10:55:00,PEPPERSTONE:EURUSD,1.15965,1.15997,1.15955,1.15975,1118.0
2026-03-05 11:00:00,PEPPERSTONE:EURUSD,1.15973,1.16056,1.15965,1.16056,1292.0
2026-03-05 11:05:00,PEPPERSTONE:EURUSD,1.16055,1.16079,1.16024,1.16069,1133.0
2026-03-05 11:10:00,PEPPERSTONE:EURUSD,1.16068,1.16088,1.16001,1.16002,936.0
2026-03-05 11:15:00,PEPPERSTONE:EURUSD,1.16003,1.16025,1.15977,1.16004,978.0
2026-03-05 11:20:00,PEPPERSTONE:EURUSD,1.16005,1.16035,1.15973,1.16004,1036.0
2026-03-05 11:25:00,PEPPERSTONE:EURUSD,1.16003,1.16021,1.15976,1.16005,986.0
2026-03-05 11:30:00,PEPPERSTONE:EURUSD,1.16008,1.16075,1.16003,1.16072,1225.0
2026-03-05 11:35:00,PEPPERSTONE:EURUSD,1.16069,1.16074,1.15936,1.15947,1245.0
2026-03-05 11:40:00,PEPPERSTONE:EURUSD,1.15945,1.16007,1.15934,1.1595,1389.0
2026-03-05 11:45:00,PEPPERSTONE:EURUSD,1.15952,1.16018,1.15924,1.15999,1155.0
2026-03-05 11:50:00,PEPPERSTONE:EURUSD,1.15996,1.16026,1.15972,1.1599,1218.0
2026-03-05 11:55:00,PEPPERSTONE:EURUSD,1.15991,1.16059,1.15982,1.16025,1311.0
2026-03-05 12:00:00,PEPPERSTONE:EURUSD,1.16029,1.1609,1.16024,1.16067,1354.0
2026-03-05 12:05:00,PEPPERSTONE:EURUSD,1.16068,1.16073,1.15961,1.15998,1363.0
2026-03-05 12:10:00,PEPPERSTONE:EURUSD,1.16,1.16011,1.15957,1.1601,1294.0
2026-03-05 12:15:00,PEPPERSTONE:EURUSD,1.16007,1.16025,1.15888,1.15921,1385.0
2026-03-05 12:20:00,PEPPERSTONE:EURUSD,1.1592,1.15936,1.15867,1.15875,1154.0
2026-03-05 12:25:00,PEPPERSTONE:EURUSD,1.15875,1.15875,1.1578,1.15802,1163.0
2026-03-05 12:30:00,PEPPERSTONE:EURUSD,1.15805,1.1582,1.15779,1.15819,1176.0
2026-03-05 12:35:00,PEPPERSTONE:EURUSD,1.15821,1.15827,1.15693,1.15708,1304.0
2026-03-05 12:40:00,PEPPERSTONE:EURUSD,1.15709,1.15771,1.15691,1.15727,1228.0
2026-03-05 12:45:00,PEPPERSTONE:EURUSD,1.15728,1.1577,1.15713,1.15717,1301.0
2026-03-05 12:50:00,PEPPERSTONE:EURUSD,1.15717,1.15808,1.15712,1.15774,1157.0
2026-03-05 12:55:00,PEPPERSTONE:EURUSD,1.15774,1.1585,1.15774,1.15833,1087.0
2026-03-05 13:00:00,PEPPERSTONE:EURUSD,1.15831,1.15865,1.15752,1.15752,1178.0
2026-03-05 13:05:00,PEPPERSTONE:EURUSD,1.1575,1.15752,1.15659,1.1568,1336.0
2026-03-05 13:10:00,PEPPERSTONE:EURUSD,1.15679,1.15762,1.15659,1.15743,1232.0
2026-03-05 13:15:00,PEPPERSTONE:EURUSD,1.15739,1.15752,1.15694,1.15696,1268.0
2026-03-05 13:20:00,PEPPERSTONE:EURUSD,1.15695,1.15737,1.15618,1.15634,1178.0
2026-03-05 13:25:00,PEPPERSTONE:EURUSD,1.15633,1.1566,1.1559,1.15613,1350.0
2026-03-05 13:30:00,PEPPERSTONE:EURUSD,1.1561,1.15706,1.156,1.15688,1194.0
2026-03-05 13:35:00,PEPPERSTONE:EURUSD,1.1569,1.15751,1.15663,1.15744,1187.0
2026-03-05 13:40:00,PEPPERSTONE:EURUSD,1.15743,1.15813,1.15717,1.15796,1195.0
2026-03-05 13:45:00,PEPPERSTONE:EURUSD,1.15798,1.15809,1.15752,1.15785,1123.0
2026-03-05 13:50:00,PEPPERSTONE:EURUSD,1.15786,1.15796,1.15717,1.15765,1129.0
2026-03-05 13:55:00,PEPPERSTONE:EURUSD,1.15766,1.15838,1.15766,1.15838,1130.0
2026-03-05 14:00:00,PEPPERSTONE:EURUSD,1.15839,1.15877,1.15802,1.15859,1224.0
2026-03-05 14:05:00,PEPPERSTONE:EURUSD,1.1586,1.15867,1.15797,1.1581,1041.0
2026-03-05 14:10:00,PEPPERSTONE:EURUSD,1.15805,1.15814,1.15749,1.15779,1126.0
2026-03-05 14:15:00,PEPPERSTONE:EURUSD,1.15781,1.15793,1.1576,1.15774,1113.0
2026-03-05 14:20:00,PEPPERSTONE:EURUSD,1.15775,1.15889,1.15774,1.15866,1108.0
2026-03-05 14:25:00,PEPPERSTONE:EURUSD,1.15865,1.15869,1.15803,1.15805,1022.0
2026-03-05 14:30:00,PEPPERSTONE:EURUSD,1.15803,1.15804,1.15733,1.15739,1203.0
2026-03-05 14:35:00,PEPPERSTONE:EURUSD,1.15741,1.15897,1.15727,1.15895,1413.0
2026-03-05 14:40:00,PEPPERSTONE:EURUSD,1.15896,1.15921,1.15812,1.15852,1527.0
2026-03-05 14:45:00,PEPPERSTONE:EURUSD,1.15853,1.15875,1.15784,1.1583,1223.0
2026-03-05 14:50:00,PEPPERSTONE:EURUSD,1.15829,1.15886,1.15809,1.15809,1222.0
2026-03-05 14:55:00,PEPPERSTONE:EURUSD,1.1581,1.15894,1.15805,1.15878,1207.0
2026-03-05 15:00:00,PEPPERSTONE:EURUSD,1.15879,1.159,1.1584,1.15844,1572.0
2026-03-05 15:05:00,PEPPERSTONE:EURUSD,1.15843,1.15881,1.1584,1.15856,1336.0
2026-03-05 15:10:00,PEPPERSTONE:EURUSD,1.15857,1.1587,1.15816,1.15853,1072.0
2026-03-05 15:15:00,PEPPERSTONE:EURUSD,1.1585,1.1586,1.15737,1.15738,1063.0
2026-03-05 15:20:00,PEPPERSTONE:EURUSD,1.15739,1.15847,1.15712,1.15828,1192.0
2026-03-05 15:25:00,PEPPERSTONE:EURUSD,1.15829,1.15841,1.15769,1.15829,1224.0
2026-03-05 15:30:00,PEPPERSTONE:EURUSD,1.15831,1.15875,1.15824,1.15848,1226.0
2026-03-05 15:35:00,PEPPERSTONE:EURUSD,1.15849,1.15889,1.15825,1.15884,1120.0
2026-03-05 15:40:00,PEPPERSTONE:EURUSD,1.15881,1.15917,1.1585,1.15906,1008.0
2026-03-05 15:45:00,PEPPERSTONE:EURUSD,1.15908,1.15909,1.15846,1.15867,1044.0
2026-03-05 15:50:00,PEPPERSTONE:EURUSD,1.15867,1.15867,1.15817,1.15845,1007.0
2026-03-05 15:55:00,PEPPERSTONE:EURUSD,1.15848,1.15871,1.15828,1.15861,1173.0
2026-03-05 16:00:00,PEPPERSTONE:EURUSD,1.15859,1.15882,1.15845,1.15857,997.0
2026-03-05 16:05:00,PEPPERSTONE:EURUSD,1.15856,1.15873,1.15839,1.15848,915.0
2026-03-05 16:10:00,PEPPERSTONE:EURUSD,1.15847,1.15856,1.15832,1.15854,824.0
2026-03-05 16:15:00,PEPPERSTONE:EURUSD,1.15852,1.15852,1.15795,1.15825,914.0
2026-03-05 16:20:00,PEPPERSTONE:EURUSD,1.15826,1.15854,1.15802,1.15819,877.0
2026-03-05 16:25:00,PEPPERSTONE:EURUSD,1.15816,1.15823,1.15764,1.15785,867.0
2026-03-05 16:30:00,PEPPERSTONE:EURUSD,1.15783,1.15783,1.15728,1.15744,884.0
2026-03-05 16:35:00,PEPPERSTONE:EURUSD,1.15745,1.15752,1.15714,1.15735,881.0
2026-03-05 16:40:00,PEPPERSTONE:EURUSD,1.15736,1.15784,1.15735,1.1577,932.0
2026-03-05 16:45:00,PEPPERSTONE:EURUSD,1.15768,1.15769,1.15728,1.1575,827.0
2026-03-05 16:50:00,PEPPERSTONE:EURUSD,1.15752,1.1578,1.15719,1.15726,851.0
2026-03-05 16:55:00,PEPPERSTONE:EURUSD,1.15725,1.1573,1.157,1.15729,744.0
2026-03-05 17:00:00,PEPPERSTONE:EURUSD,1.15728,1.15795,1.15702,1.15785,825.0
2026-03-05 17:05:00,PEPPERSTONE:EURUSD,1.15787,1.15904,1.15748,1.15887,1370.0
2026-03-05 17:10:00,PEPPERSTONE:EURUSD,1.15887,1.16026,1.15885,1.1602,1503.0
2026-03-05 17:15:00,PEPPERSTONE:EURUSD,1.16021,1.16085,1.15963,1.15965,1418.0
2026-03-05 17:20:00,PEPPERSTONE:EURUSD,1.15964,1.16027,1.15953,1.16027,1084.0
2026-03-05 17:25:00,PEPPERSTONE:EURUSD,1.16028,1.16102,1.16026,1.16041,1207.0
2026-03-05 17:30:00,PEPPERSTONE:EURUSD,1.16039,1.16087,1.16008,1.16054,1207.0
2026-03-05 17:35:00,PEPPERSTONE:EURUSD,1.16053,1.16096,1.1605,1.16068,1141.0
2026-03-05 17:40:00,PEPPERSTONE:EURUSD,1.16066,1.16075,1.16035,1.16048,1002.0
2026-03-05 17:45:00,PEPPERSTONE:EURUSD,1.1605,1.16069,1.15995,1.16067,956.0
2026-03-05 17:50:00,PEPPERSTONE:EURUSD,1.16071,1.16082,1.16039,1.16076,957.0
2026-03-05 17:55:00,PEPPERSTONE:EURUSD,1.16077,1.16077,1.16022,1.16048,789.0
2026-03-05 18:00:00,PEPPERSTONE:EURUSD,1.16044,1.16081,1.16032,1.16075,595.0
2026-03-05 18:05:00,PEPPERSTONE:EURUSD,1.16075,1.16103,1.16072,1.16102,528.0
2026-03-05 18:10:00,PEPPERSTONE:EURUSD,1.16102,1.16104,1.16059,1.16061,471.0
2026-03-05 18:15:00,PEPPERSTONE:EURUSD,1.16063,1.16067,1.16037,1.1604,336.0
2026-03-05 18:20:00,PEPPERSTONE:EURUSD,1.1604,1.16054,1.16028,1.16034,303.0
2026-03-05 18:25:00,PEPPERSTONE:EURUSD,1.16035,1.16061,1.16026,1.16059,552.0
2026-03-05 18:30:00,PEPPERSTONE:EURUSD,1.16056,1.16076,1.16033,1.16034,477.0
2026-03-05 18:35:00,PEPPERSTONE:EURUSD,1.16034,1.16046,1.16017,1.16044,419.0
2026-03-05 18:40:00,PEPPERSTONE:EURUSD,1.16043,1.16048,1.16031,1.16047,329.0
2026-03-05 18:45:00,PEPPERSTONE:EURUSD,1.16043,1.16053,1.16029,1.16053,301.0
2026-03-05 18:50:00,PEPPERSTONE:EURUSD,1.16049,1.16081,1.16048,1.16075,363.0
2026-03-05 18:55:00,PEPPERSTONE:EURUSD,1.16077,1.16088,1.16076,1.16081,357.0
2026-03-05 19:00:00,PEPPERSTONE:EURUSD,1.16078,1.16087,1.16063,1.16065,30.0
2026-03-05 19:05:00,PEPPERSTONE:EURUSD,1.16063,1.16069,1.16062,1.16065,67.0
2026-03-05 19:10:00,PEPPERSTONE:EURUSD,1.16064,1.16067,1.16056,1.16059,353.0
2026-03-05 19:15:00,PEPPERSTONE:EURUSD,1.16056,1.16079,1.16056,1.16079,58.0
2026-03-05 19:20:00,PEPPERSTONE:EURUSD,1.16079,1.1609,1.16075,1.16078,94.0
2026-03-05 19:25:00,PEPPERSTONE:EURUSD,1.16077,1.16087,1.16072,1.16072,52.0
2026-03-05 19:30:00,PEPPERSTONE:EURUSD,1.16074,1.16082,1.16071,1.16081,41.0
2026-03-05 19:35:00,PEPPERSTONE:EURUSD,1.16082,1.16082,1.16065,1.16068,81.0
2026-03-05 19:40:00,PEPPERSTONE:EURUSD,1.16066,1.1607,1.16064,1.1607,52.0
2026-03-05 19:45:00,PEPPERSTONE:EURUSD,1.16069,1.16073,1.16067,1.16069,193.0
2026-03-05 19:50:00,PEPPERSTONE:EURUSD,1.16068,1.16071,1.16067,1.1607,133.0
2026-03-05 19:55:00,PEPPERSTONE:EURUSD,1.1607,1.1607,1.16063,1.16065,86.0
2026-03-05 20:00:00,PEPPERSTONE:EURUSD,1.16075,1.16089,1.16058,1.16061,486.0
2026-03-05 20:05:00,PEPPERSTONE:EURUSD,1.16065,1.16075,1.1603,1.16062,459.0
2026-03-05 20:10:00,PEPPERSTONE:EURUSD,1.16063,1.16084,1.1606,1.16078,223.0
2026-03-05 20:15:00,PEPPERSTONE:EURUSD,1.16079,1.16089,1.16066,1.1608,317.0
2026-03-05 20:20:00,PEPPERSTONE:EURUSD,1.16081,1.16097,1.16079,1.16093,203.0
2026-03-05 20:25:00,PEPPERSTONE:EURUSD,1.16093,1.16093,1.16076,1.16084,316.0
2026-03-05 20:30:00,PEPPERSTONE:EURUSD,1.16084,1.16091,1.16075,1.16084,406.0
2026-03-05 20:35:00,PEPPERSTONE:EURUSD,1.16083,1.16098,1.16079,1.16096,245.0
2026-03-05 20:40:00,PEPPERSTONE:EURUSD,1.16095,1.16097,1.16084,1.16093,259.0
2026-03-05 20:45:00,PEPPERSTONE:EURUSD,1.16092,1.16102,1.16079,1.16086,376.0
2026-03-05 20:50:00,PEPPERSTONE:EURUSD,1.16087,1.16091,1.16079,1.1609,329.0
2026-03-05 20:55:00,PEPPERSTONE:EURUSD,1.16089,1.1609,1.16065,1.16067,295.0
2026-03-05 21:00:00,PEPPERSTONE:EURUSD,1.16068,1.16095,1.16054,1.16095,700.0
2026-03-05 21:05:00,PEPPERSTONE:EURUSD,1.16095,1.16105,1.16085,1.16097,497.0
2026-03-05 21:10:00,PEPPERSTONE:EURUSD,1.16098,1.16105,1.16082,1.16092,521.0
2026-03-05 21:15:00,PEPPERSTONE:EURUSD,1.16093,1.16135,1.16092,1.16135,419.0
2026-03-05 21:20:00,PEPPERSTONE:EURUSD,1.16136,1.16143,1.16124,1.1613,520.0
2026-03-05 21:25:00,PEPPERSTONE:EURUSD,1.16131,1.16145,1.16123,1.16135,370.0
2026-03-05 21:30:00,PEPPERSTONE:EURUSD,1.16138,1.16142,1.16109,1.16119,491.0
2026-03-05 21:35:00,PEPPERSTONE:EURUSD,1.16118,1.16125,1.16093,1.16094,442.0
2026-03-05 21:40:00,PEPPERSTONE:EURUSD,1.16095,1.16115,1.16093,1.16112,474.0
2026-03-05 21:45:00,PEPPERSTONE:EURUSD,1.16111,1.16125,1.16106,1.16115,412.0
2026-03-05 21:50:00,PEPPERSTONE:EURUSD,1.16116,1.16126,1.16108,1.16121,481.0
2026-03-05 21:55:00,PEPPERSTONE:EURUSD,1.16122,1.16126,1.16099,1.16111,526.0
2026-03-05 22:00:00,PEPPERSTONE:EURUSD,1.1611,1.1612,1.16088,1.16103,741.0
2026-03-05 22:05:00,PEPPERSTONE:EURUSD,1.16099,1.16145,1.16099,1.16142,629.0
2026-03-05 22:10:00,PEPPERSTONE:EURUSD,1.16142,1.1616,1.16135,1.16155,496.0
2026-03-05 22:15:00,PEPPERSTONE:EURUSD,1.16156,1.16164,1.16139,1.16155,493.0
2026-03-05 22:20:00,PEPPERSTONE:EURUSD,1.16157,1.16161,1.16101,1.16111,626.0
2026-03-05 22:25:00,PEPPERSTONE:EURUSD,1.16116,1.16116,1.16068,1.16075,436.0
2026-03-05 22:30:00,PEPPERSTONE:EURUSD,1.16073,1.16156,1.16073,1.16153,811.0
2026-03-05 22:35:00,PEPPERSTONE:EURUSD,1.16154,1.16185,1.16144,1.16155,1060.0
2026-03-05 22:40:00,PEPPERSTONE:EURUSD,1.16155,1.16166,1.16146,1.16148,739.0
2026-03-05 22:45:00,PEPPERSTONE:EURUSD,1.16149,1.1617,1.16134,1.16164,669.0
2026-03-05 22:50:00,PEPPERSTONE:EURUSD,1.16165,1.16195,1.16161,1.16184,619.0
2026-03-05 22:55:00,PEPPERSTONE:EURUSD,1.16182,1.16201,1.1615,1.16153,700.0
2026-03-05 23:00:00,PEPPERSTONE:EURUSD,1.16151,1.16194,1.16143,1.16176,698.0
2026-03-05 23:05:00,PEPPERSTONE:EURUSD,1.16175,1.16177,1.16148,1.16154,555.0
2026-03-05 23:10:00,PEPPERSTONE:EURUSD,1.16153,1.16179,1.16144,1.16176,540.0
2026-03-05 23:15:00,PEPPERSTONE:EURUSD,1.16175,1.16205,1.16174,1.1619,490.0
2026-03-05 23:20:00,PEPPERSTONE:EURUSD,1.16188,1.16199,1.16182,1.16185,344.0
2026-03-05 23:25:00,PEPPERSTONE:EURUSD,1.16184,1.16193,1.1618,1.16192,348.0
2026-03-05 23:30:00,PEPPERSTONE:EURUSD,1.16189,1.16202,1.16178,1.16178,523.0
2026-03-05 23:35:00,PEPPERSTONE:EURUSD,1.16172,1.16182,1.16159,1.16167,518.0
2026-03-05 23:40:00,PEPPERSTONE:EURUSD,1.16166,1.16184,1.16164,1.1618,422.0
2026-03-05 23:45:00,PEPPERSTONE:EURUSD,1.16181,1.16192,1.16157,1.1617,456.0
2026-03-05 23:50:00,PEPPERSTONE:EURUSD,1.16171,1.16173,1.16153,1.16158,551.0
2026-03-05 23:55:00,PEPPERSTONE:EURUSD,1.16157,1.16177,1.16153,1.16163,426.0
2026-03-06 00:00:00,PEPPERSTONE:EURUSD,1.16164,1.16199,1.16162,1.16187,519.0
2026-03-06 00:05:00,PEPPERSTONE:EURUSD,1.16186,1.16199,1.16173,1.16177,468.0
2026-03-06 00:10:00,PEPPERSTONE:EURUSD,1.16176,1.16183,1.16168,1.16173,262.0
2026-03-06 00:15:00,PEPPERSTONE:EURUSD,1.16174,1.1618,1.16162,1.1617,375.0
2026-03-06 00:20:00,PEPPERSTONE:EURUSD,1.1617,1.16208,1.16167,1.16195,416.0
2026-03-06 00:25:00,PEPPERSTONE:EURUSD,1.16196,1.16205,1.16188,1.16195,433.0
2026-03-06 00:30:00,PEPPERSTONE:EURUSD,1.1619,1.16199,1.16165,1.16173,487.0
2026-03-06 00:35:00,PEPPERSTONE:EURUSD,1.16174,1.16186,1.16173,1.16179,295.0
2026-03-06 00:40:00,PEPPERSTONE:EURUSD,1.16178,1.16188,1.16162,1.16174,250.0
2026-03-06 00:45:00,PEPPERSTONE:EURUSD,1.16176,1.16206,1.16169,1.162,335.0
2026-03-06 00:50:00,PEPPERSTONE:EURUSD,1.16199,1.16206,1.16185,1.16195,269.0
2026-03-06 00:55:00,PEPPERSTONE:EURUSD,1.16196,1.16203,1.16191,1.16201,297.0
2026-03-06 01:00:00,PEPPERSTONE:EURUSD,1.16202,1.16202,1.16184,1.16186,311.0
2026-03-06 01:05:00,PEPPERSTONE:EURUSD,1.16183,1.16201,1.16183,1.16196,543.0
2026-03-06 01:10:00,PEPPERSTONE:EURUSD,1.16195,1.16205,1.16192,1.16194,316.0
2026-03-06 01:15:00,PEPPERSTONE:EURUSD,1.16193,1.16207,1.16187,1.16195,270.0
2026-03-06 01:20:00,PEPPERSTONE:EURUSD,1.16194,1.16195,1.16179,1.16184,305.0
2026-03-06 01:25:00,PEPPERSTONE:EURUSD,1.16185,1.16203,1.16184,1.16201,192.0
2026-03-06 01:30:00,PEPPERSTONE:EURUSD,1.162,1.16213,1.16193,1.16209,318.0
2026-03-06 01:35:00,PEPPERSTONE:EURUSD,1.16203,1.16209,1.16184,1.16185,525.0
2026-03-06 01:40:00,PEPPERSTONE:EURUSD,1.16188,1.16192,1.16172,1.16179,508.0
2026-03-06 01:45:00,PEPPERSTONE:EURUSD,1.16178,1.1618,1.16166,1.16175,337.0
2026-03-06 01:50:00,PEPPERSTONE:EURUSD,1.16174,1.1618,1.16145,1.1615,495.0
2026-03-06 01:55:00,PEPPERSTONE:EURUSD,1.16149,1.16151,1.16129,1.16135,493.0
2026-03-06 02:00:00,PEPPERSTONE:EURUSD,1.16134,1.16138,1.16121,1.16129,792.0
2026-03-06 02:05:00,PEPPERSTONE:EURUSD,1.16128,1.16149,1.16123,1.16135,453.0
2026-03-06 02:10:00,PEPPERSTONE:EURUSD,1.16134,1.16141,1.16118,1.1612,509.0
2026-03-06 02:15:00,PEPPERSTONE:EURUSD,1.16122,1.16126,1.16111,1.16117,454.0
2026-03-06 02:20:00,PEPPERSTONE:EURUSD,1.16117,1.16136,1.16105,1.16134,424.0
2026-03-06 02:25:00,PEPPERSTONE:EURUSD,1.16135,1.16135,1.16116,1.16122,390.0
2026-03-06 02:30:00,PEPPERSTONE:EURUSD,1.16121,1.16123,1.16098,1.16103,555.0
2026-03-06 02:35:00,PEPPERSTONE:EURUSD,1.16102,1.16138,1.16098,1.16138,378.0
2026-03-06 02:40:00,PEPPERSTONE:EURUSD,1.16137,1.16166,1.1613,1.16158,459.0
2026-03-06 02:45:00,PEPPERSTONE:EURUSD,1.16159,1.16159,1.1607,1.16082,728.0
2026-03-06 02:50:00,PEPPERSTONE:EURUSD,1.16084,1.16095,1.16071,1.16081,711.0
2026-03-06 02:55:00,PEPPERSTONE:EURUSD,1.1608,1.16095,1.16057,1.16063,665.0
2026-03-06 03:00:00,PEPPERSTONE:EURUSD,1.16065,1.16093,1.16026,1.16034,769.0
2026-03-06 03:05:00,PEPPERSTONE:EURUSD,1.16033,1.16076,1.16018,1.16065,605.0
2026-03-06 03:10:00,PEPPERSTONE:EURUSD,1.16064,1.16066,1.16044,1.16044,540.0
2026-03-06 03:15:00,PEPPERSTONE:EURUSD,1.16043,1.16068,1.16038,1.16062,463.0
2026-03-06 03:20:00,PEPPERSTONE:EURUSD,1.16063,1.16086,1.16059,1.1608,667.0
2026-03-06 03:25:00,PEPPERSTONE:EURUSD,1.16079,1.16079,1.16052,1.16056,794.0
2026-03-06 03:30:00,PEPPERSTONE:EURUSD,1.16054,1.16064,1.16053,1.16064,588.0
2026-03-06 03:35:00,PEPPERSTONE:EURUSD,1.16062,1.16084,1.16046,1.1608,482.0
2026-03-06 03:40:00,PEPPERSTONE:EURUSD,1.16081,1.16093,1.16061,1.16062,593.0
2026-03-06 03:45:00,PEPPERSTONE:EURUSD,1.16059,1.16115,1.16058,1.161,515.0
2026-03-06 03:50:00,PEPPERSTONE:EURUSD,1.161,1.1612,1.16093,1.1611,605.0
2026-03-06 03:55:00,PEPPERSTONE:EURUSD,1.16109,1.16121,1.16099,1.16117,540.0
2026-03-06 04:00:00,PEPPERSTONE:EURUSD,1.16116,1.16133,1.16087,1.1609,628.0
2026-03-06 04:05:00,PEPPERSTONE:EURUSD,1.16089,1.16117,1.16066,1.16077,659.0
2026-03-06 04:10:00,PEPPERSTONE:EURUSD,1.16078,1.16086,1.16069,1.16081,503.0
2026-03-06 04:15:00,PEPPERSTONE:EURUSD,1.16082,1.16135,1.16077,1.16116,561.0
2026-03-06 04:20:00,PEPPERSTONE:EURUSD,1.16122,1.16182,1.16122,1.16159,557.0
2026-03-06 04:25:00,PEPPERSTONE:EURUSD,1.16161,1.16165,1.16112,1.16115,624.0
2026-03-06 04:30:00,PEPPERSTONE:EURUSD,1.16114,1.1614,1.16094,1.16134,625.0
2026-03-06 04:35:00,PEPPERSTONE:EURUSD,1.16135,1.16149,1.16113,1.16137,610.0
2026-03-06 04:40:00,PEPPERSTONE:EURUSD,1.16136,1.16161,1.16122,1.16145,548.0
2026-03-06 04:45:00,PEPPERSTONE:EURUSD,1.16143,1.16164,1.16134,1.16156,492.0
2026-03-06 04:50:00,PEPPERSTONE:EURUSD,1.16155,1.16155,1.16109,1.16115,479.0
2026-03-06 04:55:00,PEPPERSTONE:EURUSD,1.16116,1.1615,1.16114,1.16147,649.0
2026-03-06 05:00:00,PEPPERSTONE:EURUSD,1.16146,1.16146,1.16067,1.16078,932.0
2026-03-06 05:05:00,PEPPERSTONE:EURUSD,1.16079,1.16125,1.16079,1.161,1003.0
2026-03-06 05:10:00,PEPPERSTONE:EURUSD,1.16098,1.16114,1.16038,1.16103,901.0
2026-03-06 05:15:00,PEPPERSTONE:EURUSD,1.16104,1.16136,1.16052,1.16075,886.0
2026-03-06 05:20:00,PEPPERSTONE:EURUSD,1.16074,1.16079,1.16033,1.16054,845.0
2026-03-06 05:25:00,PEPPERSTONE:EURUSD,1.1605,1.1606,1.16029,1.16037,737.0
2026-03-06 05:30:00,PEPPERSTONE:EURUSD,1.16038,1.16086,1.16032,1.16084,717.0
2026-03-06 05:35:00,PEPPERSTONE:EURUSD,1.16087,1.16113,1.16072,1.16113,616.0
2026-03-06 05:40:00,PEPPERSTONE:EURUSD,1.16112,1.16142,1.16096,1.161,681.0
2026-03-06 05:45:00,PEPPERSTONE:EURUSD,1.16101,1.1612,1.16072,1.16072,641.0
2026-03-06 05:50:00,PEPPERSTONE:EURUSD,1.1607,1.16079,1.16053,1.16077,559.0
2026-03-06 05:55:00,PEPPERSTONE:EURUSD,1.16078,1.16081,1.16017,1.1603,718.0
2026-03-06 06:00:00,PEPPERSTONE:EURUSD,1.16029,1.16029,1.15953,1.15958,792.0
2026-03-06 06:05:00,PEPPERSTONE:EURUSD,1.1596,1.15995,1.15935,1.15945,766.0
2026-03-06 06:10:00,PEPPERSTONE:EURUSD,1.15943,1.15951,1.15902,1.1591,1128.0
2026-03-06 06:15:00,PEPPERSTONE:EURUSD,1.15911,1.15925,1.15868,1.15874,1036.0
2026-03-06 06:20:00,PEPPERSTONE:EURUSD,1.15873,1.15877,1.15835,1.15851,966.0
2026-03-06 06:25:00,PEPPERSTONE:EURUSD,1.1585,1.1586,1.1583,1.15833,856.0
2026-03-06 06:30:00,PEPPERSTONE:EURUSD,1.15833,1.15847,1.158,1.15804,940.0
2026-03-06 06:35:00,PEPPERSTONE:EURUSD,1.15805,1.15807,1.15762,1.15786,1081.0
2026-03-06 06:40:00,PEPPERSTONE:EURUSD,1.15789,1.15796,1.15756,1.15777,955.0
2026-03-06 06:45:00,PEPPERSTONE:EURUSD,1.15778,1.15802,1.15748,1.1577,1006.0
2026-03-06 06:50:00,PEPPERSTONE:EURUSD,1.15771,1.15773,1.15718,1.15766,1033.0
2026-03-06 06:55:00,PEPPERSTONE:EURUSD,1.15768,1.15784,1.15742,1.15742,832.0
2026-03-06 07:00:00,PEPPERSTONE:EURUSD,1.15742,1.15806,1.15727,1.15783,928.0
2026-03-06 07:05:00,PEPPERSTONE:EURUSD,1.15786,1.15827,1.15781,1.15816,744.0
2026-03-06 07:10:00,PEPPERSTONE:EURUSD,1.15815,1.15821,1.15771,1.1578,648.0
2026-03-06 07:15:00,PEPPERSTONE:EURUSD,1.15781,1.15812,1.15772,1.15798,682.0
2026-03-06 07:20:00,PEPPERSTONE:EURUSD,1.15792,1.15822,1.15787,1.15791,647.0
2026-03-06 07:25:00,PEPPERSTONE:EURUSD,1.15792,1.15847,1.15757,1.15806,875.0
2026-03-06 07:30:00,PEPPERSTONE:EURUSD,1.15804,1.15819,1.15767,1.15786,989.0
2026-03-06 07:35:00,PEPPERSTONE:EURUSD,1.15787,1.15839,1.15786,1.15823,943.0
2026-03-06 07:40:00,PEPPERSTONE:EURUSD,1.15822,1.15823,1.15767,1.15772,643.0
2026-03-06 07:45:00,PEPPERSTONE:EURUSD,1.15771,1.15808,1.15761,1.15795,633.0
2026-03-06 07:50:00,PEPPERSTONE:EURUSD,1.15796,1.15837,1.15796,1.15821,754.0
2026-03-06 07:55:00,PEPPERSTONE:EURUSD,1.15819,1.15837,1.15784,1.15785,729.0
2026-03-06 08:00:00,PEPPERSTONE:EURUSD,1.15786,1.15796,1.15751,1.1576,991.0
2026-03-06 08:05:00,PEPPERSTONE:EURUSD,1.15761,1.15762,1.1568,1.15682,839.0
2026-03-06 08:10:00,PEPPERSTONE:EURUSD,1.15683,1.15812,1.15663,1.15804,1218.0
2026-03-06 08:15:00,PEPPERSTONE:EURUSD,1.15809,1.15811,1.15741,1.15782,1008.0
2026-03-06 08:20:00,PEPPERSTONE:EURUSD,1.15781,1.15807,1.15773,1.15797,919.0
2026-03-06 08:25:00,PEPPERSTONE:EURUSD,1.15795,1.15808,1.15761,1.15781,968.0
2026-03-06 08:30:00,PEPPERSTONE:EURUSD,1.15784,1.15786,1.15733,1.15741,707.0
2026-03-06 08:35:00,PEPPERSTONE:EURUSD,1.15742,1.15743,1.15711,1.15717,682.0
2026-03-06 08:40:00,PEPPERSTONE:EURUSD,1.15718,1.15736,1.15643,1.15661,1023.0
2026-03-06 08:45:00,PEPPERSTONE:EURUSD,1.1566,1.1569,1.15643,1.15682,951.0
2026-03-06 08:50:00,PEPPERSTONE:EURUSD,1.15683,1.1569,1.15637,1.15651,909.0
2026-03-06 08:55:00,PEPPERSTONE:EURUSD,1.1565,1.15656,1.15612,1.15625,945.0
2026-03-06 09:00:00,PEPPERSTONE:EURUSD,1.15626,1.15654,1.15577,1.15579,1039.0
2026-03-06 09:05:00,PEPPERSTONE:EURUSD,1.15581,1.1561,1.15545,1.1555,1048.0
2026-03-06 09:10:00,PEPPERSTONE:EURUSD,1.15548,1.15549,1.15523,1.15529,990.0
2026-03-06 09:15:00,PEPPERSTONE:EURUSD,1.1553,1.15626,1.1553,1.15624,863.0
2026-03-06 09:20:00,PEPPERSTONE:EURUSD,1.15623,1.15639,1.15563,1.15593,909.0
2026-03-06 09:25:00,PEPPERSTONE:EURUSD,1.15592,1.15631,1.15587,1.15623,797.0
2026-03-06 09:30:00,PEPPERSTONE:EURUSD,1.15624,1.15679,1.15623,1.15659,813.0
2026-03-06 09:35:00,PEPPERSTONE:EURUSD,1.1566,1.15665,1.15608,1.15665,835.0
2026-03-06 09:40:00,PEPPERSTONE:EURUSD,1.15667,1.15686,1.15643,1.15649,909.0
2026-03-06 09:45:00,PEPPERSTONE:EURUSD,1.15646,1.15668,1.15572,1.15584,798.0
2026-03-06 09:50:00,PEPPERSTONE:EURUSD,1.15585,1.15625,1.15584,1.15602,860.0
2026-03-06 09:55:00,PEPPERSTONE:EURUSD,1.15601,1.15626,1.15541,1.15548,895.0
2026-03-06 10:00:00,PEPPERSTONE:EURUSD,1.15548,1.15619,1.15547,1.15577,1087.0
2026-03-06 10:05:00,PEPPERSTONE:EURUSD,1.15578,1.15647,1.1556,1.1561,1212.0
2026-03-06 10:10:00,PEPPERSTONE:EURUSD,1.15608,1.15658,1.15601,1.15645,1029.0
2026-03-06 10:15:00,PEPPERSTONE:EURUSD,1.15643,1.15676,1.15634,1.15666,1015.0
2026-03-06 10:20:00,PEPPERSTONE:EURUSD,1.15663,1.15673,1.15616,1.15634,1153.0
2026-03-06 10:25:00,PEPPERSTONE:EURUSD,1.15635,1.15664,1.15622,1.15649,797.0
2026-03-06 10:30:00,PEPPERSTONE:EURUSD,1.15646,1.15922,1.15643,1.15899,2090.0
2026-03-06 10:35:00,PEPPERSTONE:EURUSD,1.15901,1.15924,1.15797,1.15921,1978.0
2026-03-06 10:40:00,PEPPERSTONE:EURUSD,1.1592,1.15928,1.158,1.15905,1790.0
2026-03-06 10:45:00,PEPPERSTONE:EURUSD,1.159,1.15905,1.1572,1.15752,1934.0
2026-03-06 10:50:00,PEPPERSTONE:EURUSD,1.15754,1.15785,1.15585,1.15597,1886.0
2026-03-06 10:55:00,PEPPERSTONE:EURUSD,1.15598,1.15606,1.15501,1.15553,1756.0
2026-03-06 11:00:00,PEPPERSTONE:EURUSD,1.15551,1.15629,1.15528,1.15576,1720.0
2026-03-06 11:05:00,PEPPERSTONE:EURUSD,1.15575,1.15582,1.15466,1.15496,1599.0
2026-03-06 11:10:00,PEPPERSTONE:EURUSD,1.15489,1.15586,1.15475,1.15568,1404.0
2026-03-06 11:15:00,PEPPERSTONE:EURUSD,1.15561,1.15571,1.1549,1.1551,1277.0
2026-03-06 11:20:00,PEPPERSTONE:EURUSD,1.15511,1.15545,1.15461,1.15486,1367.0
2026-03-06 11:25:00,PEPPERSTONE:EURUSD,1.15486,1.15589,1.15474,1.15576,1294.0
2026-03-06 11:30:00,PEPPERSTONE:EURUSD,1.15573,1.15685,1.15573,1.1566,1654.0
2026-03-06 11:35:00,PEPPERSTONE:EURUSD,1.15659,1.15674,1.1554,1.15607,1798.0
2026-03-06 11:40:00,PEPPERSTONE:EURUSD,1.15604,1.15705,1.15595,1.15663,1586.0
2026-03-06 11:45:00,PEPPERSTONE:EURUSD,1.1566,1.15697,1.15629,1.15647,1689.0
2026-03-06 11:50:00,PEPPERSTONE:EURUSD,1.15652,1.15746,1.15639,1.1571,1616.0
2026-03-06 11:55:00,PEPPERSTONE:EURUSD,1.15715,1.15745,1.15685,1.1572,1403.0
2026-03-06 12:00:00,PEPPERSTONE:EURUSD,1.15719,1.1593,1.15719,1.15858,1830.0
2026-03-06 12:05:00,PEPPERSTONE:EURUSD,1.1586,1.15878,1.15749,1.1578,1646.0
2026-03-06 12:10:00,PEPPERSTONE:EURUSD,1.15779,1.159,1.15775,1.15899,1476.0
2026-03-06 12:15:00,PEPPERSTONE:EURUSD,1.15897,1.1593,1.15831,1.15833,1517.0
2026-03-06 12:20:00,PEPPERSTONE:EURUSD,1.15834,1.15889,1.15811,1.15871,1419.0
2026-03-06 12:25:00,PEPPERSTONE:EURUSD,1.15872,1.15874,1.15727,1.15759,1518.0
2026-03-06 12:30:00,PEPPERSTONE:EURUSD,1.1576,1.15853,1.1576,1.15839,1482.0
2026-03-06 12:35:00,PEPPERSTONE:EURUSD,1.1584,1.15854,1.15806,1.15849,1280.0
2026-03-06 12:40:00,PEPPERSTONE:EURUSD,1.15847,1.15848,1.15742,1.15781,1453.0
2026-03-06 12:45:00,PEPPERSTONE:EURUSD,1.1578,1.15822,1.15712,1.15738,1312.0
2026-03-06 12:50:00,PEPPERSTONE:EURUSD,1.15739,1.15749,1.15705,1.15748,1326.0
2026-03-06 12:55:00,PEPPERSTONE:EURUSD,1.15749,1.1581,1.15738,1.15795,1251.0
2026-03-06 13:00:00,PEPPERSTONE:EURUSD,1.15796,1.15938,1.15789,1.15926,1195.0
2026-03-06 13:05:00,PEPPERSTONE:EURUSD,1.15925,1.16001,1.15922,1.15977,1352.0
2026-03-06 13:10:00,PEPPERSTONE:EURUSD,1.15981,1.15987,1.1588,1.15899,1333.0
2026-03-06 13:15:00,PEPPERSTONE:EURUSD,1.15901,1.16044,1.15894,1.16044,1417.0
2026-03-06 13:20:00,PEPPERSTONE:EURUSD,1.16045,1.16068,1.15968,1.15984,1241.0
2026-03-06 13:25:00,PEPPERSTONE:EURUSD,1.15983,1.16,1.15951,1.15971,1161.0
2026-03-06 13:30:00,PEPPERSTONE:EURUSD,1.15972,1.16015,1.15946,1.15985,1349.0
2026-03-06 13:35:00,PEPPERSTONE:EURUSD,1.15984,1.16091,1.15971,1.1605,1261.0
2026-03-06 13:40:00,PEPPERSTONE:EURUSD,1.16056,1.16089,1.16019,1.16088,1298.0
2026-03-06 13:45:00,PEPPERSTONE:EURUSD,1.16087,1.16132,1.16071,1.16073,1205.0
2026-03-06 13:50:00,PEPPERSTONE:EURUSD,1.16072,1.16126,1.16044,1.16067,1168.0
2026-03-06 13:55:00,PEPPERSTONE:EURUSD,1.16065,1.16074,1.16005,1.16055,1362.0
2026-03-06 14:00:00,PEPPERSTONE:EURUSD,1.1605,1.16086,1.16009,1.16059,1343.0
2026-03-06 14:05:00,PEPPERSTONE:EURUSD,1.1606,1.16063,1.15974,1.16003,1287.0
2026-03-06 14:10:00,PEPPERSTONE:EURUSD,1.16001,1.16016,1.15961,1.15963,1057.0
2026-03-06 14:15:00,PEPPERSTONE:EURUSD,1.15962,1.16028,1.1596,1.16027,1183.0
2026-03-06 14:20:00,PEPPERSTONE:EURUSD,1.16033,1.16094,1.16004,1.16024,1338.0
2026-03-06 14:25:00,PEPPERSTONE:EURUSD,1.16023,1.16024,1.15952,1.15955,1126.0
2026-03-06 14:30:00,PEPPERSTONE:EURUSD,1.15952,1.16018,1.15951,1.16012,1015.0
2026-03-06 14:35:00,PEPPERSTONE:EURUSD,1.1601,1.16012,1.15948,1.1596,1035.0
2026-03-06 14:40:00,PEPPERSTONE:EURUSD,1.15961,1.16001,1.15948,1.15993,972.0
2026-03-06 14:45:00,PEPPERSTONE:EURUSD,1.15994,1.16045,1.1596,1.16013,980.0
2026-03-06 14:50:00,PEPPERSTONE:EURUSD,1.16015,1.16056,1.1598,1.1598,1031.0
2026-03-06 14:55:00,PEPPERSTONE:EURUSD,1.15978,1.16021,1.15956,1.15958,1104.0
2026-03-06 15:00:00,PEPPERSTONE:EURUSD,1.15957,1.16041,1.15952,1.15971,1299.0
2026-03-06 15:05:00,PEPPERSTONE:EURUSD,1.15973,1.16069,1.15967,1.16054,1159.0
2026-03-06 15:10:00,PEPPERSTONE:EURUSD,1.16053,1.16172,1.1604,1.16142,1218.0
2026-03-06 15:15:00,PEPPERSTONE:EURUSD,1.16142,1.16195,1.16124,1.16179,1500.0
2026-03-06 15:20:00,PEPPERSTONE:EURUSD,1.1618,1.16216,1.16104,1.1612,1340.0
2026-03-06 15:25:00,PEPPERSTONE:EURUSD,1.16114,1.16114,1.16047,1.16062,957.0
2026-03-06 15:30:00,PEPPERSTONE:EURUSD,1.1606,1.16104,1.16057,1.16069,941.0
2026-03-06 15:35:00,PEPPERSTONE:EURUSD,1.1607,1.16073,1.16001,1.16008,1090.0
2026-03-06 15:40:00,PEPPERSTONE:EURUSD,1.16012,1.16042,1.16003,1.16027,763.0
2026-03-06 15:45:00,PEPPERSTONE:EURUSD,1.16028,1.16044,1.15982,1.15989,914.0
2026-03-06 15:50:00,PEPPERSTONE:EURUSD,1.15989,1.15991,1.15929,1.15944,850.0
2026-03-06 15:55:00,PEPPERSTONE:EURUSD,1.15943,1.16022,1.15942,1.15985,769.0
2026-03-06 16:00:00,PEPPERSTONE:EURUSD,1.1599,1.15992,1.15968,1.15984,757.0
2026-03-06 16:05:00,PEPPERSTONE:EURUSD,1.15982,1.16048,1.15973,1.1603,774.0
2026-03-06 16:10:00,PEPPERSTONE:EURUSD,1.16029,1.16065,1.16024,1.16053,707.0
2026-03-06 16:15:00,PEPPERSTONE:EURUSD,1.16052,1.1609,1.16034,1.16089,676.0
2026-03-06 16:20:00,PEPPERSTONE:EURUSD,1.16083,1.16086,1.16023,1.16041,875.0
2026-03-06 16:25:00,PEPPERSTONE:EURUSD,1.1604,1.16069,1.16007,1.16062,847.0
2026-03-06 16:30:00,PEPPERSTONE:EURUSD,1.16059,1.1608,1.16043,1.16053,675.0
2026-03-06 16:35:00,PEPPERSTONE:EURUSD,1.16053,1.16079,1.16017,1.16041,684.0
2026-03-06 16:40:00,PEPPERSTONE:EURUSD,1.16043,1.16082,1.1604,1.16044,820.0
2026-03-06 16:45:00,PEPPERSTONE:EURUSD,1.16045,1.16053,1.16009,1.16019,746.0
2026-03-06 16:50:00,PEPPERSTONE:EURUSD,1.16015,1.16077,1.16015,1.16073,600.0
2026-03-06 16:55:00,PEPPERSTONE:EURUSD,1.16074,1.16096,1.16008,1.16015,700.0
2026-03-06 17:00:00,PEPPERSTONE:EURUSD,1.16018,1.16061,1.16017,1.16045,786.0
2026-03-06 17:05:00,PEPPERSTONE:EURUSD,1.1605,1.16056,1.16029,1.1605,495.0
2026-03-06 17:10:00,PEPPERSTONE:EURUSD,1.1605,1.16057,1.16021,1.16055,719.0
2026-03-06 17:15:00,PEPPERSTONE:EURUSD,1.16053,1.16055,1.16012,1.16015,709.0
2026-03-06 17:20:00,PEPPERSTONE:EURUSD,1.16014,1.16022,1.15993,1.16,589.0
2026-03-06 17:25:00,PEPPERSTONE:EURUSD,1.15998,1.16011,1.15973,1.15987,546.0
2026-03-06 17:30:00,PEPPERSTONE:EURUSD,1.15987,1.16005,1.15966,1.15969,620.0
2026-03-06 17:35:00,PEPPERSTONE:EURUSD,1.15968,1.16036,1.15959,1.16035,721.0
2026-03-06 17:40:00,PEPPERSTONE:EURUSD,1.16036,1.1607,1.16016,1.16026,1114.0
2026-03-06 17:45:00,PEPPERSTONE:EURUSD,1.16026,1.16082,1.16024,1.16059,642.0
2026-03-06 17:50:00,PEPPERSTONE:EURUSD,1.16063,1.16099,1.16054,1.16097,960.0
2026-03-06 17:55:00,PEPPERSTONE:EURUSD,1.16096,1.16096,1.16058,1.1606,625.0
2026-03-06 18:00:00,PEPPERSTONE:EURUSD,1.16058,1.1612,1.16052,1.16119,521.0
2026-03-06 18:05:00,PEPPERSTONE:EURUSD,1.16119,1.1615,1.16109,1.16128,589.0
2026-03-06 18:10:00,PEPPERSTONE:EURUSD,1.16128,1.16171,1.16126,1.16167,639.0
2026-03-06 18:15:00,PEPPERSTONE:EURUSD,1.16168,1.16169,1.16147,1.16152,403.0
2026-03-06 18:20:00,PEPPERSTONE:EURUSD,1.16152,1.16177,1.16152,1.16176,612.0
2026-03-06 18:25:00,PEPPERSTONE:EURUSD,1.16175,1.16181,1.16157,1.16161,759.0
2026-03-06 18:30:00,PEPPERSTONE:EURUSD,1.16159,1.1616,1.16115,1.16119,528.0
2026-03-06 18:35:00,PEPPERSTONE:EURUSD,1.16118,1.16136,1.16116,1.1613,575.0
2026-03-06 18:40:00,PEPPERSTONE:EURUSD,1.1613,1.1613,1.16111,1.16112,445.0
2026-03-06 18:45:00,PEPPERSTONE:EURUSD,1.16103,1.16106,1.16072,1.16104,512.0
2026-03-06 18:50:00,PEPPERSTONE:EURUSD,1.16104,1.16136,1.16097,1.16131,643.0
2026-03-08 18:00:00,PEPPERSTONE:EURUSD,1.1545,1.15473,1.1545,1.15458,112.0
2026-03-08 18:05:00,PEPPERSTONE:EURUSD,1.15455,1.15569,1.15445,1.15502,383.0
2026-03-08 18:10:00,PEPPERSTONE:EURUSD,1.15503,1.15537,1.15496,1.15534,127.0
2026-03-08 18:15:00,PEPPERSTONE:EURUSD,1.1553,1.15538,1.15523,1.15524,87.0
2026-03-08 18:20:00,PEPPERSTONE:EURUSD,1.15525,1.15538,1.15522,1.1553,70.0
2026-03-08 18:25:00,PEPPERSTONE:EURUSD,1.15534,1.15542,1.155,1.15529,264.0
2026-03-08 18:30:00,PEPPERSTONE:EURUSD,1.15532,1.15542,1.15524,1.15534,116.0
2026-03-08 18:35:00,PEPPERSTONE:EURUSD,1.15533,1.15533,1.15496,1.15513,200.0
2026-03-08 18:40:00,PEPPERSTONE:EURUSD,1.15514,1.15514,1.15452,1.15456,503.0
2026-03-08 18:45:00,PEPPERSTONE:EURUSD,1.15478,1.15494,1.1545,1.15455,260.0
2026-03-08 18:50:00,PEPPERSTONE:EURUSD,1.15458,1.15461,1.15444,1.15452,116.0
2026-03-08 18:55:00,PEPPERSTONE:EURUSD,1.15453,1.15461,1.15446,1.15456,87.0
2026-03-08 19:00:00,PEPPERSTONE:EURUSD,1.15462,1.15521,1.15422,1.15424,1112.0
2026-03-08 19:05:00,PEPPERSTONE:EURUSD,1.15422,1.15427,1.15317,1.15325,1110.0
2026-03-08 19:10:00,PEPPERSTONE:EURUSD,1.15325,1.15377,1.15301,1.15304,1199.0
2026-03-08 19:15:00,PEPPERSTONE:EURUSD,1.15303,1.15398,1.1526,1.15397,1126.0
2026-03-08 19:20:00,PEPPERSTONE:EURUSD,1.15392,1.15503,1.15382,1.15427,970.0
2026-03-08 19:25:00,PEPPERSTONE:EURUSD,1.15426,1.15447,1.15396,1.15423,828.0
2026-03-08 19:30:00,PEPPERSTONE:EURUSD,1.15423,1.15449,1.15335,1.15347,700.0
2026-03-08 19:35:00,PEPPERSTONE:EURUSD,1.15344,1.15405,1.15321,1.15392,882.0
2026-03-08 19:40:00,PEPPERSTONE:EURUSD,1.15393,1.15397,1.15321,1.15327,587.0
2026-03-08 19:45:00,PEPPERSTONE:EURUSD,1.15327,1.15422,1.15322,1.15412,720.0
2026-03-08 19:50:00,PEPPERSTONE:EURUSD,1.15409,1.15427,1.1535,1.15361,890.0
2026-03-08 19:55:00,PEPPERSTONE:EURUSD,1.15362,1.15394,1.15346,1.1536,890.0
2026-03-08 20:00:00,PEPPERSTONE:EURUSD,1.1536,1.15397,1.15318,1.1534,1260.0
2026-03-08 20:05:00,PEPPERSTONE:EURUSD,1.15346,1.15384,1.15327,1.15346,952.0
2026-03-08 20:10:00,PEPPERSTONE:EURUSD,1.15355,1.1536,1.15296,1.15332,1031.0
2026-03-08 20:15:00,PEPPERSTONE:EURUSD,1.15334,1.15371,1.15325,1.15354,802.0
2026-03-08 20:20:00,PEPPERSTONE:EURUSD,1.15355,1.15355,1.15271,1.15312,978.0
2026-03-08 20:25:00,PEPPERSTONE:EURUSD,1.15312,1.15334,1.15302,1.15314,922.0
2026-03-08 20:30:00,PEPPERSTONE:EURUSD,1.15313,1.15369,1.153,1.15339,1022.0
2026-03-08 20:35:00,PEPPERSTONE:EURUSD,1.15338,1.15344,1.15276,1.15279,1068.0
2026-03-08 20:40:00,PEPPERSTONE:EURUSD,1.15278,1.15293,1.15243,1.15277,1292.0
2026-03-08 20:45:00,PEPPERSTONE:EURUSD,1.1528,1.15291,1.15231,1.15269,1176.0
2026-03-08 20:50:00,PEPPERSTONE:EURUSD,1.15268,1.15275,1.15227,1.15244,821.0
2026-03-08 20:55:00,PEPPERSTONE:EURUSD,1.15243,1.15263,1.15214,1.15245,929.0
2026-03-08 21:00:00,PEPPERSTONE:EURUSD,1.15241,1.15281,1.15222,1.15241,1067.0
2026-03-08 21:05:00,PEPPERSTONE:EURUSD,1.15241,1.15258,1.15206,1.15237,1093.0
2026-03-08 21:10:00,PEPPERSTONE:EURUSD,1.15236,1.15273,1.15226,1.15229,1083.0
2026-03-08 21:15:00,PEPPERSTONE:EURUSD,1.15227,1.15241,1.15201,1.1521,1070.0
2026-03-08 21:20:00,PEPPERSTONE:EURUSD,1.15208,1.15219,1.15181,1.15211,1012.0
2026-03-08 21:25:00,PEPPERSTONE:EURUSD,1.15212,1.15215,1.15181,1.15205,880.0
2026-03-08 21:30:00,PEPPERSTONE:EURUSD,1.15206,1.15294,1.15203,1.15294,939.0
2026-03-08 21:35:00,PEPPERSTONE:EURUSD,1.15292,1.15314,1.15275,1.15288,924.0
2026-03-08 21:40:00,PEPPERSTONE:EURUSD,1.15289,1.1529,1.15241,1.15248,1020.0
2026-03-08 21:45:00,PEPPERSTONE:EURUSD,1.15249,1.15249,1.15195,1.15202,992.0
2026-03-08 21:50:00,PEPPERSTONE:EURUSD,1.15201,1.15232,1.1517,1.1517,1101.0
2026-03-08 21:55:00,PEPPERSTONE:EURUSD,1.15169,1.15189,1.1516,1.15175,1038.0
2026-03-08 22:00:00,PEPPERSTONE:EURUSD,1.15175,1.15185,1.15109,1.15119,1470.0
2026-03-08 22:05:00,PEPPERSTONE:EURUSD,1.15119,1.15189,1.15105,1.15167,1216.0
2026-03-08 22:10:00,PEPPERSTONE:EURUSD,1.15168,1.15173,1.15128,1.15147,1032.0
2026-03-08 22:15:00,PEPPERSTONE:EURUSD,1.1515,1.15152,1.151,1.15111,965.0
2026-03-08 22:20:00,PEPPERSTONE:EURUSD,1.1511,1.1515,1.15086,1.15145,893.0
2026-03-08 22:25:00,PEPPERSTONE:EURUSD,1.15146,1.15167,1.1513,1.15144,739.0
2026-03-08 22:30:00,PEPPERSTONE:EURUSD,1.15145,1.1524,1.15129,1.15225,920.0
2026-03-08 22:35:00,PEPPERSTONE:EURUSD,1.15225,1.15239,1.1519,1.15192,1024.0
2026-03-08 22:40:00,PEPPERSTONE:EURUSD,1.15185,1.152,1.15159,1.15175,955.0
2026-03-08 22:45:00,PEPPERSTONE:EURUSD,1.15175,1.15199,1.15135,1.15155,1006.0
2026-03-08 22:50:00,PEPPERSTONE:EURUSD,1.15153,1.15153,1.15071,1.15095,1175.0
2026-03-08 22:55:00,PEPPERSTONE:EURUSD,1.15095,1.15135,1.15087,1.15091,1046.0
2026-03-08 23:00:00,PEPPERSTONE:EURUSD,1.15093,1.15136,1.15093,1.15099,1111.0
2026-03-08 23:05:00,PEPPERSTONE:EURUSD,1.15103,1.15167,1.15098,1.1516,994.0
2026-03-08 23:10:00,PEPPERSTONE:EURUSD,1.15161,1.15211,1.15141,1.15148,1069.0
2026-03-08 23:15:00,PEPPERSTONE:EURUSD,1.15147,1.15149,1.15083,1.15096,1255.0
2026-03-08 23:20:00,PEPPERSTONE:EURUSD,1.15096,1.15192,1.15092,1.15187,1031.0
2026-03-08 23:25:00,PEPPERSTONE:EURUSD,1.15186,1.15186,1.15159,1.15171,943.0
2026-03-08 23:30:00,PEPPERSTONE:EURUSD,1.15171,1.15188,1.15143,1.15182,1013.0
2026-03-08 23:35:00,PEPPERSTONE:EURUSD,1.1518,1.15238,1.15176,1.15221,961.0
2026-03-08 23:40:00,PEPPERSTONE:EURUSD,1.15222,1.15283,1.15222,1.15265,1009.0
2026-03-08 23:45:00,PEPPERSTONE:EURUSD,1.15263,1.15272,1.15224,1.15245,949.0
2026-03-08 23:50:00,PEPPERSTONE:EURUSD,1.15244,1.15278,1.15219,1.15258,1032.0
2026-03-08 23:55:00,PEPPERSTONE:EURUSD,1.15257,1.15274,1.15243,1.1525,1081.0
2026-03-09 00:00:00,PEPPERSTONE:EURUSD,1.15249,1.15288,1.15244,1.1525,970.0
2026-03-09 00:05:00,PEPPERSTONE:EURUSD,1.1525,1.15289,1.15248,1.1526,865.0
2026-03-09 00:10:00,PEPPERSTONE:EURUSD,1.15261,1.15261,1.15196,1.15223,808.0
2026-03-09 00:15:00,PEPPERSTONE:EURUSD,1.15225,1.15265,1.15213,1.15241,880.0
2026-03-09 00:20:00,PEPPERSTONE:EURUSD,1.15243,1.15266,1.15227,1.1523,897.0
2026-03-09 00:25:00,PEPPERSTONE:EURUSD,1.15229,1.15256,1.15204,1.15204,803.0
2026-03-09 00:30:00,PEPPERSTONE:EURUSD,1.15202,1.15223,1.1519,1.15207,813.0
2026-03-09 00:35:00,PEPPERSTONE:EURUSD,1.15206,1.15209,1.1517,1.15173,765.0
2026-03-09 00:40:00,PEPPERSTONE:EURUSD,1.15176,1.15176,1.15126,1.15139,899.0
2026-03-09 00:45:00,PEPPERSTONE:EURUSD,1.1514,1.15166,1.15131,1.15155,853.0
2026-03-09 00:50:00,PEPPERSTONE:EURUSD,1.15156,1.15182,1.15154,1.15164,766.0
2026-03-09 00:55:00,PEPPERSTONE:EURUSD,1.15162,1.1517,1.15147,1.15167,772.0
2026-03-09 01:00:00,PEPPERSTONE:EURUSD,1.15169,1.15208,1.15159,1.152,769.0
2026-03-09 01:05:00,PEPPERSTONE:EURUSD,1.15199,1.15256,1.1519,1.15244,761.0
2026-03-09 01:10:00,PEPPERSTONE:EURUSD,1.15243,1.15255,1.15223,1.15227,570.0
2026-03-09 01:15:00,PEPPERSTONE:EURUSD,1.15227,1.15236,1.15207,1.1522,629.0
2026-03-09 01:20:00,PEPPERSTONE:EURUSD,1.15219,1.15222,1.15201,1.15217,523.0
2026-03-09 01:25:00,PEPPERSTONE:EURUSD,1.15217,1.15253,1.15217,1.15224,608.0
2026-03-09 01:30:00,PEPPERSTONE:EURUSD,1.15225,1.1529,1.15211,1.15273,692.0
2026-03-09 01:35:00,PEPPERSTONE:EURUSD,1.15273,1.15281,1.15258,1.15269,473.0
2026-03-09 01:40:00,PEPPERSTONE:EURUSD,1.15269,1.15294,1.15262,1.15287,506.0
2026-03-09 01:45:00,PEPPERSTONE:EURUSD,1.15281,1.15296,1.15277,1.15293,481.0
2026-03-09 01:50:00,PEPPERSTONE:EURUSD,1.15294,1.15295,1.15245,1.1525,623.0
2026-03-09 01:55:00,PEPPERSTONE:EURUSD,1.15249,1.15264,1.15245,1.15259,627.0
2026-03-09 02:00:00,PEPPERSTONE:EURUSD,1.15259,1.15302,1.15239,1.15302,843.0
2026-03-09 02:05:00,PEPPERSTONE:EURUSD,1.15303,1.15356,1.15302,1.15347,1055.0
2026-03-09 02:10:00,PEPPERSTONE:EURUSD,1.15349,1.15361,1.15317,1.15337,831.0
2026-03-09 02:15:00,PEPPERSTONE:EURUSD,1.15338,1.15343,1.15299,1.15301,790.0
2026-03-09 02:20:00,PEPPERSTONE:EURUSD,1.153,1.15603,1.15294,1.15532,1725.0
2026-03-09 02:25:00,PEPPERSTONE:EURUSD,1.15531,1.15575,1.15478,1.15557,1549.0
2026-03-09 02:30:00,PEPPERSTONE:EURUSD,1.15558,1.15635,1.15496,1.15506,1519.0
2026-03-09 02:35:00,PEPPERSTONE:EURUSD,1.15509,1.1551,1.15452,1.1547,1208.0
2026-03-09 02:40:00,PEPPERSTONE:EURUSD,1.15469,1.15552,1.15454,1.15522,1187.0
2026-03-09 02:45:00,PEPPERSTONE:EURUSD,1.15521,1.15683,1.1551,1.15648,1495.0
2026-03-09 02:50:00,PEPPERSTONE:EURUSD,1.15647,1.15716,1.15645,1.15677,1492.0
2026-03-09 02:55:00,PEPPERSTONE:EURUSD,1.15672,1.15691,1.15625,1.15676,1157.0
2026-03-09 03:00:00,PEPPERSTONE:EURUSD,1.15675,1.15691,1.15593,1.15609,1589.0
2026-03-09 03:05:00,PEPPERSTONE:EURUSD,1.1561,1.1566,1.15584,1.15654,1522.0
2026-03-09 03:10:00,PEPPERSTONE:EURUSD,1.15656,1.15686,1.15558,1.15574,1265.0
2026-03-09 03:15:00,PEPPERSTONE:EURUSD,1.15576,1.15614,1.1556,1.15568,1135.0
2026-03-09 03:20:00,PEPPERSTONE:EURUSD,1.15569,1.15571,1.15518,1.15527,1028.0
2026-03-09 03:25:00,PEPPERSTONE:EURUSD,1.15526,1.15566,1.15519,1.15537,1038.0
2026-03-09 03:30:00,PEPPERSTONE:EURUSD,1.15537,1.15641,1.15537,1.15614,967.0
2026-03-09 03:35:00,PEPPERSTONE:EURUSD,1.15613,1.15653,1.15573,1.15614,1003.0
2026-03-09 03:40:00,PEPPERSTONE:EURUSD,1.15614,1.15624,1.15572,1.15599,1084.0
2026-03-09 03:45:00,PEPPERSTONE:EURUSD,1.15603,1.15604,1.15534,1.15538,1130.0
2026-03-09 03:50:00,PEPPERSTONE:EURUSD,1.15549,1.15549,1.15458,1.15478,1040.0
2026-03-09 03:55:00,PEPPERSTONE:EURUSD,1.15477,1.15518,1.15446,1.15446,1002.0
2026-03-09 04:00:00,PEPPERSTONE:EURUSD,1.15448,1.15526,1.15362,1.15403,1645.0
2026-03-09 04:05:00,PEPPERSTONE:EURUSD,1.15402,1.15536,1.15355,1.15535,1341.0
2026-03-09 04:10:00,PEPPERSTONE:EURUSD,1.15536,1.15557,1.15457,1.15474,1306.0
2026-03-09 04:15:00,PEPPERSTONE:EURUSD,1.15472,1.15472,1.15409,1.15412,1196.0
2026-03-09 04:20:00,PEPPERSTONE:EURUSD,1.15408,1.15497,1.15407,1.15462,1176.0
2026-03-09 04:25:00,PEPPERSTONE:EURUSD,1.1546,1.15517,1.15448,1.15514,991.0
2026-03-09 04:30:00,PEPPERSTONE:EURUSD,1.15515,1.15572,1.15487,1.15565,1175.0
2026-03-09 04:35:00,PEPPERSTONE:EURUSD,1.1556,1.15621,1.15548,1.15608,1133.0
2026-03-09 04:40:00,PEPPERSTONE:EURUSD,1.15606,1.1562,1.15544,1.15573,1213.0
2026-03-09 04:45:00,PEPPERSTONE:EURUSD,1.15571,1.15612,1.15547,1.15607,1167.0
2026-03-09 04:50:00,PEPPERSTONE:EURUSD,1.15606,1.15649,1.15599,1.15624,1107.0
2026-03-09 04:55:00,PEPPERSTONE:EURUSD,1.15623,1.15651,1.15605,1.15635,982.0
2026-03-09 05:00:00,PEPPERSTONE:EURUSD,1.15637,1.15652,1.15562,1.15562,1478.0
2026-03-09 05:05:00,PEPPERSTONE:EURUSD,1.15561,1.1562,1.15538,1.15577,1641.0
2026-03-09 05:10:00,PEPPERSTONE:EURUSD,1.15576,1.15576,1.15492,1.15502,1359.0
2026-03-09 05:15:00,PEPPERSTONE:EURUSD,1.155,1.15502,1.15399,1.15408,1422.0
2026-03-09 05:20:00,PEPPERSTONE:EURUSD,1.15407,1.15408,1.15309,1.15326,1281.0
2026-03-09 05:25:00,PEPPERSTONE:EURUSD,1.15327,1.15336,1.15217,1.15227,1260.0
2026-03-09 05:30:00,PEPPERSTONE:EURUSD,1.15224,1.15259,1.15172,1.15184,1450.0
2026-03-09 05:35:00,PEPPERSTONE:EURUSD,1.15184,1.15224,1.15154,1.15172,1291.0
2026-03-09 05:40:00,PEPPERSTONE:EURUSD,1.15174,1.15278,1.15167,1.15267,1230.0
2026-03-09 05:45:00,PEPPERSTONE:EURUSD,1.15267,1.153,1.1524,1.15289,1138.0
2026-03-09 05:50:00,PEPPERSTONE:EURUSD,1.15287,1.15304,1.15196,1.15289,1403.0
2026-03-09 05:55:00,PEPPERSTONE:EURUSD,1.15291,1.15355,1.15238,1.15345,1420.0
2026-03-09 06:00:00,PEPPERSTONE:EURUSD,1.15347,1.15382,1.15311,1.15341,1151.0
2026-03-09 06:05:00,PEPPERSTONE:EURUSD,1.1534,1.15378,1.15333,1.15369,1062.0
2026-03-09 06:10:00,PEPPERSTONE:EURUSD,1.15367,1.15444,1.15367,1.15429,1093.0
2026-03-09 06:15:00,PEPPERSTONE:EURUSD,1.15423,1.15511,1.15403,1.15489,1098.0
2026-03-09 06:20:00,PEPPERSTONE:EURUSD,1.15488,1.15554,1.15458,1.15526,1562.0
2026-03-09 06:25:00,PEPPERSTONE:EURUSD,1.15524,1.15546,1.15482,1.15495,1396.0
2026-03-09 06:30:00,PEPPERSTONE:EURUSD,1.15496,1.15705,1.15461,1.15674,1563.0
2026-03-09 06:35:00,PEPPERSTONE:EURUSD,1.15672,1.15733,1.15569,1.15573,1759.0
2026-03-09 06:40:00,PEPPERSTONE:EURUSD,1.15572,1.15577,1.1553,1.15554,1494.0
2026-03-09 06:45:00,PEPPERSTONE:EURUSD,1.15555,1.15612,1.15537,1.15593,1447.0
2026-03-09 06:50:00,PEPPERSTONE:EURUSD,1.15594,1.15659,1.15556,1.15578,1372.0
2026-03-09 06:55:00,PEPPERSTONE:EURUSD,1.15577,1.15586,1.15533,1.1554,1448.0
2026-03-09 07:00:00,PEPPERSTONE:EURUSD,1.15542,1.15618,1.15529,1.15554,1448.0
2026-03-09 07:05:00,PEPPERSTONE:EURUSD,1.15556,1.15609,1.1553,1.15535,1335.0
2026-03-09 07:10:00,PEPPERSTONE:EURUSD,1.15531,1.15545,1.15471,1.15492,1150.0
2026-03-09 07:15:00,PEPPERSTONE:EURUSD,1.15492,1.15539,1.15479,1.15512,1196.0
2026-03-09 07:20:00,PEPPERSTONE:EURUSD,1.15511,1.15543,1.1547,1.15486,1128.0
2026-03-09 07:25:00,PEPPERSTONE:EURUSD,1.15486,1.15598,1.15476,1.15589,1027.0
2026-03-09 07:30:00,PEPPERSTONE:EURUSD,1.15588,1.15611,1.15559,1.15585,1001.0
2026-03-09 07:35:00,PEPPERSTONE:EURUSD,1.15584,1.15608,1.15519,1.15579,1324.0
2026-03-09 07:40:00,PEPPERSTONE:EURUSD,1.15578,1.15637,1.1557,1.15631,1164.0
2026-03-09 07:45:00,PEPPERSTONE:EURUSD,1.1563,1.15648,1.1554,1.15563,1233.0
2026-03-09 07:50:00,PEPPERSTONE:EURUSD,1.15562,1.1561,1.15516,1.15605,1292.0
2026-03-09 07:55:00,PEPPERSTONE:EURUSD,1.15604,1.15636,1.15585,1.15604,1154.0
2026-03-09 08:00:00,PEPPERSTONE:EURUSD,1.15603,1.15657,1.15586,1.15652,1251.0
2026-03-09 08:05:00,PEPPERSTONE:EURUSD,1.15652,1.15679,1.15631,1.15647,1089.0
2026-03-09 08:10:00,PEPPERSTONE:EURUSD,1.15648,1.15677,1.15621,1.15674,937.0
2026-03-09 08:15:00,PEPPERSTONE:EURUSD,1.15672,1.15678,1.15622,1.15643,997.0
2026-03-09 08:20:00,PEPPERSTONE:EURUSD,1.1564,1.15642,1.15581,1.15623,1141.0
2026-03-09 08:25:00,PEPPERSTONE:EURUSD,1.15622,1.15629,1.15574,1.15592,884.0
2026-03-09 08:30:00,PEPPERSTONE:EURUSD,1.15591,1.15623,1.15554,1.15623,974.0
2026-03-09 08:35:00,PEPPERSTONE:EURUSD,1.15622,1.15657,1.15593,1.15626,1007.0
2026-03-09 08:40:00,PEPPERSTONE:EURUSD,1.15625,1.15625,1.15554,1.15563,977.0
2026-03-09 08:45:00,PEPPERSTONE:EURUSD,1.1556,1.15633,1.1555,1.15571,1073.0
2026-03-09 08:50:00,PEPPERSTONE:EURUSD,1.15574,1.15648,1.15564,1.15629,1027.0
2026-03-09 08:55:00,PEPPERSTONE:EURUSD,1.15629,1.1564,1.15558,1.15611,995.0
2026-03-09 09:00:00,PEPPERSTONE:EURUSD,1.15613,1.15685,1.15601,1.15651,1185.0
2026-03-09 09:05:00,PEPPERSTONE:EURUSD,1.1565,1.15664,1.15615,1.15619,992.0
2026-03-09 09:10:00,PEPPERSTONE:EURUSD,1.15619,1.15631,1.15587,1.15628,920.0
2026-03-09 09:15:00,PEPPERSTONE:EURUSD,1.15628,1.15656,1.15594,1.15609,1091.0
2026-03-09 09:20:00,PEPPERSTONE:EURUSD,1.15611,1.1563,1.15589,1.1563,997.0
2026-03-09 09:25:00,PEPPERSTONE:EURUSD,1.15632,1.15638,1.15613,1.15622,875.0
2026-03-09 09:30:00,PEPPERSTONE:EURUSD,1.1562,1.15649,1.15599,1.15627,1086.0
2026-03-09 09:35:00,PEPPERSTONE:EURUSD,1.15628,1.15648,1.15597,1.15606,1057.0
2026-03-09 09:40:00,PEPPERSTONE:EURUSD,1.15607,1.15636,1.15585,1.15606,930.0
2026-03-09 09:45:00,PEPPERSTONE:EURUSD,1.15607,1.15629,1.15566,1.15568,875.0
2026-03-09 09:50:00,PEPPERSTONE:EURUSD,1.15565,1.15568,1.15525,1.15543,1240.0
2026-03-09 09:55:00,PEPPERSTONE:EURUSD,1.15544,1.15545,1.15504,1.15534,1072.0
2026-03-09 10:00:00,PEPPERSTONE:EURUSD,1.15535,1.15579,1.15535,1.15562,1155.0
2026-03-09 10:05:00,PEPPERSTONE:EURUSD,1.15561,1.15579,1.15525,1.1555,1121.0
2026-03-09 10:10:00,PEPPERSTONE:EURUSD,1.15551,1.15698,1.15548,1.15683,1335.0
2026-03-09 10:15:00,PEPPERSTONE:EURUSD,1.1568,1.15703,1.15652,1.157,1114.0
2026-03-09 10:20:00,PEPPERSTONE:EURUSD,1.15699,1.15699,1.15657,1.15686,1034.0
2026-03-09 10:25:00,PEPPERSTONE:EURUSD,1.15684,1.15785,1.15684,1.15777,1206.0
2026-03-09 10:30:00,PEPPERSTONE:EURUSD,1.15776,1.15874,1.15776,1.15851,1532.0
2026-03-09 10:35:00,PEPPERSTONE:EURUSD,1.15851,1.15879,1.15798,1.15813,1339.0
2026-03-09 10:40:00,PEPPERSTONE:EURUSD,1.15812,1.15814,1.15737,1.15786,1344.0
2026-03-09 10:45:00,PEPPERSTONE:EURUSD,1.15785,1.15828,1.1576,1.15768,1569.0
2026-03-09 10:50:00,PEPPERSTONE:EURUSD,1.15769,1.1578,1.15716,1.15729,1493.0
2026-03-09 10:55:00,PEPPERSTONE:EURUSD,1.15725,1.15797,1.157,1.15759,1517.0
2026-03-09 11:00:00,PEPPERSTONE:EURUSD,1.1576,1.15773,1.15709,1.15773,1555.0
2026-03-09 11:05:00,PEPPERSTONE:EURUSD,1.15772,1.15783,1.15517,1.15552,1920.0
2026-03-09 11:10:00,PEPPERSTONE:EURUSD,1.15552,1.15599,1.15474,1.15596,1674.0
2026-03-09 11:15:00,PEPPERSTONE:EURUSD,1.15595,1.15668,1.15567,1.15611,1673.0
2026-03-09 11:20:00,PEPPERSTONE:EURUSD,1.15609,1.15684,1.15598,1.15644,1693.0
2026-03-09 11:25:00,PEPPERSTONE:EURUSD,1.15639,1.15664,1.15613,1.15642,1655.0
2026-03-09 11:30:00,PEPPERSTONE:EURUSD,1.15643,1.15689,1.15624,1.15629,1611.0
2026-03-09 11:35:00,PEPPERSTONE:EURUSD,1.1563,1.15668,1.15603,1.15644,1408.0
2026-03-09 11:40:00,PEPPERSTONE:EURUSD,1.15641,1.1572,1.15617,1.15712,1285.0
2026-03-09 11:45:00,PEPPERSTONE:EURUSD,1.15714,1.15762,1.15703,1.15711,1254.0
2026-03-09 11:50:00,PEPPERSTONE:EURUSD,1.1571,1.15769,1.15698,1.15746,1332.0
2026-03-09 11:55:00,PEPPERSTONE:EURUSD,1.15744,1.15764,1.15701,1.15729,1423.0
2026-03-09 12:00:00,PEPPERSTONE:EURUSD,1.15731,1.15839,1.15726,1.15833,1371.0
2026-03-09 12:05:00,PEPPERSTONE:EURUSD,1.15831,1.15846,1.15805,1.15839,1200.0
2026-03-09 12:10:00,PEPPERSTONE:EURUSD,1.1584,1.15855,1.1579,1.15853,1220.0
2026-03-09 12:15:00,PEPPERSTONE:EURUSD,1.15854,1.15864,1.15774,1.15814,1095.0
2026-03-09 12:20:00,PEPPERSTONE:EURUSD,1.15815,1.15888,1.1581,1.15864,1226.0
2026-03-09 12:25:00,PEPPERSTONE:EURUSD,1.15863,1.15882,1.15841,1.15865,1043.0
2026-03-09 12:30:00,PEPPERSTONE:EURUSD,1.15866,1.15876,1.1583,1.15851,1134.0
2026-03-09 12:35:00,PEPPERSTONE:EURUSD,1.1585,1.1587,1.15812,1.15864,1175.0
2026-03-09 12:40:00,PEPPERSTONE:EURUSD,1.15863,1.1589,1.15847,1.15867,1018.0
2026-03-09 12:45:00,PEPPERSTONE:EURUSD,1.15868,1.15899,1.15851,1.15867,932.0
2026-03-09 12:50:00,PEPPERSTONE:EURUSD,1.15868,1.15929,1.15851,1.15928,1041.0
2026-03-09 12:55:00,PEPPERSTONE:EURUSD,1.15925,1.15937,1.15898,1.15915,1029.0
2026-03-09 13:00:00,PEPPERSTONE:EURUSD,1.15916,1.15991,1.15915,1.15967,1011.0
2026-03-09 13:05:00,PEPPERSTONE:EURUSD,1.15968,1.1598,1.15906,1.15955,981.0
2026-03-09 13:10:00,PEPPERSTONE:EURUSD,1.15954,1.15959,1.15904,1.15905,818.0
2026-03-09 13:15:00,PEPPERSTONE:EURUSD,1.15906,1.15931,1.15894,1.15928,861.0
2026-03-09 13:20:00,PEPPERSTONE:EURUSD,1.15927,1.15942,1.15855,1.15924,988.0
2026-03-09 13:25:00,PEPPERSTONE:EURUSD,1.15925,1.15938,1.15894,1.15913,1031.0
2026-03-09 13:30:00,PEPPERSTONE:EURUSD,1.1591,1.15966,1.15907,1.15959,1089.0
2026-03-09 13:35:00,PEPPERSTONE:EURUSD,1.15956,1.15988,1.15941,1.15958,984.0
2026-03-09 13:40:00,PEPPERSTONE:EURUSD,1.15963,1.15988,1.1595,1.15969,743.0
2026-03-09 13:45:00,PEPPERSTONE:EURUSD,1.1597,1.15993,1.15962,1.15963,901.0
2026-03-09 13:50:00,PEPPERSTONE:EURUSD,1.15961,1.1597,1.15918,1.15923,779.0
2026-03-09 13:55:00,PEPPERSTONE:EURUSD,1.15922,1.15931,1.15864,1.15878,848.0
2026-03-09 14:00:00,PEPPERSTONE:EURUSD,1.15877,1.15892,1.15852,1.15864,812.0
2026-03-09 14:05:00,PEPPERSTONE:EURUSD,1.15863,1.15881,1.15837,1.15853,770.0
2026-03-09 14:10:00,PEPPERSTONE:EURUSD,1.15853,1.15896,1.15835,1.15855,1029.0
2026-03-09 14:15:00,PEPPERSTONE:EURUSD,1.15855,1.15857,1.15817,1.15831,958.0
2026-03-09 14:20:00,PEPPERSTONE:EURUSD,1.1583,1.1584,1.15809,1.15835,1031.0
2026-03-09 14:25:00,PEPPERSTONE:EURUSD,1.15836,1.15846,1.15827,1.15836,684.0
2026-03-09 14:30:00,PEPPERSTONE:EURUSD,1.15837,1.1584,1.1581,1.15833,590.0
2026-03-09 14:35:00,PEPPERSTONE:EURUSD,1.15832,1.15849,1.15826,1.1584,584.0
2026-03-09 14:40:00,PEPPERSTONE:EURUSD,1.15837,1.15849,1.15817,1.15837,835.0
2026-03-09 14:45:00,PEPPERSTONE:EURUSD,1.15836,1.1587,1.15834,1.1586,778.0
2026-03-09 14:50:00,PEPPERSTONE:EURUSD,1.15854,1.15854,1.15817,1.15832,528.0
2026-03-09 14:55:00,PEPPERSTONE:EURUSD,1.15833,1.1584,1.15785,1.15787,613.0
2026-03-09 15:00:00,PEPPERSTONE:EURUSD,1.15789,1.15815,1.1578,1.15811,1091.0
2026-03-09 15:05:00,PEPPERSTONE:EURUSD,1.15813,1.15844,1.1578,1.15786,1131.0
2026-03-09 15:10:00,PEPPERSTONE:EURUSD,1.15785,1.15841,1.15782,1.15824,842.0
2026-03-09 15:15:00,PEPPERSTONE:EURUSD,1.15822,1.15835,1.15798,1.15801,676.0
2026-03-09 15:20:00,PEPPERSTONE:EURUSD,1.15799,1.15828,1.15782,1.15828,893.0
2026-03-09 15:25:00,PEPPERSTONE:EURUSD,1.15829,1.15829,1.15803,1.15811,607.0
2026-03-09 15:30:00,PEPPERSTONE:EURUSD,1.1581,1.1583,1.15797,1.15823,685.0
2026-03-09 15:35:00,PEPPERSTONE:EURUSD,1.15824,1.15833,1.15794,1.158,698.0
2026-03-09 15:40:00,PEPPERSTONE:EURUSD,1.15799,1.15803,1.15773,1.15776,564.0
2026-03-09 15:45:00,PEPPERSTONE:EURUSD,1.15775,1.15793,1.15759,1.15776,606.0
2026-03-09 15:50:00,PEPPERSTONE:EURUSD,1.15777,1.1581,1.15768,1.15795,596.0
2026-03-09 15:55:00,PEPPERSTONE:EURUSD,1.15796,1.15799,1.15763,1.15766,679.0
2026-03-09 16:00:00,PEPPERSTONE:EURUSD,1.15767,1.15816,1.15752,1.15809,571.0
2026-03-09 16:05:00,PEPPERSTONE:EURUSD,1.15808,1.1583,1.15796,1.15826,441.0
2026-03-09 16:10:00,PEPPERSTONE:EURUSD,1.15827,1.15841,1.15804,1.15824,591.0
2026-03-09 16:15:00,PEPPERSTONE:EURUSD,1.15823,1.16056,1.1582,1.16042,1071.0
2026-03-09 16:20:00,PEPPERSTONE:EURUSD,1.16043,1.16179,1.16017,1.16133,2152.0
2026-03-09 16:25:00,PEPPERSTONE:EURUSD,1.16131,1.16204,1.1611,1.16178,1846.0
2026-03-09 16:30:00,PEPPERSTONE:EURUSD,1.16179,1.16183,1.16077,1.16115,1756.0
2026-03-09 16:35:00,PEPPERSTONE:EURUSD,1.16116,1.16206,1.16075,1.16203,1691.0
2026-03-09 16:40:00,PEPPERSTONE:EURUSD,1.16199,1.16244,1.16126,1.16238,1731.0
2026-03-09 16:45:00,PEPPERSTONE:EURUSD,1.16238,1.16317,1.16215,1.16316,1564.0
2026-03-09 16:50:00,PEPPERSTONE:EURUSD,1.16317,1.16336,1.1618,1.16183,1512.0
2026-03-09 16:55:00,PEPPERSTONE:EURUSD,1.16184,1.16185,1.16083,1.16088,1309.0
2026-03-09 17:00:00,PEPPERSTONE:EURUSD,1.16088,1.16166,1.16087,1.16141,879.0
2026-03-09 17:05:00,PEPPERSTONE:EURUSD,1.16141,1.16152,1.16115,1.16134,642.0
2026-03-09 17:10:00,PEPPERSTONE:EURUSD,1.16134,1.16148,1.16126,1.16146,412.0
2026-03-09 17:15:00,PEPPERSTONE:EURUSD,1.16146,1.16151,1.16119,1.16124,437.0
2026-03-09 17:20:00,PEPPERSTONE:EURUSD,1.16123,1.16167,1.1612,1.16152,422.0
2026-03-09 17:25:00,PEPPERSTONE:EURUSD,1.16152,1.16196,1.16148,1.16177,543.0
2026-03-09 17:30:00,PEPPERSTONE:EURUSD,1.16177,1.16178,1.16149,1.16176,611.0
2026-03-09 17:35:00,PEPPERSTONE:EURUSD,1.16175,1.16199,1.16147,1.16199,541.0
2026-03-09 17:40:00,PEPPERSTONE:EURUSD,1.16199,1.16282,1.16186,1.16282,500.0
2026-03-09 17:45:00,PEPPERSTONE:EURUSD,1.16281,1.16296,1.16244,1.16284,642.0
2026-03-09 17:50:00,PEPPERSTONE:EURUSD,1.16284,1.16304,1.1627,1.16294,599.0
2026-03-09 17:55:00,PEPPERSTONE:EURUSD,1.16294,1.16375,1.16286,1.16363,833.0
2026-03-09 18:00:00,PEPPERSTONE:EURUSD,1.16341,1.16355,1.16341,1.16355,52.0
2026-03-09 18:05:00,PEPPERSTONE:EURUSD,1.16356,1.16357,1.16305,1.16309,101.0
2026-03-09 18:10:00,PEPPERSTONE:EURUSD,1.16309,1.16347,1.16309,1.16347,58.0
2026-03-09 18:15:00,PEPPERSTONE:EURUSD,1.16346,1.16347,1.16337,1.16346,66.0
2026-03-09 18:20:00,PEPPERSTONE:EURUSD,1.16345,1.16349,1.16333,1.16348,45.0
2026-03-09 18:25:00,PEPPERSTONE:EURUSD,1.16347,1.16349,1.16335,1.1634,71.0
2026-03-09 18:30:00,PEPPERSTONE:EURUSD,1.16339,1.16344,1.16323,1.16342,129.0
2026-03-09 18:35:00,PEPPERSTONE:EURUSD,1.16338,1.16345,1.16329,1.16345,181.0
2026-03-09 18:40:00,PEPPERSTONE:EURUSD,1.16344,1.16352,1.16332,1.16336,165.0
2026-03-09 18:45:00,PEPPERSTONE:EURUSD,1.16336,1.16352,1.16335,1.16352,84.0
2026-03-09 18:50:00,PEPPERSTONE:EURUSD,1.16351,1.16351,1.16329,1.16344,239.0
2026-03-09 18:55:00,PEPPERSTONE:EURUSD,1.16345,1.1637,1.16345,1.16369,219.0
2026-03-09 19:00:00,PEPPERSTONE:EURUSD,1.16353,1.16408,1.16317,1.16354,751.0
2026-03-09 19:05:00,PEPPERSTONE:EURUSD,1.16353,1.16413,1.1634,1.16399,770.0
2026-03-09 19:10:00,PEPPERSTONE:EURUSD,1.164,1.16453,1.16373,1.16453,628.0
2026-03-09 19:15:00,PEPPERSTONE:EURUSD,1.16454,1.16455,1.16364,1.16365,677.0
2026-03-09 19:20:00,PEPPERSTONE:EURUSD,1.16363,1.16364,1.16268,1.16283,728.0
2026-03-09 19:25:00,PEPPERSTONE:EURUSD,1.16283,1.1631,1.1627,1.16294,630.0
2026-03-09 19:30:00,PEPPERSTONE:EURUSD,1.16293,1.16333,1.16275,1.16277,771.0
2026-03-09 19:35:00,PEPPERSTONE:EURUSD,1.16278,1.16289,1.16226,1.16237,430.0
2026-03-09 19:40:00,PEPPERSTONE:EURUSD,1.16236,1.16267,1.16229,1.16234,561.0
2026-03-09 19:45:00,PEPPERSTONE:EURUSD,1.16235,1.16287,1.16233,1.1628,497.0
2026-03-09 19:50:00,PEPPERSTONE:EURUSD,1.1628,1.16305,1.16265,1.163,455.0
2026-03-09 19:55:00,PEPPERSTONE:EURUSD,1.16302,1.16305,1.16275,1.16297,441.0
2026-03-09 20:00:00,PEPPERSTONE:EURUSD,1.16296,1.16298,1.16224,1.16241,808.0
2026-03-09 20:05:00,PEPPERSTONE:EURUSD,1.1624,1.16298,1.16235,1.16284,653.0
2026-03-09 20:10:00,PEPPERSTONE:EURUSD,1.16285,1.16307,1.16263,1.16267,653.0
2026-03-09 20:15:00,PEPPERSTONE:EURUSD,1.16268,1.163,1.16255,1.16292,735.0
2026-03-09 20:20:00,PEPPERSTONE:EURUSD,1.16293,1.16314,1.16283,1.16285,650.0
2026-03-09 20:25:00,PEPPERSTONE:EURUSD,1.16284,1.1631,1.16268,1.16274,439.0
2026-03-09 20:30:00,PEPPERSTONE:EURUSD,1.16273,1.16273,1.16242,1.16242,702.0
2026-03-09 20:35:00,PEPPERSTONE:EURUSD,1.1624,1.16256,1.16207,1.16224,523.0
2026-03-09 20:40:00,PEPPERSTONE:EURUSD,1.16221,1.1623,1.16156,1.16162,552.0
2026-03-09 20:45:00,PEPPERSTONE:EURUSD,1.16163,1.16187,1.16154,1.16181,508.0
2026-03-09 20:50:00,PEPPERSTONE:EURUSD,1.1618,1.16187,1.16146,1.16159,443.0
2026-03-09 20:55:00,PEPPERSTONE:EURUSD,1.16159,1.16175,1.16157,1.16164,406.0
2026-03-09 21:00:00,PEPPERSTONE:EURUSD,1.16163,1.16181,1.16117,1.16121,928.0
2026-03-09 21:05:00,PEPPERSTONE:EURUSD,1.16121,1.16165,1.16117,1.1614,943.0
2026-03-09 21:10:00,PEPPERSTONE:EURUSD,1.16139,1.16153,1.16121,1.1615,650.0
2026-03-09 21:15:00,PEPPERSTONE:EURUSD,1.16149,1.16247,1.1614,1.16247,852.0
2026-03-09 21:20:00,PEPPERSTONE:EURUSD,1.16246,1.16282,1.16224,1.16268,947.0
2026-03-09 21:25:00,PEPPERSTONE:EURUSD,1.16269,1.16282,1.16248,1.16282,892.0
2026-03-09 21:30:00,PEPPERSTONE:EURUSD,1.16281,1.16281,1.16233,1.16263,878.0
2026-03-09 21:35:00,PEPPERSTONE:EURUSD,1.16267,1.16355,1.16254,1.16355,893.0
2026-03-09 21:40:00,PEPPERSTONE:EURUSD,1.16354,1.16354,1.16303,1.16345,845.0
2026-03-09 21:45:00,PEPPERSTONE:EURUSD,1.16345,1.16345,1.1624,1.16258,974.0
2026-03-09 21:50:00,PEPPERSTONE:EURUSD,1.16259,1.16269,1.1622,1.1623,1016.0
2026-03-09 21:55:00,PEPPERSTONE:EURUSD,1.16232,1.16271,1.1623,1.16261,930.0
2026-03-09 22:00:00,PEPPERSTONE:EURUSD,1.16262,1.16278,1.16227,1.16235,1260.0
2026-03-09 22:05:00,PEPPERSTONE:EURUSD,1.16234,1.16262,1.16219,1.16246,1185.0
2026-03-09 22:10:00,PEPPERSTONE:EURUSD,1.16245,1.16262,1.16218,1.1625,921.0
2026-03-09 22:15:00,PEPPERSTONE:EURUSD,1.16251,1.16297,1.16233,1.16235,1066.0
2026-03-09 22:20:00,PEPPERSTONE:EURUSD,1.16235,1.16236,1.16186,1.16201,750.0
2026-03-09 22:25:00,PEPPERSTONE:EURUSD,1.16197,1.16204,1.16148,1.16168,845.0
2026-03-09 22:30:00,PEPPERSTONE:EURUSD,1.16169,1.16186,1.16132,1.16179,1120.0
2026-03-09 22:35:00,PEPPERSTONE:EURUSD,1.1618,1.16183,1.16144,1.16151,1057.0
2026-03-09 22:40:00,PEPPERSTONE:EURUSD,1.16151,1.16165,1.16133,1.16152,925.0
2026-03-09 22:45:00,PEPPERSTONE:EURUSD,1.16151,1.16161,1.16118,1.16155,821.0
2026-03-09 22:50:00,PEPPERSTONE:EURUSD,1.16154,1.16177,1.16147,1.16156,723.0
2026-03-09 22:55:00,PEPPERSTONE:EURUSD,1.16155,1.16215,1.16151,1.16199,795.0
2026-03-09 23:00:00,PEPPERSTONE:EURUSD,1.162,1.16227,1.16173,1.1618,715.0
2026-03-09 23:05:00,PEPPERSTONE:EURUSD,1.16181,1.16225,1.16178,1.16191,787.0
2026-03-09 23:10:00,PEPPERSTONE:EURUSD,1.16191,1.16227,1.16191,1.16224,673.0
2026-03-09 23:15:00,PEPPERSTONE:EURUSD,1.16223,1.16232,1.16208,1.16228,585.0
2026-03-09 23:20:00,PEPPERSTONE:EURUSD,1.16227,1.16251,1.16223,1.16245,548.0
2026-03-09 23:25:00,PEPPERSTONE:EURUSD,1.16244,1.1627,1.16236,1.1625,518.0
2026-03-09 23:30:00,PEPPERSTONE:EURUSD,1.16247,1.16256,1.16219,1.16233,612.0
2026-03-09 23:35:00,PEPPERSTONE:EURUSD,1.16234,1.16234,1.16179,1.16192,547.0
2026-03-09 23:40:00,PEPPERSTONE:EURUSD,1.16194,1.16206,1.1618,1.16197,597.0
2026-03-09 23:45:00,PEPPERSTONE:EURUSD,1.16196,1.1621,1.16163,1.16174,740.0
2026-03-09 23:50:00,PEPPERSTONE:EURUSD,1.16173,1.16177,1.16137,1.1616,759.0
2026-03-09 23:55:00,PEPPERSTONE:EURUSD,1.16163,1.16165,1.1612,1.16133,787.0
2026-03-10 00:00:00,PEPPERSTONE:EURUSD,1.16133,1.16156,1.16119,1.16134,764.0
2026-03-10 00:05:00,PEPPERSTONE:EURUSD,1.16135,1.16148,1.161,1.16136,796.0
2026-03-10 00:10:00,PEPPERSTONE:EURUSD,1.16138,1.16154,1.16121,1.16122,568.0
2026-03-10 00:15:00,PEPPERSTONE:EURUSD,1.16123,1.16145,1.16119,1.16129,480.0
2026-03-10 00:20:00,PEPPERSTONE:EURUSD,1.16129,1.16152,1.16123,1.16131,551.0
2026-03-10 00:25:00,PEPPERSTONE:EURUSD,1.16132,1.16136,1.16101,1.16101,507.0
2026-03-10 00:30:00,PEPPERSTONE:EURUSD,1.16103,1.16122,1.16096,1.16112,867.0
2026-03-10 00:35:00,PEPPERSTONE:EURUSD,1.16114,1.16114,1.16102,1.16104,814.0
2026-03-10 00:40:00,PEPPERSTONE:EURUSD,1.16103,1.16119,1.161,1.16105,685.0
2026-03-10 00:45:00,PEPPERSTONE:EURUSD,1.16103,1.16107,1.16079,1.1609,677.0
2026-03-10 00:50:00,PEPPERSTONE:EURUSD,1.16089,1.16117,1.16078,1.16104,632.0
2026-03-10 00:55:00,PEPPERSTONE:EURUSD,1.16105,1.16111,1.16084,1.16097,648.0
2026-03-10 01:00:00,PEPPERSTONE:EURUSD,1.16098,1.161,1.16071,1.16078,578.0
2026-03-10 01:05:00,PEPPERSTONE:EURUSD,1.16079,1.16095,1.16077,1.16083,465.0
2026-03-10 01:10:00,PEPPERSTONE:EURUSD,1.16084,1.16125,1.16083,1.16124,436.0
2026-03-10 01:15:00,PEPPERSTONE:EURUSD,1.16123,1.16123,1.16108,1.16114,419.0
2026-03-10 01:20:00,PEPPERSTONE:EURUSD,1.16116,1.16125,1.16101,1.16108,474.0
2026-03-10 01:25:00,PEPPERSTONE:EURUSD,1.1611,1.16115,1.16102,1.16113,346.0
2026-03-10 01:30:00,PEPPERSTONE:EURUSD,1.16114,1.16129,1.16112,1.16118,438.0
2026-03-10 01:35:00,PEPPERSTONE:EURUSD,1.16118,1.16118,1.16103,1.16109,349.0
2026-03-10 01:40:00,PEPPERSTONE:EURUSD,1.1611,1.16125,1.16105,1.16122,355.0
2026-03-10 01:45:00,PEPPERSTONE:EURUSD,1.16122,1.16145,1.16116,1.16145,364.0
2026-03-10 01:50:00,PEPPERSTONE:EURUSD,1.16144,1.16144,1.16108,1.16108,338.0
2026-03-10 01:55:00,PEPPERSTONE:EURUSD,1.16107,1.16125,1.16107,1.1612,327.0
2026-03-10 02:00:00,PEPPERSTONE:EURUSD,1.16119,1.16184,1.16117,1.16178,687.0
2026-03-10 02:05:00,PEPPERSTONE:EURUSD,1.1618,1.1618,1.16157,1.16165,635.0
2026-03-10 02:10:00,PEPPERSTONE:EURUSD,1.16164,1.16184,1.16164,1.16169,704.0
2026-03-10 02:15:00,PEPPERSTONE:EURUSD,1.16168,1.16202,1.16167,1.1619,445.0
2026-03-10 02:20:00,PEPPERSTONE:EURUSD,1.16191,1.16198,1.16179,1.1618,468.0
2026-03-10 02:25:00,PEPPERSTONE:EURUSD,1.16178,1.1619,1.16174,1.16186,515.0
2026-03-10 02:30:00,PEPPERSTONE:EURUSD,1.16184,1.16192,1.16161,1.16177,557.0
2026-03-10 02:35:00,PEPPERSTONE:EURUSD,1.16177,1.16179,1.16159,1.16159,667.0
2026-03-10 02:40:00,PEPPERSTONE:EURUSD,1.16162,1.16165,1.16147,1.16151,727.0
2026-03-10 02:45:00,PEPPERSTONE:EURUSD,1.16148,1.16198,1.16147,1.16173,650.0
2026-03-10 02:50:00,PEPPERSTONE:EURUSD,1.16172,1.16203,1.16167,1.16175,732.0
2026-03-10 02:55:00,PEPPERSTONE:EURUSD,1.16174,1.16204,1.16167,1.16202,623.0
2026-03-10 03:00:00,PEPPERSTONE:EURUSD,1.16202,1.16245,1.16202,1.16233,542.0
2026-03-10 03:05:00,PEPPERSTONE:EURUSD,1.16234,1.16249,1.16221,1.16246,656.0
2026-03-10 03:10:00,PEPPERSTONE:EURUSD,1.16244,1.16291,1.16239,1.16285,594.0
2026-03-10 03:15:00,PEPPERSTONE:EURUSD,1.1629,1.16294,1.16264,1.1627,613.0
2026-03-10 03:20:00,PEPPERSTONE:EURUSD,1.16269,1.16302,1.16267,1.16301,561.0
2026-03-10 03:25:00,PEPPERSTONE:EURUSD,1.16299,1.16307,1.16268,1.16285,796.0
2026-03-10 03:30:00,PEPPERSTONE:EURUSD,1.16286,1.16302,1.16271,1.16298,662.0
2026-03-10 03:35:00,PEPPERSTONE:EURUSD,1.16297,1.16362,1.16296,1.16352,733.0
2026-03-10 03:40:00,PEPPERSTONE:EURUSD,1.16351,1.16359,1.16313,1.16357,606.0
2026-03-10 03:45:00,PEPPERSTONE:EURUSD,1.16355,1.16375,1.16332,1.16333,622.0
2026-03-10 03:50:00,PEPPERSTONE:EURUSD,1.16331,1.16337,1.16295,1.16306,542.0
2026-03-10 03:55:00,PEPPERSTONE:EURUSD,1.16305,1.16332,1.16305,1.16325,610.0
2026-03-10 04:00:00,PEPPERSTONE:EURUSD,1.1632,1.1636,1.1629,1.16346,1110.0
2026-03-10 04:05:00,PEPPERSTONE:EURUSD,1.16347,1.16399,1.16346,1.16396,1051.0
2026-03-10 04:10:00,PEPPERSTONE:EURUSD,1.16395,1.16417,1.16289,1.16292,954.0
2026-03-10 04:15:00,PEPPERSTONE:EURUSD,1.1629,1.1636,1.16279,1.16359,914.0
2026-03-10 04:20:00,PEPPERSTONE:EURUSD,1.16358,1.16413,1.16355,1.16408,795.0
2026-03-10 04:25:00,PEPPERSTONE:EURUSD,1.16409,1.16461,1.16405,1.1645,805.0
2026-03-10 04:30:00,PEPPERSTONE:EURUSD,1.16453,1.16472,1.16418,1.1644,889.0
2026-03-10 04:35:00,PEPPERSTONE:EURUSD,1.16439,1.165,1.16435,1.16492,770.0
2026-03-10 04:40:00,PEPPERSTONE:EURUSD,1.1649,1.16529,1.16481,1.16523,789.0
2026-03-10 04:45:00,PEPPERSTONE:EURUSD,1.16527,1.1658,1.16521,1.1658,967.0
2026-03-10 04:50:00,PEPPERSTONE:EURUSD,1.1658,1.16635,1.16565,1.16566,967.0
2026-03-10 04:55:00,PEPPERSTONE:EURUSD,1.16565,1.16611,1.16543,1.16606,1111.0
2026-03-10 05:00:00,PEPPERSTONE:EURUSD,1.16605,1.1662,1.16542,1.16565,1341.0
2026-03-10 05:05:00,PEPPERSTONE:EURUSD,1.16564,1.16569,1.16499,1.16541,1064.0
2026-03-10 05:10:00,PEPPERSTONE:EURUSD,1.16542,1.16542,1.16503,1.16518,1110.0
2026-03-10 05:15:00,PEPPERSTONE:EURUSD,1.16519,1.16548,1.16493,1.16496,937.0
2026-03-10 05:20:00,PEPPERSTONE:EURUSD,1.16497,1.16549,1.16477,1.1653,872.0
2026-03-10 05:25:00,PEPPERSTONE:EURUSD,1.16531,1.16561,1.16506,1.16544,966.0
2026-03-10 05:30:00,PEPPERSTONE:EURUSD,1.16543,1.16555,1.16497,1.16523,961.0
2026-03-10 05:35:00,PEPPERSTONE:EURUSD,1.16524,1.16552,1.16482,1.16549,893.0
2026-03-10 05:40:00,PEPPERSTONE:EURUSD,1.16553,1.166,1.16551,1.16553,861.0
2026-03-10 05:45:00,PEPPERSTONE:EURUSD,1.16554,1.1657,1.1654,1.16551,670.0
2026-03-10 05:50:00,PEPPERSTONE:EURUSD,1.16553,1.16556,1.16476,1.16504,1031.0
2026-03-10 05:55:00,PEPPERSTONE:EURUSD,1.16503,1.16513,1.16433,1.16459,1031.0
2026-03-10 06:00:00,PEPPERSTONE:EURUSD,1.1646,1.16511,1.16439,1.16497,923.0
2026-03-10 06:05:00,PEPPERSTONE:EURUSD,1.16494,1.16513,1.16461,1.16508,734.0
2026-03-10 06:10:00,PEPPERSTONE:EURUSD,1.16509,1.16571,1.16503,1.1655,672.0
2026-03-10 06:15:00,PEPPERSTONE:EURUSD,1.16549,1.1658,1.16519,1.16532,871.0
2026-03-10 06:20:00,PEPPERSTONE:EURUSD,1.16531,1.1655,1.16502,1.16538,800.0
2026-03-10 06:25:00,PEPPERSTONE:EURUSD,1.16537,1.16555,1.16501,1.16527,758.0
2026-03-10 06:30:00,PEPPERSTONE:EURUSD,1.16527,1.16566,1.16525,1.16535,645.0
2026-03-10 06:35:00,PEPPERSTONE:EURUSD,1.16534,1.16553,1.16524,1.16546,602.0
2026-03-10 06:40:00,PEPPERSTONE:EURUSD,1.16545,1.16589,1.16524,1.16583,790.0
2026-03-10 06:45:00,PEPPERSTONE:EURUSD,1.16581,1.16591,1.16513,1.16535,861.0
2026-03-10 06:50:00,PEPPERSTONE:EURUSD,1.16536,1.16571,1.1653,1.16551,711.0
2026-03-10 06:55:00,PEPPERSTONE:EURUSD,1.16555,1.16561,1.16507,1.16511,786.0
2026-03-10 07:00:00,PEPPERSTONE:EURUSD,1.16513,1.16517,1.16456,1.16493,825.0
2026-03-10 07:05:00,PEPPERSTONE:EURUSD,1.16492,1.16498,1.16459,1.16496,755.0
2026-03-10 07:10:00,PEPPERSTONE:EURUSD,1.16495,1.16498,1.16465,1.1647,761.0
2026-03-10 07:15:00,PEPPERSTONE:EURUSD,1.16469,1.16469,1.16421,1.16422,935.0
2026-03-10 07:20:00,PEPPERSTONE:EURUSD,1.16423,1.16472,1.16422,1.16454,879.0
2026-03-10 07:25:00,PEPPERSTONE:EURUSD,1.16455,1.16465,1.1643,1.16448,784.0
2026-03-10 07:30:00,PEPPERSTONE:EURUSD,1.16447,1.1645,1.1634,1.16346,1026.0
2026-03-10 07:35:00,PEPPERSTONE:EURUSD,1.16342,1.16346,1.16205,1.16289,1420.0
2026-03-10 07:40:00,PEPPERSTONE:EURUSD,1.1629,1.16361,1.16281,1.16357,1046.0
2026-03-10 07:45:00,PEPPERSTONE:EURUSD,1.1636,1.16368,1.16312,1.16327,902.0
2026-03-10 07:50:00,PEPPERSTONE:EURUSD,1.16326,1.16358,1.16313,1.16346,919.0
2026-03-10 07:55:00,PEPPERSTONE:EURUSD,1.16346,1.164,1.16329,1.16395,759.0
2026-03-10 08:00:00,PEPPERSTONE:EURUSD,1.16397,1.16516,1.16385,1.16498,828.0
2026-03-10 08:05:00,PEPPERSTONE:EURUSD,1.16495,1.16531,1.16445,1.1645,1463.0
2026-03-10 08:10:00,PEPPERSTONE:EURUSD,1.16449,1.16478,1.16445,1.1645,1098.0
2026-03-10 08:15:00,PEPPERSTONE:EURUSD,1.16453,1.16473,1.16396,1.16403,1047.0
2026-03-10 08:20:00,PEPPERSTONE:EURUSD,1.16404,1.16464,1.16397,1.16453,1118.0
2026-03-10 08:25:00,PEPPERSTONE:EURUSD,1.16454,1.16476,1.16402,1.16439,933.0
2026-03-10 08:30:00,PEPPERSTONE:EURUSD,1.16441,1.16445,1.1638,1.16411,871.0
2026-03-10 08:35:00,PEPPERSTONE:EURUSD,1.16412,1.16451,1.16408,1.1644,897.0
2026-03-10 08:40:00,PEPPERSTONE:EURUSD,1.16438,1.16448,1.16413,1.16433,944.0
2026-03-10 08:45:00,PEPPERSTONE:EURUSD,1.16434,1.16466,1.16408,1.1644,983.0
2026-03-10 08:50:00,PEPPERSTONE:EURUSD,1.16441,1.16479,1.1644,1.16445,706.0
2026-03-10 08:55:00,PEPPERSTONE:EURUSD,1.16444,1.16444,1.16363,1.16384,822.0
2026-03-10 09:00:00,PEPPERSTONE:EURUSD,1.16387,1.16408,1.16329,1.16331,1134.0
2026-03-10 09:05:00,PEPPERSTONE:EURUSD,1.1633,1.16331,1.16216,1.16248,1334.0
2026-03-10 09:10:00,PEPPERSTONE:EURUSD,1.16245,1.16291,1.16224,1.16262,1024.0
2026-03-10 09:15:00,PEPPERSTONE:EURUSD,1.16261,1.16298,1.16224,1.16286,992.0
2026-03-10 09:20:00,PEPPERSTONE:EURUSD,1.16285,1.16324,1.16251,1.16297,1204.0
2026-03-10 09:25:00,PEPPERSTONE:EURUSD,1.16296,1.16314,1.16266,1.16275,953.0
2026-03-10 09:30:00,PEPPERSTONE:EURUSD,1.16276,1.16303,1.16258,1.16274,978.0
2026-03-10 09:35:00,PEPPERSTONE:EURUSD,1.16272,1.163,1.16232,1.1624,1098.0
2026-03-10 09:40:00,PEPPERSTONE:EURUSD,1.16239,1.16313,1.16236,1.163,890.0
2026-03-10 09:45:00,PEPPERSTONE:EURUSD,1.16301,1.16374,1.16301,1.16374,927.0
2026-03-10 09:50:00,PEPPERSTONE:EURUSD,1.16373,1.1641,1.16343,1.16389,997.0
2026-03-10 09:55:00,PEPPERSTONE:EURUSD,1.16388,1.164,1.16331,1.16345,933.0
2026-03-10 10:00:00,PEPPERSTONE:EURUSD,1.16344,1.16403,1.16333,1.16384,1190.0
2026-03-10 10:05:00,PEPPERSTONE:EURUSD,1.16386,1.1643,1.16384,1.16407,969.0
2026-03-10 10:10:00,PEPPERSTONE:EURUSD,1.16406,1.16449,1.16371,1.16414,1032.0
2026-03-10 10:15:00,PEPPERSTONE:EURUSD,1.16415,1.16448,1.16399,1.16426,985.0
2026-03-10 10:20:00,PEPPERSTONE:EURUSD,1.16429,1.1649,1.1642,1.16469,1006.0
2026-03-10 10:25:00,PEPPERSTONE:EURUSD,1.16467,1.16479,1.16434,1.16448,998.0
2026-03-10 10:30:00,PEPPERSTONE:EURUSD,1.1645,1.16459,1.16342,1.16384,1464.0
2026-03-10 10:35:00,PEPPERSTONE:EURUSD,1.1639,1.16422,1.16354,1.16405,1396.0
2026-03-10 10:40:00,PEPPERSTONE:EURUSD,1.16392,1.16411,1.16336,1.1639,1360.0
2026-03-10 10:45:00,PEPPERSTONE:EURUSD,1.16389,1.16389,1.1632,1.1636,1495.0
2026-03-10 10:50:00,PEPPERSTONE:EURUSD,1.16364,1.16365,1.16291,1.1632,1175.0
2026-03-10 10:55:00,PEPPERSTONE:EURUSD,1.16317,1.16332,1.16301,1.16321,965.0
2026-03-10 11:00:00,PEPPERSTONE:EURUSD,1.16323,1.16332,1.16278,1.16313,1256.0
2026-03-10 11:05:00,PEPPERSTONE:EURUSD,1.1631,1.16349,1.16274,1.16281,1265.0
2026-03-10 11:10:00,PEPPERSTONE:EURUSD,1.16279,1.16311,1.16272,1.16308,1170.0
2026-03-10 11:15:00,PEPPERSTONE:EURUSD,1.16307,1.16378,1.16302,1.16376,1121.0
2026-03-10 11:20:00,PEPPERSTONE:EURUSD,1.16375,1.16387,1.16359,1.1637,1104.0
2026-03-10 11:25:00,PEPPERSTONE:EURUSD,1.16369,1.1639,1.16362,1.16386,955.0
2026-03-10 11:30:00,PEPPERSTONE:EURUSD,1.1639,1.16446,1.16387,1.16437,1093.0
2026-03-10 11:35:00,PEPPERSTONE:EURUSD,1.16435,1.16447,1.16414,1.16446,1001.0
2026-03-10 11:40:00,PEPPERSTONE:EURUSD,1.16447,1.165,1.16437,1.16483,1066.0
2026-03-10 11:45:00,PEPPERSTONE:EURUSD,1.16484,1.16485,1.16402,1.16436,1022.0
2026-03-10 11:50:00,PEPPERSTONE:EURUSD,1.16437,1.16495,1.16436,1.16476,894.0
2026-03-10 11:55:00,PEPPERSTONE:EURUSD,1.16477,1.16504,1.16468,1.16485,834.0
2026-03-10 12:00:00,PEPPERSTONE:EURUSD,1.16483,1.16517,1.1648,1.16486,832.0
2026-03-10 12:05:00,PEPPERSTONE:EURUSD,1.16487,1.16489,1.16429,1.16438,910.0
2026-03-10 12:10:00,PEPPERSTONE:EURUSD,1.16436,1.16481,1.16421,1.16457,837.0
2026-03-10 12:15:00,PEPPERSTONE:EURUSD,1.16455,1.16495,1.16397,1.16491,1036.0
2026-03-10 12:20:00,PEPPERSTONE:EURUSD,1.16491,1.16503,1.16454,1.16466,899.0
2026-03-10 12:25:00,PEPPERSTONE:EURUSD,1.16467,1.16488,1.16438,1.16447,758.0
2026-03-10 12:30:00,PEPPERSTONE:EURUSD,1.16445,1.16477,1.16428,1.16471,1007.0
2026-03-10 12:35:00,PEPPERSTONE:EURUSD,1.16467,1.16515,1.16463,1.16488,794.0
2026-03-10 12:40:00,PEPPERSTONE:EURUSD,1.16487,1.1655,1.16486,1.16539,832.0
2026-03-10 12:45:00,PEPPERSTONE:EURUSD,1.1654,1.16551,1.16482,1.1649,1034.0
2026-03-10 12:50:00,PEPPERSTONE:EURUSD,1.16489,1.16511,1.16444,1.16463,1116.0
2026-03-10 12:55:00,PEPPERSTONE:EURUSD,1.16464,1.16482,1.16455,1.16474,831.0
2026-03-10 13:00:00,PEPPERSTONE:EURUSD,1.16476,1.16477,1.16419,1.16421,867.0
2026-03-10 13:05:00,PEPPERSTONE:EURUSD,1.16422,1.16422,1.1639,1.16404,866.0
2026-03-10 13:10:00,PEPPERSTONE:EURUSD,1.16406,1.16442,1.16401,1.16425,907.0
2026-03-10 13:15:00,PEPPERSTONE:EURUSD,1.16424,1.16462,1.16414,1.16451,751.0
2026-03-10 13:20:00,PEPPERSTONE:EURUSD,1.16449,1.16464,1.16434,1.1645,691.0
2026-03-10 13:25:00,PEPPERSTONE:EURUSD,1.1645,1.16471,1.16439,1.16456,657.0
2026-03-10 13:30:00,PEPPERSTONE:EURUSD,1.16457,1.16544,1.16451,1.16536,801.0
2026-03-10 13:35:00,PEPPERSTONE:EURUSD,1.16537,1.16543,1.16494,1.16509,731.0
2026-03-10 13:40:00,PEPPERSTONE:EURUSD,1.16508,1.16509,1.16471,1.16473,799.0
2026-03-10 13:45:00,PEPPERSTONE:EURUSD,1.16475,1.16477,1.1643,1.16431,805.0
2026-03-10 13:50:00,PEPPERSTONE:EURUSD,1.16433,1.16532,1.1643,1.16532,760.0
2026-03-10 13:55:00,PEPPERSTONE:EURUSD,1.16531,1.16545,1.16506,1.16517,944.0
2026-03-10 14:00:00,PEPPERSTONE:EURUSD,1.16516,1.16551,1.16515,1.16543,961.0
2026-03-10 14:05:00,PEPPERSTONE:EURUSD,1.16543,1.16604,1.16541,1.16592,929.0
2026-03-10 14:10:00,PEPPERSTONE:EURUSD,1.16591,1.16608,1.16524,1.16552,864.0
2026-03-10 14:15:00,PEPPERSTONE:EURUSD,1.16552,1.16669,1.16544,1.16665,1182.0
2026-03-10 14:20:00,PEPPERSTONE:EURUSD,1.16667,1.16669,1.16625,1.16634,1171.0
2026-03-10 14:25:00,PEPPERSTONE:EURUSD,1.16635,1.16675,1.16595,1.16596,992.0
2026-03-10 14:30:00,PEPPERSTONE:EURUSD,1.16593,1.16595,1.1652,1.16521,1018.0
2026-03-10 14:35:00,PEPPERSTONE:EURUSD,1.16523,1.16543,1.16454,1.16483,1418.0
2026-03-10 14:40:00,PEPPERSTONE:EURUSD,1.16485,1.16485,1.16435,1.16443,1166.0
2026-03-10 14:45:00,PEPPERSTONE:EURUSD,1.16442,1.16461,1.16428,1.16434,934.0
2026-03-10 14:50:00,PEPPERSTONE:EURUSD,1.16433,1.16464,1.16416,1.16438,899.0
2026-03-10 14:55:00,PEPPERSTONE:EURUSD,1.16436,1.16464,1.16417,1.16452,778.0
2026-03-10 15:00:00,PEPPERSTONE:EURUSD,1.16453,1.16461,1.16427,1.16445,905.0
2026-03-10 15:05:00,PEPPERSTONE:EURUSD,1.16444,1.16453,1.16384,1.16393,868.0
2026-03-10 15:10:00,PEPPERSTONE:EURUSD,1.16394,1.16428,1.16287,1.16295,1229.0
2026-03-10 15:15:00,PEPPERSTONE:EURUSD,1.16298,1.16307,1.16144,1.1615,1968.0
2026-03-10 15:20:00,PEPPERSTONE:EURUSD,1.16147,1.16257,1.16141,1.16217,1843.0
2026-03-10 15:25:00,PEPPERSTONE:EURUSD,1.1622,1.16377,1.16211,1.16339,1671.0
2026-03-10 15:30:00,PEPPERSTONE:EURUSD,1.16338,1.16395,1.16319,1.16372,1375.0
2026-03-10 15:35:00,PEPPERSTONE:EURUSD,1.16373,1.1638,1.1626,1.16288,1643.0
2026-03-10 15:40:00,PEPPERSTONE:EURUSD,1.16287,1.16296,1.16241,1.1626,1365.0
2026-03-10 15:45:00,PEPPERSTONE:EURUSD,1.16256,1.16327,1.16231,1.163,1220.0
2026-03-10 15:50:00,PEPPERSTONE:EURUSD,1.16302,1.16332,1.16265,1.16279,1292.0
2026-03-10 15:55:00,PEPPERSTONE:EURUSD,1.1628,1.16293,1.1624,1.16246,1232.0
2026-03-10 16:00:00,PEPPERSTONE:EURUSD,1.16247,1.1625,1.16201,1.16241,1032.0
2026-03-10 16:05:00,PEPPERSTONE:EURUSD,1.16239,1.1627,1.16224,1.16254,890.0
2026-03-10 16:10:00,PEPPERSTONE:EURUSD,1.16253,1.16261,1.16215,1.16257,733.0
2026-03-10 16:15:00,PEPPERSTONE:EURUSD,1.16258,1.16288,1.16249,1.16266,832.0
2026-03-10 16:20:00,PEPPERSTONE:EURUSD,1.16265,1.16274,1.16202,1.1622,1097.0
2026-03-10 16:25:00,PEPPERSTONE:EURUSD,1.16217,1.1622,1.16158,1.16162,1155.0
2026-03-10 16:30:00,PEPPERSTONE:EURUSD,1.16159,1.1617,1.16136,1.16151,878.0
2026-03-10 16:35:00,PEPPERSTONE:EURUSD,1.1615,1.16156,1.16118,1.16146,988.0
2026-03-10 16:40:00,PEPPERSTONE:EURUSD,1.16145,1.16201,1.16071,1.16145,1524.0
2026-03-10 16:45:00,PEPPERSTONE:EURUSD,1.16143,1.16157,1.16086,1.16109,1127.0
2026-03-10 16:50:00,PEPPERSTONE:EURUSD,1.16115,1.16151,1.16101,1.16136,893.0
2026-03-10 16:55:00,PEPPERSTONE:EURUSD,1.16137,1.16151,1.16108,1.16142,951.0
2026-03-10 17:00:00,PEPPERSTONE:EURUSD,1.16143,1.16152,1.16092,1.16095,610.0
2026-03-10 17:05:00,PEPPERSTONE:EURUSD,1.16095,1.16133,1.1608,1.16099,551.0
2026-03-10 17:10:00,PEPPERSTONE:EURUSD,1.161,1.1614,1.1609,1.16133,486.0
2026-03-10 17:15:00,PEPPERSTONE:EURUSD,1.16133,1.16141,1.16101,1.16112,395.0
2026-03-10 17:20:00,PEPPERSTONE:EURUSD,1.16111,1.16153,1.16109,1.16143,393.0
2026-03-10 17:25:00,PEPPERSTONE:EURUSD,1.16142,1.16146,1.16125,1.16145,442.0
2026-03-10 17:30:00,PEPPERSTONE:EURUSD,1.16145,1.16148,1.16134,1.16136,297.0
2026-03-10 17:35:00,PEPPERSTONE:EURUSD,1.16135,1.16139,1.16108,1.16132,293.0
2026-03-10 17:40:00,PEPPERSTONE:EURUSD,1.16132,1.16136,1.16106,1.16109,222.0
2026-03-10 17:45:00,PEPPERSTONE:EURUSD,1.16108,1.16117,1.16093,1.16095,304.0
2026-03-10 17:50:00,PEPPERSTONE:EURUSD,1.16096,1.16108,1.16086,1.16098,248.0
2026-03-10 17:55:00,PEPPERSTONE:EURUSD,1.16097,1.16105,1.1608,1.16085,507.0
2026-03-10 18:00:00,PEPPERSTONE:EURUSD,1.16095,1.16107,1.1606,1.16071,98.0
2026-03-10 18:05:00,PEPPERSTONE:EURUSD,1.16073,1.16074,1.16062,1.16071,57.0
2026-03-10 18:10:00,PEPPERSTONE:EURUSD,1.16071,1.16073,1.16062,1.16063,55.0
2026-03-10 18:15:00,PEPPERSTONE:EURUSD,1.16066,1.16097,1.16062,1.16072,54.0
2026-03-10 18:20:00,PEPPERSTONE:EURUSD,1.16073,1.1608,1.16071,1.16079,55.0
2026-03-10 18:25:00,PEPPERSTONE:EURUSD,1.1608,1.16081,1.16074,1.16079,72.0
2026-03-10 18:30:00,PEPPERSTONE:EURUSD,1.1608,1.16084,1.1607,1.16075,160.0
2026-03-10 18:35:00,PEPPERSTONE:EURUSD,1.16074,1.16078,1.16065,1.16075,850.0
2026-03-10 18:40:00,PEPPERSTONE:EURUSD,1.16077,1.16108,1.16075,1.16094,198.0
2026-03-10 18:45:00,PEPPERSTONE:EURUSD,1.16096,1.1611,1.16093,1.1611,303.0
2026-03-10 18:50:00,PEPPERSTONE:EURUSD,1.16109,1.16111,1.16096,1.1611,91.0
2026-03-10 18:55:00,PEPPERSTONE:EURUSD,1.1611,1.1611,1.16093,1.16094,33.0
2026-03-10 19:00:00,PEPPERSTONE:EURUSD,1.16098,1.16131,1.16098,1.16129,451.0
2026-03-10 19:05:00,PEPPERSTONE:EURUSD,1.16129,1.16129,1.16079,1.16088,251.0
2026-03-10 19:10:00,PEPPERSTONE:EURUSD,1.16088,1.16095,1.16085,1.16089,297.0
2026-03-10 19:15:00,PEPPERSTONE:EURUSD,1.1609,1.16095,1.16081,1.16084,228.0
2026-03-10 19:20:00,PEPPERSTONE:EURUSD,1.16082,1.16086,1.16072,1.16074,290.0
2026-03-10 19:25:00,PEPPERSTONE:EURUSD,1.16075,1.16081,1.16063,1.16064,330.0
2026-03-10 19:30:00,PEPPERSTONE:EURUSD,1.16064,1.16076,1.16051,1.16064,443.0
2026-03-10 19:35:00,PEPPERSTONE:EURUSD,1.16063,1.16064,1.16041,1.16042,288.0
2026-03-10 19:40:00,PEPPERSTONE:EURUSD,1.16042,1.16046,1.16032,1.16044,259.0
2026-03-10 19:45:00,PEPPERSTONE:EURUSD,1.16045,1.1605,1.16028,1.16031,321.0
2026-03-10 19:50:00,PEPPERSTONE:EURUSD,1.16032,1.16045,1.1603,1.16042,207.0
2026-03-10 19:55:00,PEPPERSTONE:EURUSD,1.16041,1.16058,1.1604,1.1605,252.0
2026-03-10 20:00:00,PEPPERSTONE:EURUSD,1.16049,1.16086,1.16048,1.16054,420.0
2026-03-10 20:05:00,PEPPERSTONE:EURUSD,1.16053,1.16072,1.16053,1.16071,299.0
2026-03-10 20:10:00,PEPPERSTONE:EURUSD,1.1607,1.16105,1.16068,1.16102,434.0
2026-03-10 20:15:00,PEPPERSTONE:EURUSD,1.161,1.16106,1.16091,1.16099,418.0
2026-03-10 20:20:00,PEPPERSTONE:EURUSD,1.16098,1.1611,1.16096,1.16109,324.0
2026-03-10 20:25:00,PEPPERSTONE:EURUSD,1.16108,1.16109,1.16082,1.16083,361.0
2026-03-10 20:30:00,PEPPERSTONE:EURUSD,1.16084,1.16106,1.16082,1.16105,362.0
2026-03-10 20:35:00,PEPPERSTONE:EURUSD,1.16104,1.16107,1.16086,1.16097,477.0
2026-03-10 20:40:00,PEPPERSTONE:EURUSD,1.16095,1.16106,1.16093,1.16102,363.0
2026-03-10 20:45:00,PEPPERSTONE:EURUSD,1.16101,1.16112,1.16097,1.1611,350.0
2026-03-10 20:50:00,PEPPERSTONE:EURUSD,1.16109,1.16121,1.16101,1.1611,430.0
2026-03-10 20:55:00,PEPPERSTONE:EURUSD,1.16109,1.16121,1.16092,1.16116,343.0
2026-03-10 21:00:00,PEPPERSTONE:EURUSD,1.1612,1.16132,1.1607,1.16072,661.0
2026-03-10 21:05:00,PEPPERSTONE:EURUSD,1.16073,1.16143,1.16059,1.1612,809.0
2026-03-10 21:10:00,PEPPERSTONE:EURUSD,1.16124,1.1624,1.16117,1.16217,1044.0
2026-03-10 21:15:00,PEPPERSTONE:EURUSD,1.16217,1.16245,1.16213,1.16235,861.0
2026-03-10 21:20:00,PEPPERSTONE:EURUSD,1.16234,1.16239,1.1619,1.16207,766.0
2026-03-10 21:25:00,PEPPERSTONE:EURUSD,1.16208,1.16225,1.16188,1.16213,736.0
2026-03-10 21:30:00,PEPPERSTONE:EURUSD,1.16214,1.16239,1.16202,1.16204,655.0
2026-03-10 21:35:00,PEPPERSTONE:EURUSD,1.16203,1.16215,1.16177,1.16187,601.0
2026-03-10 21:40:00,PEPPERSTONE:EURUSD,1.16186,1.16232,1.16184,1.16228,511.0
2026-03-10 21:45:00,PEPPERSTONE:EURUSD,1.1623,1.1625,1.16205,1.16208,520.0
2026-03-10 21:50:00,PEPPERSTONE:EURUSD,1.16209,1.16224,1.16201,1.16207,528.0
2026-03-10 21:55:00,PEPPERSTONE:EURUSD,1.16206,1.1621,1.16181,1.16183,847.0
2026-03-10 22:00:00,PEPPERSTONE:EURUSD,1.16182,1.16206,1.16123,1.1614,1050.0
2026-03-10 22:05:00,PEPPERSTONE:EURUSD,1.16143,1.16171,1.16135,1.16139,695.0
2026-03-10 22:10:00,PEPPERSTONE:EURUSD,1.1614,1.16185,1.16139,1.16185,607.0
2026-03-10 22:15:00,PEPPERSTONE:EURUSD,1.16186,1.16234,1.16168,1.16229,667.0
2026-03-10 22:20:00,PEPPERSTONE:EURUSD,1.1623,1.16232,1.16208,1.16231,591.0
2026-03-10 22:25:00,PEPPERSTONE:EURUSD,1.1623,1.16257,1.16215,1.1625,595.0
2026-03-10 22:30:00,PEPPERSTONE:EURUSD,1.16249,1.16256,1.16228,1.16241,595.0
2026-03-10 22:35:00,PEPPERSTONE:EURUSD,1.16238,1.16247,1.16214,1.1622,624.0
2026-03-10 22:40:00,PEPPERSTONE:EURUSD,1.16219,1.16251,1.16211,1.16245,570.0
2026-03-10 22:45:00,PEPPERSTONE:EURUSD,1.16244,1.16269,1.16239,1.16269,598.0
2026-03-10 22:50:00,PEPPERSTONE:EURUSD,1.16274,1.1628,1.16237,1.16249,490.0
2026-03-10 22:55:00,PEPPERSTONE:EURUSD,1.16248,1.1627,1.16238,1.16268,563.0
2026-03-10 23:00:00,PEPPERSTONE:EURUSD,1.16269,1.16288,1.16235,1.16242,536.0
2026-03-10 23:05:00,PEPPERSTONE:EURUSD,1.16241,1.16253,1.16236,1.1625,412.0
2026-03-10 23:10:00,PEPPERSTONE:EURUSD,1.16249,1.16251,1.1623,1.1624,445.0
2026-03-10 23:15:00,PEPPERSTONE:EURUSD,1.16241,1.16264,1.16235,1.16255,457.0
2026-03-10 23:20:00,PEPPERSTONE:EURUSD,1.16254,1.16272,1.16237,1.16239,467.0
2026-03-10 23:25:00,PEPPERSTONE:EURUSD,1.16238,1.16238,1.16205,1.16206,400.0
2026-03-10 23:30:00,PEPPERSTONE:EURUSD,1.16206,1.16212,1.16191,1.16206,613.0
2026-03-10 23:35:00,PEPPERSTONE:EURUSD,1.16207,1.16219,1.16187,1.16189,618.0
2026-03-10 23:40:00,PEPPERSTONE:EURUSD,1.16188,1.1623,1.16187,1.1623,434.0
2026-03-10 23:45:00,PEPPERSTONE:EURUSD,1.1623,1.16282,1.16219,1.16275,617.0
2026-03-10 23:50:00,PEPPERSTONE:EURUSD,1.16276,1.16295,1.16265,1.16275,549.0
2026-03-10 23:55:00,PEPPERSTONE:EURUSD,1.16274,1.16277,1.16253,1.16258,431.0
2026-03-11 00:00:00,PEPPERSTONE:EURUSD,1.16258,1.16296,1.16251,1.16286,478.0
2026-03-11 00:05:00,PEPPERSTONE:EURUSD,1.16287,1.16297,1.16266,1.16268,467.0
2026-03-11 00:10:00,PEPPERSTONE:EURUSD,1.16269,1.1628,1.16265,1.16275,363.0
2026-03-11 00:15:00,PEPPERSTONE:EURUSD,1.16274,1.16282,1.1627,1.16276,399.0
2026-03-11 00:20:00,PEPPERSTONE:EURUSD,1.16277,1.1628,1.16264,1.16273,441.0
2026-03-11 00:25:00,PEPPERSTONE:EURUSD,1.16274,1.16274,1.16252,1.16255,553.0
2026-03-11 00:30:00,PEPPERSTONE:EURUSD,1.16253,1.16293,1.16252,1.16292,500.0
2026-03-11 00:35:00,PEPPERSTONE:EURUSD,1.16291,1.16318,1.16291,1.16309,375.0
2026-03-11 00:40:00,PEPPERSTONE:EURUSD,1.16307,1.16309,1.16293,1.16306,319.0
2026-03-11 00:45:00,PEPPERSTONE:EURUSD,1.16305,1.16318,1.16286,1.16291,386.0
2026-03-11 00:50:00,PEPPERSTONE:EURUSD,1.16292,1.16294,1.16267,1.16279,407.0
2026-03-11 00:55:00,PEPPERSTONE:EURUSD,1.1628,1.1631,1.16277,1.16305,520.0
2026-03-11 01:00:00,PEPPERSTONE:EURUSD,1.16304,1.16306,1.16279,1.16294,515.0
2026-03-11 01:05:00,PEPPERSTONE:EURUSD,1.16295,1.163,1.16282,1.16295,405.0
2026-03-11 01:10:00,PEPPERSTONE:EURUSD,1.16294,1.16318,1.1629,1.16315,381.0
2026-03-11 01:15:00,PEPPERSTONE:EURUSD,1.16316,1.16323,1.16299,1.16321,383.0
2026-03-11 01:20:00,PEPPERSTONE:EURUSD,1.1632,1.16322,1.1631,1.16315,332.0
2026-03-11 01:25:00,PEPPERSTONE:EURUSD,1.16316,1.16324,1.16316,1.16322,285.0
2026-03-11 01:30:00,PEPPERSTONE:EURUSD,1.1632,1.16326,1.16309,1.16318,269.0
2026-03-11 01:35:00,PEPPERSTONE:EURUSD,1.16319,1.1633,1.16315,1.1632,347.0
2026-03-11 01:40:00,PEPPERSTONE:EURUSD,1.16319,1.16334,1.16318,1.16331,343.0
2026-03-11 01:45:00,PEPPERSTONE:EURUSD,1.1633,1.16348,1.16325,1.16348,382.0
2026-03-11 01:50:00,PEPPERSTONE:EURUSD,1.1635,1.16352,1.1632,1.16325,350.0
2026-03-11 01:55:00,PEPPERSTONE:EURUSD,1.16323,1.1634,1.16321,1.16337,338.0
2026-03-11 02:00:00,PEPPERSTONE:EURUSD,1.16338,1.16342,1.16323,1.16335,444.0
2026-03-11 02:05:00,PEPPERSTONE:EURUSD,1.16333,1.1636,1.16332,1.16344,531.0
2026-03-11 02:10:00,PEPPERSTONE:EURUSD,1.16343,1.16347,1.16316,1.16318,423.0
2026-03-11 02:15:00,PEPPERSTONE:EURUSD,1.1632,1.16336,1.1631,1.16313,331.0
2026-03-11 02:20:00,PEPPERSTONE:EURUSD,1.16311,1.16316,1.16303,1.16305,371.0
2026-03-11 02:25:00,PEPPERSTONE:EURUSD,1.16304,1.16315,1.16302,1.16314,356.0
2026-03-11 02:30:00,PEPPERSTONE:EURUSD,1.16313,1.16327,1.16305,1.16324,481.0
2026-03-11 02:35:00,PEPPERSTONE:EURUSD,1.16325,1.16347,1.16319,1.16337,379.0
2026-03-11 02:40:00,PEPPERSTONE:EURUSD,1.16336,1.16354,1.16327,1.16337,414.0
2026-03-11 02:45:00,PEPPERSTONE:EURUSD,1.16338,1.16338,1.16311,1.16322,462.0
2026-03-11 02:50:00,PEPPERSTONE:EURUSD,1.16324,1.16346,1.16318,1.16336,505.0
2026-03-11 02:55:00,PEPPERSTONE:EURUSD,1.16335,1.16357,1.16319,1.1633,447.0
2026-03-11 03:00:00,PEPPERSTONE:EURUSD,1.1633,1.16367,1.16323,1.16335,698.0
2026-03-11 03:05:00,PEPPERSTONE:EURUSD,1.16337,1.16364,1.16329,1.16357,663.0
2026-03-11 03:10:00,PEPPERSTONE:EURUSD,1.16359,1.16395,1.16351,1.16393,492.0
2026-03-11 03:15:00,PEPPERSTONE:EURUSD,1.16394,1.16411,1.16374,1.16382,586.0
2026-03-11 03:20:00,PEPPERSTONE:EURUSD,1.16381,1.16393,1.16353,1.16356,464.0
2026-03-11 03:25:00,PEPPERSTONE:EURUSD,1.16355,1.16365,1.16345,1.16359,508.0
2026-03-11 03:30:00,PEPPERSTONE:EURUSD,1.1636,1.16372,1.16338,1.16368,456.0
2026-03-11 03:35:00,PEPPERSTONE:EURUSD,1.16365,1.16398,1.16359,1.16391,599.0
2026-03-11 03:40:00,PEPPERSTONE:EURUSD,1.1639,1.16391,1.16357,1.16359,432.0
2026-03-11 03:45:00,PEPPERSTONE:EURUSD,1.1636,1.16365,1.16298,1.16304,482.0
2026-03-11 03:50:00,PEPPERSTONE:EURUSD,1.16304,1.16345,1.16304,1.16327,464.0
2026-03-11 03:55:00,PEPPERSTONE:EURUSD,1.16326,1.16344,1.16321,1.16335,476.0
2026-03-11 04:00:00,PEPPERSTONE:EURUSD,1.16332,1.16352,1.16298,1.16318,685.0
2026-03-11 04:05:00,PEPPERSTONE:EURUSD,1.16316,1.16324,1.16278,1.16311,807.0
2026-03-11 04:10:00,PEPPERSTONE:EURUSD,1.1631,1.16355,1.16278,1.16281,795.0
2026-03-11 04:15:00,PEPPERSTONE:EURUSD,1.16283,1.16452,1.16283,1.16322,1486.0
2026-03-11 04:20:00,PEPPERSTONE:EURUSD,1.16319,1.16319,1.1625,1.16272,1166.0
2026-03-11 04:25:00,PEPPERSTONE:EURUSD,1.16273,1.16304,1.16238,1.16302,861.0
2026-03-11 04:30:00,PEPPERSTONE:EURUSD,1.16304,1.16313,1.16233,1.16238,890.0
2026-03-11 04:35:00,PEPPERSTONE:EURUSD,1.16238,1.16268,1.16199,1.16208,956.0
2026-03-11 04:40:00,PEPPERSTONE:EURUSD,1.16209,1.1622,1.1615,1.16169,965.0
2026-03-11 04:45:00,PEPPERSTONE:EURUSD,1.16168,1.16217,1.16163,1.16217,952.0
2026-03-11 04:50:00,PEPPERSTONE:EURUSD,1.16216,1.16225,1.16181,1.16185,1026.0
2026-03-11 04:55:00,PEPPERSTONE:EURUSD,1.16178,1.16182,1.16135,1.16171,941.0
2026-03-11 05:00:00,PEPPERSTONE:EURUSD,1.16174,1.16182,1.1615,1.16172,1000.0
2026-03-11 05:05:00,PEPPERSTONE:EURUSD,1.16173,1.16178,1.16131,1.16161,883.0
2026-03-11 05:10:00,PEPPERSTONE:EURUSD,1.16159,1.16213,1.16155,1.16206,756.0
2026-03-11 05:15:00,PEPPERSTONE:EURUSD,1.16205,1.16205,1.16135,1.16138,735.0
2026-03-11 05:20:00,PEPPERSTONE:EURUSD,1.16137,1.16169,1.16116,1.16151,910.0
2026-03-11 05:25:00,PEPPERSTONE:EURUSD,1.16149,1.16158,1.16106,1.16145,811.0
2026-03-11 05:30:00,PEPPERSTONE:EURUSD,1.16149,1.16167,1.16133,1.1614,676.0
2026-03-11 05:35:00,PEPPERSTONE:EURUSD,1.16139,1.16143,1.16096,1.16102,737.0
2026-03-11 05:40:00,PEPPERSTONE:EURUSD,1.16101,1.16127,1.16067,1.16067,882.0
2026-03-11 05:45:00,PEPPERSTONE:EURUSD,1.16065,1.16076,1.16043,1.16055,855.0
2026-03-11 05:50:00,PEPPERSTONE:EURUSD,1.16055,1.16083,1.16041,1.16072,916.0
2026-03-11 05:55:00,PEPPERSTONE:EURUSD,1.16071,1.16135,1.16037,1.16127,1336.0
2026-03-11 06:00:00,PEPPERSTONE:EURUSD,1.16132,1.16139,1.15906,1.15949,1321.0
2026-03-11 06:05:00,PEPPERSTONE:EURUSD,1.15948,1.16034,1.15913,1.1603,1212.0
2026-03-11 06:10:00,PEPPERSTONE:EURUSD,1.16032,1.16056,1.16002,1.16019,1160.0
2026-03-11 06:15:00,PEPPERSTONE:EURUSD,1.16017,1.16033,1.15962,1.15963,988.0
2026-03-11 06:20:00,PEPPERSTONE:EURUSD,1.15961,1.15991,1.15936,1.1597,905.0
2026-03-11 06:25:00,PEPPERSTONE:EURUSD,1.15972,1.15976,1.15913,1.15927,1148.0
2026-03-11 06:30:00,PEPPERSTONE:EURUSD,1.15925,1.16018,1.15921,1.15984,902.0
2026-03-11 06:35:00,PEPPERSTONE:EURUSD,1.15985,1.15998,1.15937,1.15975,886.0
2026-03-11 06:40:00,PEPPERSTONE:EURUSD,1.15971,1.15992,1.15941,1.15951,780.0
2026-03-11 06:45:00,PEPPERSTONE:EURUSD,1.15949,1.15967,1.15943,1.15954,847.0
2026-03-11 06:50:00,PEPPERSTONE:EURUSD,1.15953,1.15957,1.15905,1.15918,950.0
2026-03-11 06:55:00,PEPPERSTONE:EURUSD,1.15919,1.15941,1.15901,1.15922,1232.0
2026-03-11 07:00:00,PEPPERSTONE:EURUSD,1.15923,1.15983,1.15911,1.15979,912.0
2026-03-11 07:05:00,PEPPERSTONE:EURUSD,1.15981,1.16002,1.15968,1.16001,773.0
2026-03-11 07:10:00,PEPPERSTONE:EURUSD,1.16,1.16018,1.1597,1.16015,880.0
2026-03-11 07:15:00,PEPPERSTONE:EURUSD,1.16013,1.16044,1.16011,1.16039,759.0
2026-03-11 07:20:00,PEPPERSTONE:EURUSD,1.1604,1.16053,1.16012,1.16021,890.0
2026-03-11 07:25:00,PEPPERSTONE:EURUSD,1.1602,1.16051,1.16019,1.1604,636.0
2026-03-11 07:30:00,PEPPERSTONE:EURUSD,1.16039,1.16082,1.16022,1.16073,751.0
2026-03-11 07:35:00,PEPPERSTONE:EURUSD,1.16072,1.16083,1.16046,1.16074,723.0
2026-03-11 07:40:00,PEPPERSTONE:EURUSD,1.16072,1.16118,1.16058,1.161,847.0
2026-03-11 07:45:00,PEPPERSTONE:EURUSD,1.16101,1.16113,1.16066,1.16069,711.0
2026-03-11 07:50:00,PEPPERSTONE:EURUSD,1.1607,1.16087,1.16051,1.16085,805.0
2026-03-11 07:55:00,PEPPERSTONE:EURUSD,1.16086,1.16089,1.16065,1.1607,610.0
2026-03-11 08:00:00,PEPPERSTONE:EURUSD,1.16068,1.16096,1.16048,1.16056,700.0
2026-03-11 08:05:00,PEPPERSTONE:EURUSD,1.16055,1.16069,1.16035,1.16042,745.0
2026-03-11 08:10:00,PEPPERSTONE:EURUSD,1.16041,1.16077,1.16031,1.16074,808.0
2026-03-11 08:15:00,PEPPERSTONE:EURUSD,1.16075,1.16106,1.16021,1.16024,767.0
2026-03-11 08:20:00,PEPPERSTONE:EURUSD,1.16024,1.16063,1.16007,1.16059,689.0
2026-03-11 08:25:00,PEPPERSTONE:EURUSD,1.16058,1.16066,1.16021,1.16022,693.0
2026-03-11 08:30:00,PEPPERSTONE:EURUSD,1.16021,1.16046,1.16005,1.16015,739.0
2026-03-11 08:35:00,PEPPERSTONE:EURUSD,1.16016,1.16044,1.16016,1.16025,667.0
2026-03-11 08:40:00,PEPPERSTONE:EURUSD,1.16023,1.16048,1.15999,1.16025,658.0
2026-03-11 08:45:00,PEPPERSTONE:EURUSD,1.16027,1.16032,1.1595,1.15997,964.0
2026-03-11 08:50:00,PEPPERSTONE:EURUSD,1.15994,1.16094,1.15987,1.16008,1267.0
2026-03-11 08:55:00,PEPPERSTONE:EURUSD,1.1601,1.16011,1.15945,1.15947,1042.0
2026-03-11 09:00:00,PEPPERSTONE:EURUSD,1.15943,1.15975,1.1593,1.15952,1152.0
2026-03-11 09:05:00,PEPPERSTONE:EURUSD,1.1595,1.15978,1.15932,1.15947,1099.0
2026-03-11 09:10:00,PEPPERSTONE:EURUSD,1.15946,1.15967,1.15933,1.15943,908.0
2026-03-11 09:15:00,PEPPERSTONE:EURUSD,1.15943,1.16012,1.15939,1.15982,975.0
2026-03-11 09:20:00,PEPPERSTONE:EURUSD,1.1598,1.16,1.15953,1.15983,1020.0
2026-03-11 09:25:00,PEPPERSTONE:EURUSD,1.15982,1.16022,1.15959,1.16006,940.0
2026-03-11 09:30:00,PEPPERSTONE:EURUSD,1.16006,1.16055,1.15872,1.15886,1532.0
2026-03-11 09:35:00,PEPPERSTONE:EURUSD,1.15885,1.15975,1.15871,1.15972,1425.0
2026-03-11 09:40:00,PEPPERSTONE:EURUSD,1.1597,1.15975,1.15899,1.15911,1320.0
2026-03-11 09:45:00,PEPPERSTONE:EURUSD,1.15908,1.15909,1.15838,1.15862,1376.0
2026-03-11 09:50:00,PEPPERSTONE:EURUSD,1.15861,1.15868,1.15775,1.15811,1295.0
2026-03-11 09:55:00,PEPPERSTONE:EURUSD,1.1581,1.15843,1.15794,1.15826,1323.0
2026-03-11 10:00:00,PEPPERSTONE:EURUSD,1.15824,1.15899,1.15815,1.15834,1392.0
2026-03-11 10:05:00,PEPPERSTONE:EURUSD,1.15834,1.15867,1.15792,1.15807,1234.0
2026-03-11 10:10:00,PEPPERSTONE:EURUSD,1.15808,1.15853,1.15787,1.15848,1063.0
2026-03-11 10:15:00,PEPPERSTONE:EURUSD,1.15846,1.15888,1.15834,1.15869,967.0
2026-03-11 10:20:00,PEPPERSTONE:EURUSD,1.15869,1.15906,1.15855,1.15906,846.0
2026-03-11 10:25:00,PEPPERSTONE:EURUSD,1.15905,1.15919,1.15853,1.15881,827.0
2026-03-11 10:30:00,PEPPERSTONE:EURUSD,1.1588,1.15882,1.15816,1.15841,1187.0
2026-03-11 10:35:00,PEPPERSTONE:EURUSD,1.15843,1.15903,1.15825,1.15873,1246.0
2026-03-11 10:40:00,PEPPERSTONE:EURUSD,1.15871,1.15896,1.1581,1.15828,1099.0
2026-03-11 10:45:00,PEPPERSTONE:EURUSD,1.15822,1.15831,1.1578,1.15827,1001.0
2026-03-11 10:50:00,PEPPERSTONE:EURUSD,1.15828,1.15878,1.15806,1.15858,1152.0
2026-03-11 10:55:00,PEPPERSTONE:EURUSD,1.15859,1.15933,1.15849,1.15919,1162.0
2026-03-11 11:00:00,PEPPERSTONE:EURUSD,1.15916,1.16126,1.15858,1.15959,2097.0
2026-03-11 11:05:00,PEPPERSTONE:EURUSD,1.15959,1.16043,1.15908,1.15965,1907.0
2026-03-11 11:10:00,PEPPERSTONE:EURUSD,1.15967,1.1599,1.15925,1.1597,1685.0
2026-03-11 11:15:00,PEPPERSTONE:EURUSD,1.15971,1.15998,1.15932,1.15943,1587.0
2026-03-11 11:20:00,PEPPERSTONE:EURUSD,1.15944,1.15954,1.15893,1.15913,1467.0
2026-03-11 11:25:00,PEPPERSTONE:EURUSD,1.15914,1.15939,1.1588,1.15929,1311.0
2026-03-11 11:30:00,PEPPERSTONE:EURUSD,1.1593,1.15971,1.15859,1.15882,1530.0
2026-03-11 11:35:00,PEPPERSTONE:EURUSD,1.1588,1.15909,1.1585,1.15883,1251.0
2026-03-11 11:40:00,PEPPERSTONE:EURUSD,1.15882,1.15896,1.15831,1.15869,1281.0
2026-03-11 11:45:00,PEPPERSTONE:EURUSD,1.15871,1.15934,1.1585,1.15898,1141.0
2026-03-11 11:50:00,PEPPERSTONE:EURUSD,1.15899,1.15947,1.1585,1.15872,1240.0
2026-03-11 11:55:00,PEPPERSTONE:EURUSD,1.15871,1.15876,1.1581,1.15819,1215.0
2026-03-11 12:00:00,PEPPERSTONE:EURUSD,1.15817,1.15844,1.15765,1.158,1238.0
2026-03-11 12:05:00,PEPPERSTONE:EURUSD,1.15802,1.15807,1.15767,1.15789,1166.0
2026-03-11 12:10:00,PEPPERSTONE:EURUSD,1.15786,1.15798,1.15764,1.15767,1139.0
2026-03-11 12:15:00,PEPPERSTONE:EURUSD,1.15763,1.1578,1.15757,1.15766,817.0
2026-03-11 12:20:00,PEPPERSTONE:EURUSD,1.15767,1.15787,1.1575,1.15764,904.0
2026-03-11 12:25:00,PEPPERSTONE:EURUSD,1.15767,1.15777,1.15741,1.15746,835.0
2026-03-11 12:30:00,PEPPERSTONE:EURUSD,1.15747,1.15763,1.15715,1.15752,936.0
2026-03-11 12:35:00,PEPPERSTONE:EURUSD,1.15751,1.15765,1.1571,1.15715,1071.0
2026-03-11 12:40:00,PEPPERSTONE:EURUSD,1.15716,1.15723,1.15699,1.15714,858.0
2026-03-11 12:45:00,PEPPERSTONE:EURUSD,1.15712,1.15714,1.15679,1.15683,933.0
2026-03-11 12:50:00,PEPPERSTONE:EURUSD,1.15684,1.15749,1.1568,1.15728,931.0
2026-03-11 12:55:00,PEPPERSTONE:EURUSD,1.15725,1.15728,1.15656,1.15663,973.0
2026-03-11 13:00:00,PEPPERSTONE:EURUSD,1.15662,1.15689,1.15651,1.15662,1006.0
2026-03-11 13:05:00,PEPPERSTONE:EURUSD,1.15661,1.15673,1.15632,1.15638,953.0
2026-03-11 13:10:00,PEPPERSTONE:EURUSD,1.15637,1.15716,1.15632,1.15715,1032.0
2026-03-11 13:15:00,PEPPERSTONE:EURUSD,1.15716,1.15726,1.15677,1.15706,886.0
2026-03-11 13:20:00,PEPPERSTONE:EURUSD,1.15708,1.15752,1.15708,1.15725,984.0
2026-03-11 13:25:00,PEPPERSTONE:EURUSD,1.15727,1.15729,1.15684,1.15702,889.0
2026-03-11 13:30:00,PEPPERSTONE:EURUSD,1.15703,1.15765,1.15698,1.15751,964.0
2026-03-11 13:35:00,PEPPERSTONE:EURUSD,1.15752,1.15756,1.15691,1.15693,757.0
2026-03-11 13:40:00,PEPPERSTONE:EURUSD,1.15695,1.15718,1.1569,1.15696,908.0
2026-03-11 13:45:00,PEPPERSTONE:EURUSD,1.15695,1.15715,1.1568,1.15685,727.0
2026-03-11 13:50:00,PEPPERSTONE:EURUSD,1.15688,1.15707,1.15685,1.15701,737.0
2026-03-11 13:55:00,PEPPERSTONE:EURUSD,1.15702,1.15718,1.15692,1.1571,606.0
2026-03-11 14:00:00,PEPPERSTONE:EURUSD,1.15711,1.15727,1.15692,1.15725,705.0
2026-03-11 14:05:00,PEPPERSTONE:EURUSD,1.15726,1.15753,1.15723,1.15741,715.0
2026-03-11 14:10:00,PEPPERSTONE:EURUSD,1.1574,1.15764,1.15723,1.15749,563.0
2026-03-11 14:15:00,PEPPERSTONE:EURUSD,1.1575,1.1576,1.15716,1.15723,572.0
2026-03-11 14:20:00,PEPPERSTONE:EURUSD,1.15724,1.15748,1.15696,1.15725,875.0
2026-03-11 14:25:00,PEPPERSTONE:EURUSD,1.15726,1.15755,1.15726,1.15755,929.0
2026-03-11 14:30:00,PEPPERSTONE:EURUSD,1.15758,1.15764,1.15722,1.15739,731.0
2026-03-11 14:35:00,PEPPERSTONE:EURUSD,1.15742,1.15751,1.15609,1.1567,1352.0
2026-03-11 14:40:00,PEPPERSTONE:EURUSD,1.15671,1.15692,1.15655,1.15676,1367.0
2026-03-11 14:45:00,PEPPERSTONE:EURUSD,1.15675,1.15688,1.15658,1.1568,1003.0
2026-03-11 14:50:00,PEPPERSTONE:EURUSD,1.15679,1.15726,1.15677,1.157,1007.0
2026-03-11 14:55:00,PEPPERSTONE:EURUSD,1.15699,1.15719,1.15662,1.15714,840.0
2026-03-11 15:00:00,PEPPERSTONE:EURUSD,1.15713,1.15719,1.15697,1.15702,733.0
2026-03-11 15:05:00,PEPPERSTONE:EURUSD,1.15699,1.15709,1.15662,1.15664,861.0
2026-03-11 15:10:00,PEPPERSTONE:EURUSD,1.15665,1.15699,1.15643,1.15697,813.0
2026-03-11 15:15:00,PEPPERSTONE:EURUSD,1.15696,1.15723,1.15688,1.15721,982.0
2026-03-11 15:20:00,PEPPERSTONE:EURUSD,1.15721,1.15737,1.15705,1.15729,704.0
2026-03-11 15:25:00,PEPPERSTONE:EURUSD,1.15726,1.15741,1.15708,1.15722,794.0
2026-03-11 15:30:00,PEPPERSTONE:EURUSD,1.1572,1.15735,1.15704,1.15729,767.0
2026-03-11 15:35:00,PEPPERSTONE:EURUSD,1.15727,1.15736,1.15723,1.15729,515.0
2026-03-11 15:40:00,PEPPERSTONE:EURUSD,1.1573,1.15738,1.15719,1.15723,404.0
2026-03-11 15:45:00,PEPPERSTONE:EURUSD,1.15722,1.15731,1.15705,1.15707,612.0
2026-03-11 15:50:00,PEPPERSTONE:EURUSD,1.15708,1.15732,1.15699,1.1573,574.0
2026-03-11 15:55:00,PEPPERSTONE:EURUSD,1.15727,1.15745,1.15695,1.15716,629.0
2026-03-11 16:00:00,PEPPERSTONE:EURUSD,1.15717,1.15719,1.15684,1.15691,479.0
2026-03-11 16:05:00,PEPPERSTONE:EURUSD,1.1569,1.15703,1.15681,1.15701,406.0
2026-03-11 16:10:00,PEPPERSTONE:EURUSD,1.15702,1.15714,1.15695,1.15698,455.0
2026-03-11 16:15:00,PEPPERSTONE:EURUSD,1.15698,1.15716,1.15686,1.1571,480.0
2026-03-11 16:20:00,PEPPERSTONE:EURUSD,1.15711,1.15715,1.15699,1.15711,388.0
2026-03-11 16:25:00,PEPPERSTONE:EURUSD,1.1571,1.1573,1.15687,1.157,573.0
2026-03-11 16:30:00,PEPPERSTONE:EURUSD,1.15701,1.15721,1.15698,1.15716,401.0
2026-03-11 16:35:00,PEPPERSTONE:EURUSD,1.15717,1.1572,1.15693,1.15718,500.0
2026-03-11 16:40:00,PEPPERSTONE:EURUSD,1.15717,1.15725,1.15715,1.15724,345.0
2026-03-11 16:45:00,PEPPERSTONE:EURUSD,1.15725,1.15733,1.1571,1.1573,375.0
2026-03-11 16:50:00,PEPPERSTONE:EURUSD,1.15731,1.15763,1.15725,1.15757,382.0
2026-03-11 16:55:00,PEPPERSTONE:EURUSD,1.15758,1.15763,1.15728,1.15731,513.0
2026-03-11 17:00:00,PEPPERSTONE:EURUSD,1.15733,1.15734,1.15699,1.15709,361.0
2026-03-11 17:05:00,PEPPERSTONE:EURUSD,1.15708,1.15717,1.15694,1.15717,272.0
2026-03-11 17:10:00,PEPPERSTONE:EURUSD,1.15718,1.15727,1.15718,1.15721,220.0
2026-03-11 17:15:00,PEPPERSTONE:EURUSD,1.1572,1.15721,1.15706,1.15708,196.0
2026-03-11 17:20:00,PEPPERSTONE:EURUSD,1.15706,1.15718,1.15702,1.15715,251.0
2026-03-11 17:25:00,PEPPERSTONE:EURUSD,1.15716,1.15717,1.15702,1.15702,181.0
2026-03-11 17:30:00,PEPPERSTONE:EURUSD,1.15701,1.15713,1.15697,1.15698,179.0
2026-03-11 17:35:00,PEPPERSTONE:EURUSD,1.15697,1.15697,1.15669,1.15676,243.0
2026-03-11 17:40:00,PEPPERSTONE:EURUSD,1.15676,1.15677,1.15662,1.15664,175.0
2026-03-11 17:45:00,PEPPERSTONE:EURUSD,1.15663,1.15663,1.15649,1.15652,224.0
2026-03-11 17:50:00,PEPPERSTONE:EURUSD,1.15651,1.15664,1.15649,1.15655,240.0
2026-03-11 17:55:00,PEPPERSTONE:EURUSD,1.15655,1.15672,1.15655,1.1567,277.0
2026-03-11 18:00:00,PEPPERSTONE:EURUSD,1.15655,1.15664,1.15655,1.15662,15.0
2026-03-11 18:05:00,PEPPERSTONE:EURUSD,1.15662,1.15663,1.15661,1.15663,26.0
2026-03-11 18:10:00,PEPPERSTONE:EURUSD,1.15668,1.157,1.15668,1.1569,112.0
2026-03-11 18:15:00,PEPPERSTONE:EURUSD,1.15691,1.1571,1.15646,1.15673,234.0
2026-03-11 18:20:00,PEPPERSTONE:EURUSD,1.15672,1.15675,1.15647,1.15654,86.0
2026-03-11 18:25:00,PEPPERSTONE:EURUSD,1.15654,1.15663,1.15642,1.15653,199.0
2026-03-11 18:30:00,PEPPERSTONE:EURUSD,1.15652,1.15661,1.15645,1.1566,56.0
2026-03-11 18:35:00,PEPPERSTONE:EURUSD,1.15659,1.1566,1.15659,1.1566,11.0
2026-03-11 18:40:00,PEPPERSTONE:EURUSD,1.15659,1.15668,1.15659,1.1566,84.0
2026-03-11 18:45:00,PEPPERSTONE:EURUSD,1.15661,1.15661,1.15655,1.15657,86.0
2026-03-11 18:50:00,PEPPERSTONE:EURUSD,1.15657,1.15659,1.1565,1.15655,107.0
2026-03-11 18:55:00,PEPPERSTONE:EURUSD,1.15654,1.15727,1.15648,1.15724,422.0
2026-03-11 19:00:00,PEPPERSTONE:EURUSD,1.15729,1.15738,1.1568,1.15686,410.0
2026-03-11 19:05:00,PEPPERSTONE:EURUSD,1.15683,1.15684,1.15666,1.1567,466.0
2026-03-11 19:10:00,PEPPERSTONE:EURUSD,1.1567,1.15692,1.1567,1.15682,282.0
2026-03-11 19:15:00,PEPPERSTONE:EURUSD,1.15682,1.1569,1.15672,1.1568,266.0
2026-03-11 19:20:00,PEPPERSTONE:EURUSD,1.1568,1.1568,1.15651,1.15651,389.0
2026-03-11 19:25:00,PEPPERSTONE:EURUSD,1.15652,1.15655,1.15599,1.1561,719.0
2026-03-11 19:30:00,PEPPERSTONE:EURUSD,1.1561,1.15615,1.15564,1.15564,450.0
2026-03-11 19:35:00,PEPPERSTONE:EURUSD,1.15564,1.15589,1.15552,1.15558,554.0
2026-03-11 19:40:00,PEPPERSTONE:EURUSD,1.15558,1.1556,1.15511,1.15511,504.0
2026-03-11 19:45:00,PEPPERSTONE:EURUSD,1.15512,1.15542,1.1551,1.15521,395.0
2026-03-11 19:50:00,PEPPERSTONE:EURUSD,1.1552,1.15521,1.15504,1.15509,346.0
2026-03-11 19:55:00,PEPPERSTONE:EURUSD,1.1551,1.15513,1.15496,1.15501,406.0
2026-03-11 20:00:00,PEPPERSTONE:EURUSD,1.15503,1.15538,1.1548,1.15497,719.0
2026-03-11 20:05:00,PEPPERSTONE:EURUSD,1.15496,1.15523,1.15482,1.15483,648.0
2026-03-11 20:10:00,PEPPERSTONE:EURUSD,1.15484,1.15498,1.15479,1.15492,542.0
2026-03-11 20:15:00,PEPPERSTONE:EURUSD,1.15495,1.15498,1.15457,1.1546,490.0
2026-03-11 20:20:00,PEPPERSTONE:EURUSD,1.15458,1.1548,1.15453,1.15461,452.0
2026-03-11 20:25:00,PEPPERSTONE:EURUSD,1.15462,1.15479,1.1545,1.15452,424.0
2026-03-11 20:30:00,PEPPERSTONE:EURUSD,1.15451,1.15452,1.15419,1.1542,526.0
2026-03-11 20:35:00,PEPPERSTONE:EURUSD,1.15419,1.15444,1.1541,1.15413,529.0
2026-03-11 20:40:00,PEPPERSTONE:EURUSD,1.15414,1.15422,1.154,1.15421,421.0
2026-03-11 20:45:00,PEPPERSTONE:EURUSD,1.1542,1.15429,1.154,1.15404,454.0
2026-03-11 20:50:00,PEPPERSTONE:EURUSD,1.15405,1.15437,1.15399,1.15437,427.0
2026-03-11 20:55:00,PEPPERSTONE:EURUSD,1.15436,1.15436,1.15406,1.15427,445.0
2026-03-11 21:00:00,PEPPERSTONE:EURUSD,1.15427,1.15432,1.1541,1.15411,96.0
